NU_ANO_CENSO,NO_REGIAO_IES,CO_REGIAO_IES,NO_UF_IES,SG_UF_IES,CO_UF_IES,NO_MUNICIPIO_IES,CO_MUNICIPIO_IES,IN_CAPITAL_IES,NO_MESORREGIAO_IES,CO_MESORREGIAO_IES,NO_MICRORREGIAO_IES,CO_MICRORREGIAO_IES,TP_ORGANIZACAO_ACADEMICA,TP_CATEGORIA_ADMINISTRATIVA,NO_MANTENEDORA,CO_MANTENEDORA,CO_IES,NO_IES,SG_IES,DS_ENDERECO_IES,DS_NUMERO_ENDERECO_IES,DS_COMPLEMENTO_ENDERECO_IES,NO_BAIRRO_IES,NU_CEP_IES,QT_TEC_TOTAL,QT_TEC_FUNDAMENTAL_INCOMP_FEM,QT_TEC_FUNDAMENTAL_INCOMP_MASC,QT_TEC_FUNDAMENTAL_COMP_FEM,QT_TEC_FUNDAMENTAL_COMP_MASC,QT_TEC_MEDIO_FEM,QT_TEC_MEDIO_MASC,QT_TEC_SUPERIOR_FEM,QT_TEC_SUPERIOR_MASC,QT_TEC_ESPECIALIZACAO_FEM,QT_TEC_ESPECIALIZACAO_MASC,QT_TEC_MESTRADO_FEM,QT_TEC_MESTRADO_MASC,QT_TEC_DOUTORADO_FEM,QT_TEC_DOUTORADO_MASC,IN_ACESSO_PORTAL_CAPES,IN_ACESSO_OUTRAS_BASES,IN_ASSINA_OUTRA_BASE,IN_REPOSITORIO_INSTITUCIONAL,IN_BUSCA_INTEGRADA,IN_SERVICO_INTERNET,IN_PARTICIPA_REDE_SOCIAL,IN_CATALOGO_ONLINE,QT_PERIODICO_ELETRONICO,QT_LIVRO_ELETRONICO,QT_DOC_TOTAL,QT_DOC_EXE,QT_DOC_EX_FEMI,QT_DOC_EX_MASC,QT_DOC_EX_SEM_GRAD,QT_DOC_EX_GRAD,QT_DOC_EX_ESP,QT_DOC_EX_MEST,QT_DOC_EX_DOUT,QT_DOC_EX_INT,QT_DOC_EX_INT_DE,QT_DOC_EX_INT_SEM_DE,QT_DOC_EX_PARC,QT_DOC_EX_HOR,QT_DOC_EX_0_29,QT_DOC_EX_30_34,QT_DOC_EX_35_39,QT_DOC_EX_40_44,QT_DOC_EX_45_49,QT_DOC_EX_50_54,QT_DOC_EX_55_59,QT_DOC_EX_60_MAIS,QT_DOC_EX_BRANCA,QT_DOC_EX_PRETA,QT_DOC_EX_PARDA,QT_DOC_EX_AMARELA,QT_DOC_EX_INDIGENA,QT_DOC_EX_COR_ND,QT_DOC_EX_BRA,QT_DOC_EX_EST,QT_DOC_EX_COM_DEFICIENCIA
2022,Sudeste,3,Minas Gerais,MG,31,Ouro Preto,3146107,0,Metropolitana de Belo Horizonte,7,Ouro Preto,33,1,1,UNIVERSIDADE FEDERAL DE OURO PRETO,6,6,UNIVERSIDADE FEDERAL DE OURO PRETO,UFOP,Rua Diogo de Vasconcelos,122,-,Centro,35400000.0,677,3,20,1,10,47,16,37,75,92,114,115,93,31,23,1,0,1,1,1,1,1,1,29968,28762,905,836,336,500,0,3,14,76,743,830,778,52,6,0,1,40,182,195,134,102,108,74,408,23,148,5,2,250,834,2,2
2022,Sudeste,3,São Paulo,SP,35,São Carlos,3548906,0,Araraquara,5,São Carlos,25,1,1,FUNDACAO UNIVERSIDADE FEDERAL DE SAO CARLOS,1302,7,UNIVERSIDADE FEDERAL DE SÃO CARLOS,UFSCAR,Via Washington  Luis,Km 235,S/Nº,Monjolinho,13565905.0,948,13,21,8,10,7,47,68,83,162,148,147,112,69,53,1,0,1,1,0,1,1,1,49000,461889,1353,1353,606,747,0,1,3,48,1301,1298,1272,26,55,0,2,50,163,282,229,203,180,244,788,13,76,29,2,445,1324,29,8
2022,Sudeste,3,Minas Gerais,MG,31,Viçosa,3171303,0,Zona da Mata,12,Viçosa,62,1,1,UNIVERSIDADE FEDERAL DE VICOSA,15588,8,UNIVERSIDADE FEDERAL DE VIÇOSA,UFV,Av. P.H. Rolfs,s/n,Campus Universitário,Campus Universitário,36570000.0,2002,8,88,0,25,16,264,107,170,313,488,210,183,73,57,1,0,1,1,0,1,1,1,0,84982,1307,1307,533,774,0,12,23,126,1146,1254,1171,83,53,0,36,112,232,281,189,116,173,168,443,27,106,6,2,723,1282,25,0
2022,Sudeste,3,Rio de Janeiro,RJ,33,Petrópolis,3303906,0,Metropolitana do Rio de Janeiro,6,Serrana,15,1,5,ASSOCIACAO FACULDADES CATOLICAS PETROPOLITANAS,15046,15,UNIVERSIDADE CATÓLICA DE PETRÓPOLIS,UCP,Rua Benjamin Constant,213,-,Centro,25610130.0,242,4,14,9,29,58,58,33,22,7,2,2,3,1,0,1,0,0,0,1,1,0,1,0,27262,167,167,65,102,0,0,4,91,72,55,0,55,37,75,0,5,25,29,32,21,21,34,150,3,14,0,0,0,164,3,3
2022,Sudeste,3,Minas Gerais,MG,31,Uberlândia,3170206,0,Triângulo Mineiro/Alto Paranaíba,5,Uberlândia,18,1,1,UNIVERSIDADE FEDERAL DE UBERLANDIA,9140,17,UNIVERSIDADE FEDERAL DE UBERLÂNDIA,UFU,Avenida João Naves de Ávila,2121,-,Santa Mônica,38400902.0,2006,4,32,6,18,183,173,182,153,372,325,232,166,97,63,1,0,1,1,1,1,1,1,409,467356,1913,1855,805,1050,0,12,17,119,1707,1836,1667,169,19,0,26,107,292,402,344,252,224,208,1461,46,214,37,1,96,1827,28,17
2022,Sudeste,3,São Paulo,SP,35,Campinas,3509502,0,Campinas,7,Campinas,32,1,5,SOCIEDADE CAMPINEIRA DE EDUCACAO E INSTRUCAO,19,19,PONTIFÍCIA UNIVERSIDADE CATÓLICA DE CAMPINAS,PUC-CAMPINAS,Rua Professor Doutor Euryclides de Jesus Zerbini,1516,Gleba 1 - QT. 06422 (PUC - Dom Pedro),Parque Rural Fazenda Santa Cândida,13087571.0,711,5,8,5,4,159,133,205,118,42,17,3,10,1,1,1,0,1,1,1,1,1,1,1527,21860,794,777,366,411,0,0,110,237,430,267,0,267,173,337,8,34,86,120,103,126,97,203,361,1,3,2,0,410,769,8,2
2022,Sudeste,3,São Paulo,SP,35,São Paulo,3550308,1,Metropolitana de São Paulo,15,São Paulo,61,1,5,INSTITUTO PRESBITERIANO MACKENZIE,22,22,UNIVERSIDADE PRESBITERIANA MACKENZIE,MACKENZIE,Rua da Consolação,896,Campus São Paulo,Consolação,1302907.0,2156,13,41,24,42,460,526,389,258,195,93,39,53,6,17,1,0,1,1,0,1,1,1,84973,29672,1094,1094,410,684,0,0,7,295,792,474,0,474,422,198,6,48,83,147,187,168,185,270,923,16,110,39,1,5,1060,34,27
2022,Sudeste,3,Rio de Janeiro,RJ,33,Rio de Janeiro,3304557,1,Metropolitana do Rio de Janeiro,6,Rio de Janeiro,18,3,1,FUNDACAO INSTIT BRAS DE GEOGRAFIA E ESTATISTICA IBGE,26,26,ESCOLA NACIONAL DE CIÊNCIAS ESTATÍSTICAS,ENCE,Rua André Cavalcanti,106,-,Santa Teresa,20231050.0,80,0,0,0,0,1,6,3,1,11,7,5,8,19,19,1,0,0,1,1,1,0,1,44,1,35,35,16,19,0,0,0,5,30,35,0,35,0,0,0,1,7,6,7,4,5,5,21,1,5,1,1,6,35,0,1
2022,Sudeste,3,Minas Gerais,MG,31,Três Corações,3169307,0,Sul/Sudoeste de Minas,10,Varginha,50,2,5,FUNDACAO COMUNITARIA TRICORDIANA DE EDUCACAO,27,27,Centro Universitário Vale do Rio Verde,,Avenida Castelo Branco,82,-,Chacara das Rosas,37417150.0,83,3,4,2,3,21,12,16,7,8,3,2,1,0,1,1,0,0,1,0,1,0,1,0,12979,190,186,79,107,0,0,41,98,47,49,0,49,74,63,12,27,28,37,35,18,18,11,131,4,48,1,0,2,186,0,0
2022,Sudeste,3,Minas Gerais,MG,31,Alfenas,3101607,0,Sul/Sudoeste de Minas,10,Alfenas,49,1,5,FUNDACAO DE ENSINO E TECNOLOGIA DE ALFENAS,30,30,Professor Edson Antônio Velano,UNIFENAS,Rod Rodovia MG-179,s/n,Campus Universitário,Loteamento Trevo,37132440.0,668,2,9,13,37,148,167,87,72,50,39,14,15,7,8,1,0,1,1,1,1,0,1,0,12320,574,574,304,270,0,0,175,224,175,222,0,222,250,102,12,85,96,94,97,73,64,53,86,1,11,0,1,475,574,0,0
2022,Sudeste,3,São Paulo,SP,35,Sorocaba,3552205,0,Macro Metropolitana Paulista,12,Sorocaba,46,3,2,CENTRO ESTADUAL DE EDUCACAO TECNOLOGICA PAULA SOUZA,33,33,FACULDADE DE TECNOLOGIA DE SOROCABA,FATEC SO,AVENIDA ENGENHEIRO CARLOS REINALDO MENDES,2.015,-,ALTO DA BOA VISTA,18013280.0,55,1,1,0,1,5,2,18,18,3,2,0,3,0,1,0,0,0,1,1,1,0,0,0,0,150,150,40,110,0,0,32,67,51,48,14,34,44,58,0,3,5,17,13,24,28,60,106,3,4,1,0,36,150,0,1
2022,Sudeste,3,São Paulo,SP,35,São Paulo,3550308,1,Metropolitana de São Paulo,15,São Paulo,61,3,2,CENTRO ESTADUAL DE EDUCACAO TECNOLOGICA PAULA SOUZA,33,34,FACULDADE DE TECNOLOGIA DE SÃO PAULO,FATEC-SP,Praça Coronel Fernando Prestes,30,-,BOM RETIRO,1124060.0,70,0,1,2,1,26,8,19,9,3,1,0,0,0,0,0,0,0,1,1,1,0,1,77,0,418,415,177,238,0,7,87,182,139,25,21,4,211,179,1,2,17,38,50,57,83,167,337,5,15,33,0,25,413,2,1
2022,Sudeste,3,São Paulo,SP,35,Americana,3501608,0,Campinas,7,Campinas,32,3,2,CENTRO ESTADUAL DE EDUCACAO TECNOLOGICA PAULA SOUZA,33,35,FACULDADE DE TECNOLOGIA DE AMERICANA,FATEC-AM,Rua Emílio de Menezes,s/n,-,Vila Amorim,13469111.0,17,0,0,0,0,1,1,7,3,3,1,0,1,0,0,1,0,0,1,1,1,0,0,1,0,111,110,25,85,0,0,26,54,30,15,3,12,65,30,1,5,13,15,14,9,21,32,100,1,6,1,0,2,109,1,0
2022,Sudeste,3,São Paulo,SP,35,Santos,3548500,0,Metropolitana de São Paulo,15,Santos,63,3,2,CENTRO ESTADUAL DE EDUCACAO TECNOLOGICA PAULA SOUZA,33,36,FACULDADE DE TECNOLOGIA RUBENS LARA,FATEC-BS,Avenida Bartolomeu de Gusmão 110 Fatec - Faculdade de Tecnólogia da Baixada Santista,110,-,Aparecida,11045908.0,21,0,0,0,0,2,3,8,8,0,0,0,0,0,0,0,0,0,1,0,1,1,1,0,0,100,99,34,65,0,0,20,47,32,9,0,9,0,90,0,4,5,14,11,18,14,33,81,1,12,0,0,5,99,0,1
2022,Sudeste,3,São Paulo,SP,35,Jaú,3525300,0,Bauru,4,Jaú,21,3,2,CENTRO ESTADUAL DE EDUCACAO TECNOLOGICA PAULA SOUZA,33,37,FACULDADE DE TECNOLOGIA DE JAHU,FATEC-JAHU,Rua Frei Galvão,S/N,-,JARDIM PEDRO OMETTO,17212599.0,29,0,0,0,0,2,3,11,4,1,7,0,1,0,0,0,0,0,0,1,1,0,0,0,0,91,89,27,62,0,1,19,43,26,30,25,5,31,28,1,4,5,14,15,13,15,22,78,1,3,1,0,6,89,0,0
2022,Sudeste,3,São Paulo,SP,35,Campinas,3509502,0,Campinas,7,Campinas,32,1,2,UNIVERSIDADE ESTADUAL DE CAMPINAS,12575,54,UNIVERSIDADE ESTADUAL DE CAMPINAS,UNICAMP,Cidade Universitária,S/N,-,BARÃO GERALDO,13083970.0,3493,10,42,20,80,261,526,734,758,378,299,126,107,88,64,1,0,1,1,1,1,1,1,2872,775564,1809,1757,659,1098,3,8,4,18,1724,1600,1592,8,157,0,1,29,148,292,258,219,270,540,1494,25,65,40,4,129,1663,94,14
2022,Sudeste,3,São Paulo,SP,35,São Paulo,3550308,1,Metropolitana de São Paulo,15,São Paulo,61,1,2,UNIVERSIDADE DE SAO PAULO,15715,55,UNIVERSIDADE DE SÃO PAULO,USP,Rua da Reitoria,374,-,Butantã,5508220.0,9000,52,160,89,150,1531,1796,1466,1101,873,504,356,273,410,239,1,0,1,1,1,1,1,1,15299,544139,5887,5863,2305,3558,0,0,0,59,5804,5235,4699,536,628,0,18,163,397,637,821,865,1014,1948,5313,217,9,173,4,147,5590,273,0
2022,Sudeste,3,São Paulo,SP,35,São Paulo,3550308,1,Metropolitana de São Paulo,15,São Paulo,61,1,2,UNIVERSIDADE ESTADUAL PAULISTA JULIO DE MESQUITA FILHO,17109,56,UNIVERSIDADE ESTADUAL PAULISTA JÚLIO DE MESQUITA FILHO,UNESP,Rua Quirino de Andrade,215,-,Centro,1049010.0,3075,1,1,3,8,146,258,688,658,555,340,133,107,99,78,1,0,1,1,1,1,1,1,34,296777,2861,2845,1146,1699,0,9,0,21,2815,2710,2710,0,130,5,3,49,162,423,415,494,552,747,900,14,42,27,0,1862,2763,82,1
2022,Sudeste,3,São Paulo,SP,35,São Bernardo do Campo,3548708,0,Metropolitana de São Paulo,15,São Paulo,61,3,7,FACULDADE DE DIREITO DE SAO BERNARDO DO CAMPO,17532,58,FACULDADE DE DIREITO DE SÃO BERNARDO DO CAMPO,FDSBC,Rua Java,425,-,JARDIM DO MAR,9750650.0,114,0,1,0,0,3,16,39,21,20,8,0,2,2,2,0,0,1,0,0,1,0,1,36,0,53,52,22,30,0,0,1,11,40,4,0,4,25,23,0,1,5,5,20,6,8,7,42,2,1,1,0,6,52,0,0
2022,Sudeste,3,São Paulo,SP,35,Franca,3516200,0,Ribeirão Preto,2,Franca,12,3,3,FACULDADE DE DIREITO DE FRANCA,49,59,FACULDADE DE DIREITO DE FRANCA,FDF,Avenida Major Nicácio,2377,-,SÃO JOSÉ,14401135.0,28,0,0,0,0,5,4,6,12,0,0,0,0,1,0,1,0,1,0,1,1,1,0,2600,0,33,32,10,22,0,0,0,17,15,11,0,11,19,2,0,2,1,2,2,6,7,12,31,0,0,1,0,0,32,0,0
2022,Sudeste,3,São Paulo,SP,35,Franca,3516200,0,Ribeirão Preto,2,Franca,12,2,7,CENTRO UNIVERSITARIO MUNICIPAL DE FRANCA,2234,60,CENTRO UNIVERSITÁRIO MUNICIPAL DE FRANCA,UNI-FACEF,Avenida Major Nicácio,2433,-,SÃO JOSÉ,14401135.0,44,0,0,0,0,1,0,12,10,8,4,4,3,1,1,1,0,0,1,1,1,0,1,13,28455,204,194,102,92,0,0,46,89,59,49,13,36,54,91,6,10,31,25,31,30,18,43,183,1,3,0,0,7,194,0,0
2022,Sudeste,3,São Paulo,SP,35,Piracicaba,3538709,0,Piracicaba,6,Piracicaba,28,3,3,FUNDACAO MUNICIPAL DE ENSINO DE PIRACICABA,52,67,ESCOLA DE ENGENHARIA DE PIRACICABA,EEP/FUMEP,Avenida Monsenhor Martinho Salgot,560,-,Areião,13414040.0,53,0,0,1,0,0,4,15,13,11,7,1,0,0,1,0,0,1,0,1,1,1,1,23,18102,87,83,15,68,0,1,4,42,36,10,0,10,12,61,1,0,3,11,7,11,17,33,42,0,1,0,0,40,83,0,0
2022,Sudeste,3,São Paulo,SP,35,Penápolis,3537305,0,Araçatuba,3,Birigui,18,3,5,FUNDACAO EDUCACIONAL DE PENAPOLIS,53,68,FACULDADE DE FILOSOFIA CIÊNCIAS E LETRAS DE PENÁPOLIS,FAFIPE,AV SÃO JOSÉ,400,-,VILA MARTINS,16300000.0,68,0,1,4,0,9,13,25,8,4,1,1,1,0,1,1,0,1,1,0,1,1,1,341,12793,113,113,48,65,0,0,29,41,43,33,1,32,58,22,3,13,34,25,14,9,8,7,107,0,6,0,0,0,113,0,0
2022,Sudeste,3,São Paulo,SP,35,São José do Rio Pardo,3549706,0,Campinas,7,São João da Boa Vista,30,3,3,FACULDADE DE FILOS CIENC E LETRAS DE S J DO RIO PARDO,17227,74,FACULDADE DE FILOSOFIA CIÊNCIAS E LETRAS DE SÃO JOSÉ DO RIO PARDO,FFCL,Rua Jorge Tibiriça,451,-,CENTRO,13720000.0,16,0,1,0,0,4,0,3,6,2,0,0,0,0,0,0,0,0,0,0,1,0,1,120,0,33,29,11,18,0,0,14,7,8,0,0,0,0,29,3,4,5,2,5,2,4,4,24,2,0,0,0,3,29,0,0
2022,Sudeste,3,Rio de Janeiro,RJ,33,Cabo Frio,3300704,0,Baixadas,4,Lagos,10,3,5,FUNDACAO EDUCACIONAL DA REGIAO DOS LAGOS,61,77,FACULDADE DA REGIÃO DOS LAGOS,FERLAGOS,Avenida Professora Júlia Kubitschek,80,-,JARDIM FLAMBOYANT,28905000.0,10,0,0,0,3,0,0,3,2,1,1,0,0,0,0,0,0,1,1,1,1,1,1,726,15231,27,21,15,6,0,0,1,14,6,8,0,8,13,0,1,4,4,7,1,1,2,1,5,0,13,0,0,3,21,0,0
2022,Sudeste,3,Espírito Santo,ES,32,Alegre,3200201,0,Sul Espírito-santense,4,Alegre,11,3,3,PREFEITURA MUNICIPAL DE ALEGRE,62,78,FACULDADE DE FILOSOFIA CIÊNCIAS E LETRAS DE ALEGRE,FAFIA,Rua Belo Amorim,100,-,Centro,29500000.0,15,0,0,1,1,3,2,2,0,3,3,0,0,0,0,0,0,0,0,0,0,1,0,0,0,26,26,15,11,0,0,13,13,0,9,0,9,12,5,1,3,4,4,3,3,4,4,16,0,6,4,0,0,26,0,0
2022,Sudeste,3,São Paulo,SP,35,Catanduva,3511102,0,São José do Rio Preto,1,Catanduva,5,3,3,INSTITUTO MUNICIPAL DE ENSINO SUPERIOR DE CATANDUVA,63,79,INSTITUTO MUNICIPAL DE ENSINO SUPERIOR DE CATANDUVA,IMES CATANDUVA,Av. Daniel Dalto S/N,S/N,Rodovia Washington Luis SP 310 - KM 382,Rural,15800970.0,29,0,0,0,3,4,4,5,8,1,2,0,2,0,0,1,0,0,0,0,1,1,0,1,0,76,72,36,36,0,2,21,29,20,1,0,1,17,54,5,15,12,9,12,7,5,7,64,3,3,2,0,0,72,0,0
2022,Sudeste,3,São Paulo,SP,35,Jundiaí,3525904,0,Macro Metropolitana Paulista,12,Jundiaí,47,3,3,MUNICIPIO DE JUNDIAI,74,93,FACULDADE DE MEDICINA DE JUNDIAÍ,FMJ,Rua Francisco Telles,250,-,VILA ARENS,13202550.0,63,0,0,0,0,26,12,13,10,2,0,0,0,0,0,1,0,1,1,1,1,1,1,23415,4233,157,155,66,89,0,0,13,43,99,1,0,1,154,0,0,5,13,30,24,20,18,45,151,1,1,2,0,0,155,0,1
2022,Sudeste,3,São Paulo,SP,35,Jundiaí,3525904,0,Macro Metropolitana Paulista,12,Jundiaí,47,3,3,MUNICIPIO DE JUNDIAI,74,94,ESCOLA SUPERIOR DE EDUCAÇÃO FÍSICA DE JUNDIAÍ,ESEFJ,Rua Rodrigo Soares de Oliveira,S/N,-,ANHANGABAU,13208120.0,22,0,0,1,0,6,2,2,9,1,0,0,0,0,1,0,0,1,1,1,1,0,1,0,0,16,15,3,12,0,0,0,8,7,0,0,0,0,15,0,1,1,2,3,2,1,5,13,0,1,0,0,1,15,0,0
2022,Sudeste,3,Minas Gerais,MG,31,Conselheiro Lafaiete,3118304,0,Metropolitana de Belo Horizonte,7,Conselheiro Lafaiete,34,3,5,FUNDACAO MUNICIPAL DE ENSINO SUPERIOR DE CONS LAFAIETE,77,99,FACULDADE DE DIREITO DE CONSELHEIRO LAFAIETE,FDCL,Rua Rua Lopes Franco - 473/474 ao fim,1001,-,Carijós,36406119.0,34,1,1,5,1,5,1,7,7,3,1,0,2,0,0,0,0,1,1,0,1,1,1,60,1372,37,36,11,25,0,0,7,18,11,1,0,1,15,20,0,7,3,4,6,3,5,8,18,1,8,0,0,9,35,1,0
2022,Sudeste,3,Minas Gerais,MG,31,São João del Rei,3162500,0,Campo das Vertentes,11,São João Del Rei,58,1,1,UNIVERSIDADE FEDERAL DE SAO JOAO DEL-REI,81,107,UNIVERSIDADE FEDERAL DE SÃO JOÃO DEL REI,UFSJ,Praça Frei Orlando,170,-,Centro,36307352.0,643,0,1,1,5,62,40,56,70,136,110,72,65,13,12,1,0,0,0,1,1,1,1,0,13053,951,949,399,550,0,7,51,116,775,937,806,131,12,0,8,67,150,223,183,138,105,75,38,6,13,0,0,892,928,21,1
2022,Sudeste,3,São Paulo,SP,35,Andradina,3502101,0,Araçatuba,3,Andradina,16,3,5,CEISP SERVICOS EDUCACIONAIS LTDA,16878,109,FACULDADES INTEGRADAS RUI BARBOSA,FIRB,Rua Rodrigues Alves,756,-,Centro,16900900.0,9,0,0,3,0,0,1,2,1,1,1,0,0,0,0,1,0,1,0,1,1,1,1,22203,11213,30,30,16,14,0,0,13,13,4,9,0,9,21,0,5,8,4,8,1,2,1,1,20,0,5,0,0,5,30,0,0
2022,Sudeste,3,São Paulo,SP,35,Araraquara,3503208,0,Araraquara,5,Araraquara,24,1,5,ASSOCIACAO SAO BENTO DE ENSINO,88,124,UNIVERSIDADE DE ARARAQUARA,UNIARA,Rua Voluntários da Pátria,1309,-,Centro,14801320.0,318,2,6,2,10,87,55,66,46,16,12,4,8,1,3,1,0,1,0,1,1,1,1,31,7800,440,436,204,232,0,0,99,146,191,156,0,156,78,202,4,31,71,73,62,68,53,74,400,2,7,3,0,24,435,1,0
2022,Sudeste,3,São Paulo,SP,35,Araras,3503307,0,Piracicaba,6,Limeira,27,2,5,ASSOCIACAO EDUCACIONAL DE ARARAS,89,125,CENTRO UNIVERSITÁRIO DE ARARAS -,UNAR,Avenida Ernani Lacerda de Oliveira,100,-,Parque Santa Cândida,13603112.0,66,3,0,2,1,6,4,13,3,24,3,1,3,2,1,0,0,1,1,1,1,1,1,93,3000,65,63,20,43,0,0,18,31,14,9,0,9,26,28,1,2,15,12,11,12,7,3,56,0,0,0,0,7,62,1,0
2022,Sudeste,3,Minas Gerais,MG,31,Santa Rita do Sapucaí,3159605,0,Sul/Sudoeste de Minas,10,Santa Rita do Sapucaí,53,3,5,FUNDACAO INSTITUTO NACIONAL DE TELECOMUNICACOES,90,126,INSTITUTO NACIONAL DE TELECOMUNICAÇÕES,INATEL,Avenida João de Camargo,510,-,Centro,37540000.0,779,15,17,5,5,57,119,149,283,33,51,5,33,2,5,1,0,0,1,0,1,1,1,267,7079,63,63,9,54,0,0,6,36,21,33,0,33,12,18,5,5,5,13,13,11,11,0,49,0,1,1,0,12,62,1,0
2022,Sudeste,3,São Paulo,SP,35,Batatais,3505906,0,Ribeirão Preto,2,Batatais,15,2,5,ACAO EDUCACIONAL CLARETIANA,780,135,Claretiano - Centro Universitário,CLARETIANOBT,Rua Dom Bosco,466,-,Castelo,14300172.0,612,13,17,17,10,66,34,148,61,108,51,24,32,21,10,0,0,1,1,1,1,0,1,3011,43239,258,258,142,116,0,0,71,108,79,67,0,67,149,42,13,32,52,47,43,30,27,14,211,11,34,0,0,2,258,0,0
2022,Sudeste,3,São Paulo,SP,35,Bauru,3506003,0,Bauru,4,Bauru,20,2,5,INSTITUTO DAS APOSTOLAS DO SAGRADO CORACAO DE JESUS,97,137,CENTRO UNIVERSITÁRIO SAGRADO CORAÇÃO,UNISAGRADO,Rua Irmã Arminda,10-50,-,Jardim Brasil,17011160.0,149,5,5,13,4,41,22,16,14,12,6,1,4,2,4,1,0,0,1,1,1,1,0,27,15538,181,181,106,75,0,2,6,74,99,43,1,42,97,41,10,26,37,47,24,17,14,6,131,1,4,3,0,42,181,0,3
2022,Sudeste,3,São Paulo,SP,35,Ribeirão Preto,3543402,0,Ribeirão Preto,2,Ribeirão Preto,14,2,5,ORGANIZACAO EDUCACIONAL BARAO DE MAUA,98,138,CENTRO UNIVERSITÁRIO BARÃO DE MAUÁ,CBM,Rua Ramos de Azevedo,423,-,Jardim Paulista,14090180.0,341,0,0,13,11,98,64,61,38,24,7,9,5,6,5,0,0,1,1,1,1,0,1,22638,16000,365,355,212,143,0,0,68,136,151,86,0,86,166,103,5,42,61,56,67,60,33,31,329,1,17,6,2,0,353,2,0
2022,Sudeste,3,Minas Gerais,MG,31,Uberaba,3170107,0,Triângulo Mineiro/Alto Paranaíba,5,Uberaba,22,3,5,ASSOCIACAO EDUCACIONAL DR. ODILON FERNANDES,3484,139,FACULDADE UNIBRASÍLIA DE CIÊNCIAS ECONÔMICAS DE MINAS GERAIS,BRASÍLIA,Rua Ronam Martins Marquez,487,-,Universitário,38050600.0,1,0,0,0,0,0,0,0,0,0,0,0,0,0,1,0,0,0,0,0,0,0,0,0,0,5,0,0,0,0,0,0,0,0,0,0,0,0,0,0,0,0,0,0,0,0,0,0,0,0,0,0,0,0,0,0
2022,Sudeste,3,Rio de Janeiro,RJ,33,Vassouras,3306206,0,Metropolitana do Rio de Janeiro,6,Vassouras,14,1,5,FUNDACAO EDUCACIONAL SEVERINO SOMBRA,100,140,UNIVERSIDADE DE VASSOURAS,UNIVASSOURAS,AVENIDA EXPEDICIONÁRIO OSWALDO DE ALMEIDA RAMOS,280,BLOCO 7,CENTRO,27700000.0,1645,50,105,57,70,501,313,211,134,87,48,24,27,7,11,1,0,1,1,1,1,0,1,6,1454,468,461,209,252,0,0,92,229,140,161,0,161,242,58,20,56,85,77,62,54,50,57,298,20,42,3,0,98,460,1,0
2022,Sudeste,3,Minas Gerais,MG,31,Varginha,3170701,0,Sul/Sudoeste de Minas,10,Varginha,50,3,5,FUNDACAO EDUCACIONAL DE VARGINHA,101,141,FACULDADE DE DIREITO DE VARGINHA - FADIVA,FADIVA,Rua José Gonçalves Pereira,112,-,VILA PINTO,37010500.0,60,1,1,3,0,2,2,3,2,8,16,13,7,2,0,1,0,1,1,1,1,1,1,21,26,35,34,15,19,0,0,12,21,1,7,0,7,18,9,0,1,0,7,1,2,9,14,29,0,3,0,0,2,34,0,0
2022,Sudeste,3,Minas Gerais,MG,31,Uberlândia,3170206,0,Triângulo Mineiro/Alto Paranaíba,5,Uberlândia,18,2,5,ASSOCIACAO SALGADO DE OLIVEIRA DE EDUCACAO E CULTURA,435,142,CENTRO UNIVERSITÁRIO DO TRIÂNGULO,UNITRI,Av.  Nicomedes Alves dos Santos,4545,-,Gávea,38411106.0,255,8,9,13,11,40,31,49,38,29,10,11,3,1,2,1,0,1,1,1,1,1,1,38014,18280,149,149,71,78,0,0,28,77,44,30,0,30,80,39,6,19,30,28,24,20,8,14,110,3,22,4,0,10,149,0,0
2022,Sudeste,3,Minas Gerais,MG,31,Uberaba,3170107,0,Triângulo Mineiro/Alto Paranaíba,5,Uberaba,22,1,5,SOCIEDADE EDUCACIONAL UBERABENSE,103,143,UNIVERSIDADE DE UBERABA,UNIUBE,"Av. Nene Sabino, 1801, Santa Marta.",1.801,Campus Universitário II,Universitário,38055550.0,742,15,18,10,11,230,114,186,67,46,21,16,6,2,0,1,0,1,1,1,1,0,1,2000,20125,519,512,237,275,0,0,146,232,134,133,0,133,156,223,15,40,66,84,93,72,59,83,489,10,13,0,0,0,509,3,1
2022,Sudeste,3,São Paulo,SP,35,São José do Rio Preto,3549805,0,São José do Rio Preto,1,São José do Rio Preto,4,2,4,SOCIEDADE DE EDUCACAO E CULTURA DE SAO JOSE DO RIO PRETO LTDA.,2013,146,CENTRO UNIVERSITÁRIO DE RIO PRETO,UNIRP,Rua Yvette Gabriel Atique,45,Unidade SEDE,Boa Vista,15025400.0,282,9,3,16,8,39,19,78,44,18,12,13,7,11,5,1,0,0,1,1,1,1,1,4684,2873,292,260,134,126,0,1,77,103,79,68,0,68,84,108,3,19,36,50,48,45,28,31,221,0,11,0,1,27,260,0,0
2022,Sudeste,3,São Paulo,SP,35,São José do Rio Preto,3549805,0,São José do Rio Preto,1,São José do Rio Preto,4,3,2,ESTADO DE SAO PAULO,46,149,FACULDADE DE MEDICINA DE SÃO JOSÉ DO RIO PRETO,FAMERP,Avenida Brigadeiro Faria Lima,5416,-,VILA SÃO PEDRO,15090000.0,204,0,5,9,3,40,16,78,37,8,0,1,2,5,0,1,0,1,1,1,1,1,1,45000,15000,269,262,138,124,0,0,42,64,156,132,8,124,130,0,0,0,4,3,6,18,50,181,250,0,7,2,0,3,261,1,1
2022,Sudeste,3,São Paulo,SP,35,Sorocaba,3552205,0,Macro Metropolitana Paulista,12,Sorocaba,46,1,5,FUNDACAO DOM AGUIRRE,109,150,UNIVERSIDADE DE SOROCABA,UNISO,Rodovia Raposo Tavares,S/N,Cidade Universitária,Jardim Novo Eldorado,18023000.0,328,1,7,8,5,68,86,63,35,23,9,13,10,0,0,1,0,0,0,0,1,1,1,2162,24769,391,390,186,204,0,1,1,222,166,120,3,117,4,266,7,41,51,91,53,43,47,57,372,2,12,4,0,0,387,3,7
2022,Sudeste,3,São Paulo,SP,35,São Paulo,3550308,1,Metropolitana de São Paulo,15,São Paulo,61,3,5,FUNDACAO GETULIO VARGAS,110,151,ESCOLA DE ADMINISTRAÇÃO DE EMPRESAS DE SÃO PAULO - FGV EAESP,FGV-EAESP,Avenida 9 de Julho,2029,-,Bela Vista,1313902.0,153,0,0,0,0,14,6,44,16,22,5,24,11,6,5,1,0,1,1,1,1,1,1,265,20286,253,247,72,175,0,1,2,15,229,109,86,23,67,71,2,16,28,32,28,36,45,60,235,4,6,1,0,1,232,15,0
2022,Sudeste,3,Rio de Janeiro,RJ,33,Rio de Janeiro,3304557,1,Metropolitana do Rio de Janeiro,6,Rio de Janeiro,18,2,5,SOCIEDADE CIVIL CONSERVATORIO BRASILEIRO DE MUSICA,114,158,CONSERVATÓRIO BRASILEIRO DE MÚSICA - CENTRO UNIVERSITÁRIO BRASILEIRO DE EDUCAÇÃO,CBM-UniCBE,Avenida Graça Aranha,57,12º Andar,Castelo,20030002.0,43,1,0,0,0,13,10,10,6,0,2,1,0,0,0,1,0,1,1,1,1,1,1,260,11000,81,81,40,41,0,0,7,52,22,11,0,11,20,50,2,14,22,16,8,5,4,10,26,2,6,0,0,47,80,1,0
2022,Sudeste,3,São Paulo,SP,35,São Paulo,3550308,1,Metropolitana de São Paulo,15,São Paulo,61,2,5,FUNDACAO SAO PAULO,378,161,CENTRO UNIVERSITÁRIO ASSUNÇÃO,UNIFAI,Rua Afonso Celso,671/711,- de 631/632 a 1029/1030,Vila Mariana,4119060.0,40,1,4,0,3,1,7,18,2,3,1,0,0,0,0,0,0,1,0,0,1,0,1,14000,1004,61,61,27,34,0,0,2,28,31,14,0,14,14,33,0,0,4,5,13,11,11,17,54,4,3,0,0,0,60,1,0
2022,Sudeste,3,São Paulo,SP,35,São Paulo,3550308,1,Metropolitana de São Paulo,15,São Paulo,61,2,5,FEBASP ASSOCIACAO CIVIL,118,162,CENTRO UNIVERSITÁRIO BELAS ARTES DE SÃO PAULO,FEBASP,Rua Dr. Álvaro Alvim,76/90,Campus Vila Mariana (Sede),Vila Mariana,4018010.0,244,0,1,0,1,45,60,51,39,8,12,9,11,5,2,1,0,1,1,1,1,1,1,34331,141801,208,206,78,128,0,0,10,99,97,56,0,56,109,41,2,8,19,27,42,23,30,55,165,4,14,6,0,17,204,2,1
2022,Sudeste,3,Rio de Janeiro,RJ,33,Rio de Janeiro,3304557,1,Metropolitana do Rio de Janeiro,6,Rio de Janeiro,18,1,4,SOCIEDADE DE ENSINO SUPERIOR ESTACIO DE SA LTDA,119,163,UNIVERSIDADE ESTÁCIO DE SÁ,UNESA,Av. das Américas,4.200,BARRA I -TOM JOBIM,Barra da Tijuca,22640102.0,233,0,0,0,0,5,10,65,62,33,19,16,11,6,6,0,0,1,1,0,0,0,1,36000,25981,1746,1746,989,757,0,0,120,725,901,596,0,596,658,492,34,233,341,355,261,203,159,160,393,25,116,5,0,1207,1744,2,11
2022,Sudeste,3,Rio de Janeiro,RJ,33,Rio de Janeiro,3304557,1,Metropolitana do Rio de Janeiro,6,Rio de Janeiro,18,1,4,ANTARES EDUCACIONAL S.A.,121,165,UNIVERSIDADE VEIGA DE ALMEIDA,UVA,Rua Ibituruna,108,Unidade SEDE,Tijuca,20271901.0,401,0,0,6,2,127,79,81,55,22,15,4,7,2,1,1,0,1,1,1,1,1,1,45000,34000,534,534,271,263,0,0,25,289,220,209,0,209,115,210,5,28,65,91,87,78,85,95,351,9,54,2,1,117,533,1,1
2022,Sudeste,3,Minas Gerais,MG,31,Santa Rita do Sapucaí,3159605,0,Sul/Sudoeste de Minas,10,Santa Rita do Sapucaí,53,3,5,FUNDACAO EDUCANDARIO SANTARRITENSE,122,166,"FAI - CENTRO DE ENSINO SUPERIOR EM GESTÃO, TECNOLOGIA E EDUCAÇÃO",,Av. Antonio de Cássia,472,-,Jardim Santo Antonio,37540000.0,30,3,4,2,1,4,2,2,5,1,3,2,1,0,0,0,0,1,1,1,1,0,0,0,0,49,49,25,24,0,0,9,28,12,6,0,6,23,20,1,4,3,8,6,12,5,10,39,1,2,0,0,7,49,0,0
2022,Sudeste,3,São Paulo,SP,35,São Bernardo do Campo,3548708,0,Metropolitana de São Paulo,15,São Paulo,61,1,5,INSTITUTO METODISTA DE ENSINO SUPERIOR,123,167,UNIVERSIDADE METODISTA DE SÃO PAULO,UMESP,Rua do Sacramento,230,Campus Rudge Ramos,Rudge Ramos,9640000.0,421,10,11,6,3,88,55,127,55,33,16,7,5,4,1,1,0,1,1,0,1,1,1,1174,15668,304,280,128,152,0,0,35,128,117,81,0,81,104,95,7,14,26,39,47,51,33,63,234,6,17,9,1,13,276,4,1
2022,Sudeste,3,São Paulo,SP,35,Mococa,3530508,0,Campinas,7,São João da Boa Vista,30,3,5,FUNDACAO UNIVERSITARIA VIDA CRISTA,3450,170,FUNVIC - FACULDADE FUNVIC DE MOCOCA,,Avenida Monsenhor Demosthenes Paraná Brasil Pontes,2131,-,Conjunto Habitacional Gilberto Rossetti,13737632.0,14,0,0,1,0,0,3,6,1,2,1,0,0,0,0,0,0,0,0,1,1,0,0,22,2091,17,16,8,8,0,0,5,10,1,0,0,0,4,12,0,1,1,1,5,4,1,3,14,1,0,0,0,1,16,0,0
2022,Sudeste,3,Minas Gerais,MG,31,Pouso Alegre,3152501,0,Sul/Sudoeste de Minas,10,Pouso Alegre,52,3,5,FUNDACAO SUL MINEIRA DE ENSINO,126,171,FACULDADE DE DIREITO DO SUL DE MINAS,FDSM,Avenida Doutor João Beraldo,1075,-,Centro,37550000.0,65,3,4,4,2,16,7,16,5,3,4,0,1,0,0,1,0,1,0,1,1,1,1,40,1372,36,36,6,30,0,0,3,20,13,11,5,6,13,12,0,1,3,4,6,6,12,4,30,2,0,0,0,4,36,0,0
2022,Sudeste,3,Rio de Janeiro,RJ,33,Rio de Janeiro,3304557,1,Metropolitana do Rio de Janeiro,6,Rio de Janeiro,18,1,5,CENTRO EDUCACIONAL DE REALENGO,129,176,UNIVERSIDADE CASTELO BRANCO,UCB,Avenida Santa Cruz,1631,-,Realengo,21710250.0,135,3,7,4,5,37,33,16,17,6,5,1,0,1,0,0,0,1,1,1,1,1,0,10000,80000,190,182,87,95,0,0,24,108,50,27,0,27,40,115,2,12,24,43,27,25,28,21,131,5,34,0,0,12,181,1,0
2022,Sudeste,3,Rio de Janeiro,RJ,33,Rio de Janeiro,3304557,1,Metropolitana do Rio de Janeiro,6,Rio de Janeiro,18,3,5,FUNDACAO TECNICO EDUCACIONAL SOUZA MARQUES,135,190,ESCOLA DE MEDICINA SOUZA MARQUES DA FUNDAÇÃO TÉCNICO-EDUCACIONAL SOUZA MARQUES,EMSM,Avenida Ernani Cardoso,335,-,Cascadura,21310310.0,199,3,7,7,9,31,46,41,24,17,12,0,2,0,0,0,0,1,0,1,1,0,1,11768,16805,256,256,148,108,0,0,105,88,63,8,0,8,241,7,4,18,19,31,29,19,43,93,173,1,13,1,0,68,256,0,0
2022,Sudeste,3,Rio de Janeiro,RJ,33,Rio de Janeiro,3304557,1,Metropolitana do Rio de Janeiro,6,Rio de Janeiro,18,3,5,FUNDACAO TECNICO EDUCACIONAL SOUZA MARQUES,135,191,FACULDADE DE CIÊNCIAS CONTÁBEIS E DE ADMINISTRAÇÃO DE EMPRESAS,FCCAE,Avenida Ernani Cardoso,335,-,Cascadura,21310310.0,199,3,7,7,9,31,46,41,24,17,12,0,2,0,0,0,0,1,1,0,1,1,0,2564,2648,23,23,5,18,0,0,8,10,5,2,0,2,9,12,0,0,0,5,8,3,3,4,14,2,4,0,0,3,23,0,0
2022,Sudeste,3,Rio de Janeiro,RJ,33,Rio de Janeiro,3304557,1,Metropolitana do Rio de Janeiro,6,Rio de Janeiro,18,3,5,FUNDACAO TECNICO EDUCACIONAL SOUZA MARQUES,135,192,FACULDADE DE FILOSOFIA CIÊNCIAS E LETRAS SOUZA MARQUES,FFCLSM,AVENIDA ERNANI CARDOSO,335/345,-,Cascadura,21310310.0,199,3,7,7,9,31,46,41,24,17,12,0,2,0,0,0,0,1,0,1,1,0,1,11768,16805,65,65,26,39,0,0,9,22,34,4,0,4,32,29,0,3,9,10,11,12,9,11,50,1,9,0,0,5,65,0,0
2022,Sudeste,3,Rio de Janeiro,RJ,33,Rio de Janeiro,3304557,1,Metropolitana do Rio de Janeiro,6,Rio de Janeiro,18,3,5,FUNDACAO TECNICO EDUCACIONAL SOUZA MARQUES,135,193,FACULDADE DE ENGENHARIA SOUZA MARQUES,FESM,Avenida Ernani Cardoso,335/345,-,Cascadura,21310310.0,199,3,7,7,9,31,46,41,24,17,12,0,2,0,0,0,0,1,0,1,1,1,1,16805,11768,30,30,7,23,0,0,3,15,12,0,0,0,18,12,0,0,1,0,5,4,5,15,22,1,7,0,0,0,30,0,0
2022,Sudeste,3,Rio de Janeiro,RJ,33,Rio de Janeiro,3304557,1,Metropolitana do Rio de Janeiro,6,Rio de Janeiro,18,3,5,FUNDACAO TECNICO EDUCACIONAL SOUZA MARQUES,135,194,ESCOLA DE ENFERMAGEM DA FUNDAÇÃO TÉCNICO EDUCACIONAL SOUZA MARQUES,EEFTESM,Avenida Ernani Cardoso,335/345,-,Cascadura,21310310.0,199,3,7,7,9,31,46,41,24,17,12,0,2,0,0,0,0,1,1,1,1,0,1,11765,16805,23,19,9,10,0,0,3,7,9,1,0,1,12,6,0,0,4,5,5,2,1,2,13,1,1,0,0,4,19,0,0
2022,Sudeste,3,Rio de Janeiro,RJ,33,Rio de Janeiro,3304557,1,Metropolitana do Rio de Janeiro,6,Rio de Janeiro,18,3,5,INSTITUTO PRESBITERIANO MACKENZIE,22,195,FACULDADE PRESBITERIANA MACKENZIE RIO,,Rua Buenos Aires,283,"Suplementar rua Regente Feijó 69 Lojas 01, 02 ,04 e 05",Centro,20061003.0,44,0,0,0,2,7,12,4,11,6,2,0,0,0,0,1,0,1,1,1,1,1,1,133973,29672,65,61,19,42,0,0,4,41,16,2,1,1,28,31,0,1,3,2,10,11,11,23,40,3,6,0,0,12,60,1,1
2022,Sudeste,3,São Paulo,SP,35,São Paulo,3550308,1,Metropolitana de São Paulo,15,São Paulo,61,3,5,FUNDACAO CASPER LIBERO,141,200,FACULDADE CÁSPER LÍBERO,FCL,Avenida Paulista,900,5º Andar,Bela Vista,1310940.0,51,0,0,2,2,5,6,11,9,8,6,0,2,0,0,1,0,1,0,1,1,1,1,54,14803,65,65,25,40,0,0,0,27,38,8,0,8,14,43,0,2,8,17,14,13,5,6,54,1,4,5,0,1,63,2,0
2022,Sudeste,3,Rio de Janeiro,RJ,33,Rio de Janeiro,3304557,1,Metropolitana do Rio de Janeiro,6,Rio de Janeiro,18,3,4,UNIESP S.A,16134,202,FACULDADE DO RIO DE JANEIRO,,Rua General Caldwell,189/197,-,Centro,20230192.0,4,0,0,0,0,1,0,1,1,1,0,0,0,0,0,1,0,1,0,1,1,1,1,22203,11213,6,5,2,3,0,0,2,1,2,1,0,1,3,1,0,0,0,1,1,0,1,2,2,1,0,0,0,2,5,0,0
2022,Sudeste,3,São Paulo,SP,35,São Paulo,3550308,1,Metropolitana de São Paulo,15,São Paulo,61,1,4,AMC - SERVICOS EDUCACIONAIS LTDA,143,203,UNIVERSIDADE SÃO JUDAS TADEU,USJT,Rua Taquari,546,-,Mooca,3166000.0,374,1,8,1,5,110,101,50,23,15,8,16,18,11,7,1,0,1,1,1,1,1,1,22000,34357,715,715,313,402,0,0,32,409,274,248,0,248,118,349,23,60,116,138,121,97,90,70,667,9,30,9,0,0,713,2,0
2022,Sudeste,3,São Paulo,SP,35,São Paulo,3550308,1,Metropolitana de São Paulo,15,São Paulo,61,2,5,INSTITUICAO EDUCACIONAL PROFESSOR PASQUALE CASCINO,145,206,CENTRO UNIVERSITÁRIO ÍTALO-BRASILEIRO,UNIÍTALO,Avenida João Dias,2046,-,Santo Amaro,4724003.0,203,0,1,2,3,30,12,50,0,68,0,25,0,12,0,1,0,1,1,1,1,1,1,5000,14815,97,93,44,49,0,0,30,44,19,19,0,19,42,32,1,2,10,12,18,9,24,17,67,2,4,1,0,19,93,0,1
2022,Sudeste,3,São Paulo,SP,35,Ribeirão Preto,3543402,0,Ribeirão Preto,2,Ribeirão Preto,14,2,5,INSTITUICAO UNIVERSITARIA MOURA LACERDA,146,207,CENTRO UNIVERSITÁRIO MOURA LACERDA,CUML,Rua Padre Euclides,995,-,Campos Elísios,14085420.0,122,0,3,5,12,29,14,33,14,6,4,1,0,1,0,1,0,1,1,1,1,0,1,7,8000,158,155,71,84,0,0,20,88,47,37,0,37,44,74,3,5,22,17,20,33,25,30,154,0,1,0,0,0,155,0,0
2022,Sudeste,3,São Paulo,SP,35,Ribeirão Preto,3543402,0,Ribeirão Preto,2,Ribeirão Preto,14,1,5,ASSOCIACAO DE ENSINO DE RIBEIRAO PRETO,147,208,UNIVERSIDADE DE RIBEIRÃO PRETO,UNAERP,Avenida Costábile Romano,2201,-,Ribeirânia,14096900.0,672,2,4,22,22,207,159,133,68,27,10,10,4,4,0,1,0,1,1,0,1,1,1,23073,118260,547,547,265,282,0,0,84,203,260,189,0,189,185,173,7,57,83,112,88,57,65,78,521,1,17,8,0,0,546,1,3
2022,Sudeste,3,São Paulo,SP,35,São Paulo,3550308,1,Metropolitana de São Paulo,15,São Paulo,61,2,5,FUNDACAO ESCOLA DE COMERCIO ALVARES PENTEADO - FECAP,151,213,CENTRO UNIVERSITÁRIO ÁLVARES PENTEADO,FECAP,Avenida da Liberdade,532,Bloco C,Liberdade,1502001.0,449,2,3,12,7,54,54,48,47,26,20,25,65,33,53,1,0,1,1,1,1,1,1,57,154,108,102,34,68,0,0,0,32,70,30,0,30,22,50,0,2,17,21,23,15,11,13,87,2,9,2,0,2,101,1,0
2022,Sudeste,3,Minas Gerais,MG,31,Belo Horizonte,3106200,1,Metropolitana de Belo Horizonte,7,Belo Horizonte,30,3,4,CESMIG - CENTRO DE ENSINO SUPERIOR MINAS GERAIS LTDA - ME,1136,214,FACULDADE DE ENGENHARIA DE MINAS GERAIS - FEAMIG,FEAMIG,Rua Gastão Braúlio dos Santos,837,-,Gameleira,30510120.0,47,0,2,0,0,14,6,10,2,3,3,2,3,1,1,0,0,1,1,1,1,1,1,52,8000,12,12,6,6,0,0,4,7,1,0,0,0,10,2,0,1,4,2,1,2,0,2,8,0,3,0,0,1,12,0,0
2022,Sudeste,3,Minas Gerais,MG,31,Belo Horizonte,3106200,1,Metropolitana de Belo Horizonte,7,Belo Horizonte,30,2,5,INSTITUTO METODISTA IZABELA HENDRIX,154,216,CENTRO UNIVERSITÁRIO METODISTA IZABELA HENDRIX,CEUNIH,Rua da Bahia,2.020,-,Funcionários,30160012.0,18,0,0,0,0,3,4,5,6,0,0,0,0,0,0,0,0,1,0,1,1,1,1,1174,12799,51,40,21,19,0,0,0,31,9,9,0,9,9,22,2,2,9,5,4,10,3,5,25,1,5,1,0,8,40,0,0
2022,Sudeste,3,São Paulo,SP,35,São João da Boa Vista,3549102,0,Campinas,7,São João da Boa Vista,30,2,7,CENTRO UNIVERSITARIO DAS FACULDADES ASSOCIADAS DE ENSINO-FAE,155,217,CENTRO UNIVERSITÁRIO DAS FACULDADES ASSOCIADAS DE ENSINO - FAE,UNIFAE,Largo Engenheiro Paulo de Almeida Sandeville,15,-,JARDIM SANTO ANDRÉ,13870377.0,66,0,0,1,0,10,5,24,19,1,5,0,0,1,0,1,0,1,1,1,1,0,1,1838,48859,178,178,77,101,0,0,39,83,56,55,1,54,71,52,0,5,16,31,41,42,23,20,157,0,5,0,0,16,178,0,0
2022,Sudeste,3,São Paulo,SP,35,Monte Aprazível,3531407,0,São José do Rio Preto,1,Nhandeara,7,3,5,ASSOCIACAO DE ENSINO DOM BOSCO DE MONTE APRAZIVEL,157,219,FACULDADE DE EDUCAÇÃO CIÊNCIAS E ARTES DOM BOSCO DE MONTE APRAZÍVEL,FAECA DOM BOSCO,Rua Augusto Chiesa,679,-,Centro,15150000.0,11,0,0,0,0,1,4,5,1,0,0,0,0,0,0,0,0,1,1,1,1,1,0,1000,190000,48,41,7,34,0,0,16,19,6,3,0,3,5,33,2,0,3,3,11,6,8,8,39,0,1,0,0,1,41,0,1
2022,Sudeste,3,Rio de Janeiro,RJ,33,Rio de Janeiro,3304557,1,Metropolitana do Rio de Janeiro,6,Rio de Janeiro,18,3,5,ASSOCIACAO DE ENSINO SUPERIOR SAO JUDAS TADEU,158,220,FACULDADE SÃO JUDAS TADEU,FSJT,Rua Clarimundo de Melo,79,-,Encantado,20740321.0,21,0,0,0,0,8,1,7,5,0,0,0,0,0,0,0,0,0,0,0,0,1,0,94,8064,18,18,8,10,0,0,4,12,2,1,0,1,7,10,0,0,0,1,4,5,4,4,10,0,1,0,0,7,18,0,0
2022,Sudeste,3,São Paulo,SP,35,São Paulo,3550308,1,Metropolitana de São Paulo,15,São Paulo,61,1,4,CRUZEIRO DO SUL EDUCACIONAL S.A.,159,221,UNIVERSIDADE CRUZEIRO DO SUL,UNICSUL,Avenida Doutor Ussiel Cirilo,111 a 213,-,Vila Jacuí,8060070.0,687,1,0,6,6,181,140,162,99,46,24,4,8,6,4,1,0,1,1,0,1,0,1,47876,32668,666,666,330,336,0,0,52,347,267,226,0,226,147,293,19,57,94,124,112,94,93,73,501,10,125,7,0,23,665,1,0
2022,Sudeste,3,São Paulo,SP,35,Votuporanga,3557105,0,São José do Rio Preto,1,Votuporanga,3,2,5,FUNDACAO EDUCACIONAL DE VOTUPORANGA,160,222,CENTRO UNIVERSITÁRIO DE VOTUPORANGA,UNIFEV,Rua Pernambuco,4196,Unidade SEDE,Patrimônio Novo,15500006.0,142,0,0,1,0,10,13,56,24,22,15,0,0,1,0,1,0,1,0,0,1,1,1,4,29522,185,179,87,92,0,0,37,99,43,41,5,36,55,83,4,9,34,30,25,26,30,21,113,0,3,2,1,60,179,0,0
2022,Sudeste,3,São Paulo,SP,35,Santo André,3547809,0,Metropolitana de São Paulo,15,São Paulo,61,2,5,FUNDACAO DO ABC,162,224,Centro Universitário FMABC,FMABC,Avenida Príncipe de Gales,821,-,Príncipe de Gales,9060650.0,894,4,3,9,5,329,60,182,69,110,72,19,13,11,8,1,0,1,1,1,1,0,1,730,994,334,334,164,170,0,0,47,121,166,69,0,69,218,47,1,8,19,44,45,31,53,133,306,2,5,10,0,11,331,3,0
2022,Sudeste,3,São Paulo,SP,35,Santos,3548500,0,Metropolitana de São Paulo,15,Santos,63,2,5,FUNDACAO LUSIADA,164,226,CENTRO UNIVERSITÁRIO LUSÍADA,UNILUS,Armando de Salles Oliveira,150,-,Boqueirão,11050071.0,224,3,9,1,10,29,48,78,46,0,0,0,0,0,0,0,0,1,1,1,1,1,1,0,0,143,142,68,74,0,0,22,70,50,38,0,38,73,31,0,13,13,21,15,14,25,41,133,0,4,1,0,4,140,2,0
2022,Sudeste,3,São Paulo,SP,35,Santos,3548500,0,Metropolitana de São Paulo,15,Santos,63,1,5,SOCIEDADE VISCONDE DE S LEOPOLDO,165,227,UNIVERSIDADE CATÓLICA DE SANTOS,UNISANTOS,Avenida Conselheiro Nébias,300,Campus D. Idilio Jose Soares,Vila Mathias,11015002.0,181,4,2,3,2,45,30,52,22,9,5,2,4,0,1,1,0,1,1,0,1,1,1,194,4110,262,262,130,132,0,0,4,119,139,158,0,158,104,0,2,6,12,32,39,40,34,97,246,0,4,8,0,4,259,3,1
2022,Sudeste,3,São Paulo,SP,35,São Bernardo do Campo,3548708,0,Metropolitana de São Paulo,15,São Paulo,61,3,5,FUNDACAO EDUCACIONAL JOAO RAMALHO,167,231,FACULDADE DE SÃO BERNARDO DO CAMPO - FASB,FASB I,Rua Américo Brasiliense,449,-,Centro,9715020.0,17,0,0,0,0,1,3,5,3,3,2,0,0,0,0,0,0,0,0,0,1,1,0,0,0,68,66,35,31,0,0,15,32,19,2,0,2,14,50,0,0,2,6,4,17,18,19,60,0,4,2,0,0,65,1,0
2022,Sudeste,3,São Paulo,SP,35,São Paulo,3550308,1,Metropolitana de São Paulo,15,São Paulo,61,3,4,INSTITUTO EDUCACIONAL OSWALDO QUIRINO LTDA,169,234,FACULDADES OSWALDO CRUZ,FOC,Rua Brigadeiro Galvão,540,-,Barra Funda,1151000.0,95,1,0,3,1,22,15,18,16,4,4,2,3,2,4,0,0,0,0,1,1,1,1,443,637,149,149,66,83,0,0,15,70,64,9,0,9,63,77,1,9,14,17,14,24,26,44,123,2,7,5,0,12,147,2,1
2022,Sudeste,3,Rio de Janeiro,RJ,33,Rio de Janeiro,3304557,1,Metropolitana do Rio de Janeiro,6,Rio de Janeiro,18,1,5,ASSOCIACAO UNIVERSITARIA SANTA URSULA,172,240,UNIVERSIDADE SANTA ÚRSULA,USU,Rua Fernando Ferrari,75,CAMPUS  - RIO DE JANEIRO - BOTAFOGO,Botafogo,22231040.0,108,8,8,4,5,25,29,14,9,2,0,2,1,0,1,1,0,1,1,1,1,1,1,48038,14000,108,105,41,64,0,0,3,52,50,19,0,19,37,49,2,10,16,21,15,9,10,22,70,3,23,0,0,9,104,1,0
2022,Sudeste,3,São Paulo,SP,35,Santo André,3547809,0,Metropolitana de São Paulo,15,São Paulo,61,2,4,ANHANGUERA EDUCACIONAL PARTICIPACOES S/A,16452,242,CENTRO UNIVERSITÁRIO ANHANGUERA PITÁGORAS AMPLI,,Rua Senador Flaquer,456/459,-,Centro,9010160.0,131,0,0,2,0,16,13,43,15,25,8,4,2,1,2,0,0,1,1,1,1,1,1,60395,238009,280,280,144,136,0,0,41,148,91,50,0,50,175,55,7,53,65,49,31,26,26,23,230,7,37,5,1,0,278,2,6
2022,Sudeste,3,São Paulo,SP,35,Mogi das Cruzes,3530607,0,Metropolitana de São Paulo,15,Mogi das Cruzes,62,3,5,CLUBE NAUTICO MOGIANO,175,243,FACULDADE DO CLUBE NÁUTICO MOGIANO,FCNM,Rua Cabo Diogo Oliver,758,-,Mogilar,8773000.0,7,0,0,0,0,4,0,2,1,0,0,0,0,0,0,0,0,0,1,1,1,1,0,5000,5000,20,14,6,8,0,0,1,9,4,0,0,0,14,0,0,2,1,2,3,1,4,1,13,0,1,0,0,0,14,0,0
2022,Sudeste,3,São Paulo,SP,35,Osasco,3534401,0,Metropolitana de São Paulo,15,Osasco,57,2,5,FUNDACAO INSTITUTO DE ENSINO PARA OSASCO,176,244,CENTRO UNIVERSITÁRIO FIEO,UNIFIEO,AV FRANZ VOEGELI,300,CAMPUS VILA YARA,VILA YARA,6020190.0,56,2,4,2,10,10,7,7,4,6,2,1,0,0,1,0,0,1,1,1,0,1,1,0,12080,127,126,45,81,0,0,49,48,29,22,0,22,28,76,7,7,17,20,19,20,19,17,95,2,8,2,0,19,125,1,0
2022,Sudeste,3,São Paulo,SP,35,São Paulo,3550308,1,Metropolitana de São Paulo,15,São Paulo,61,2,4,UNIAO BANDEIRANTE DE EDUCACAO E CULTURA S.A.,17362,254,CENTRO UNIVERSITÁRIO UNI-BAN,UNI-BAN,Rua Maria Cândida,1789,Nova Sede UNI-BAN,Vila Guilherme,2071013.0,12,0,0,0,0,3,3,2,1,2,0,1,0,0,0,1,0,1,0,1,1,1,1,0,8000,15,15,5,10,0,0,1,9,5,3,0,3,12,0,0,3,2,2,1,3,1,3,12,0,2,0,0,1,15,0,0
2022,Sudeste,3,São Paulo,SP,35,São Paulo,3550308,1,Metropolitana de São Paulo,15,São Paulo,61,3,5,ASSOCIACAO EDUCATIVA CAMPOS SALLES,186,263,FACULDADES INTEGRADAS CAMPOS SALLES,FICS,Rua Nossa Senhora da Lapa,284,-,Lapa,5072000.0,21,0,2,1,3,1,5,3,3,1,2,0,0,0,0,1,0,1,1,1,1,1,1,35,0,59,57,23,34,0,0,16,31,10,0,0,0,57,0,3,4,4,11,12,4,6,13,45,2,4,0,0,6,57,0,0
2022,Sudeste,3,São Paulo,SP,35,Ourinhos,3534708,0,Assis,10,Ourinhos,40,2,5,FUNDACAO EDUCACIONAL MIGUEL MOFARREJ,188,265,CENTRO UNIVERSITÁRIO DAS FACULDADES INTEGRADAS DE OURINHOS,Unifio,"Rodovia BR-153, Km 399 + 420 m",s/n,-,Água do Cateto,19909100.0,90,0,2,9,1,13,4,29,21,4,1,2,2,0,2,0,0,1,1,1,1,1,1,650,15000,174,172,61,111,0,5,9,100,58,40,0,40,62,70,6,33,42,33,18,22,14,4,149,1,5,2,0,15,172,0,0
2022,Sudeste,3,São Paulo,SP,35,Piracicaba,3538709,0,Piracicaba,6,Piracicaba,28,1,5,INSTITUTO EDUCACIONAL PIRACICABANO DA IGREJA METODISTA,189,266,UNIVERSIDADE METODISTA DE PIRACICABA,UNIMEP,Rodovia do Açúcar,s/n,Unidade  Taquaral,Taquaral,13400911.0,105,0,0,0,0,17,13,43,17,6,3,4,0,1,1,1,0,1,0,1,1,0,1,1181,15789,154,140,67,73,0,0,8,68,64,40,1,39,12,88,8,13,15,19,20,17,19,29,111,1,5,2,0,21,139,1,4
2022,Sudeste,3,Espírito Santo,ES,32,Vitória,3205309,1,Central Espírito-santense,3,Vitória,9,2,5,FUNDACAO DE ASSISTENCIA E EDUCACAO - FAESA,190,267,CENTRO UNIVERSITÁRIO ESPÍRITO-SANTENSE/FAESA,,Rua Anselmo Serrat,199,-,Ilha de Monte Belo,29053250.0,216,8,1,9,6,65,40,41,16,18,4,5,1,1,1,0,0,0,1,1,1,1,1,412,183000,98,98,49,49,0,0,19,62,17,30,0,30,53,15,1,6,24,16,17,19,7,8,63,1,14,2,0,18,98,0,0
2022,Sudeste,3,São Paulo,SP,35,Tupã,3555000,0,Marília,9,Tupã,37,3,4,ORGANIZACAO EDUCACIONAL ARTUR FERNANDES LTDA,192,269,FACULDADE FACCAT,FACCAT,Rua Cherentes,36,Térreo e  Superior,Centro,17600090.0,26,1,1,1,2,6,4,5,2,3,1,0,0,0,0,0,0,0,0,1,1,1,1,0,0,53,52,14,38,0,0,36,13,3,4,4,0,13,35,2,8,8,8,4,5,3,14,49,1,0,2,0,0,52,0,0
2022,Sudeste,3,São Paulo,SP,35,Presidente Prudente,3541406,0,Presidente Prudente,8,Presidente Prudente,36,1,5,ASSOCIACAO PRUDENTINA DE EDUCACAO E CULTURA APEC,194,271,UNIVERSIDADE DO OESTE PAULISTA,UNOESTE,Rua José Bongiovani,700,Campus Universitário,Cidade Universitária,19050900.0,1016,45,85,46,70,191,265,115,97,35,29,15,16,4,3,1,0,1,1,0,1,1,0,39217,28525,608,608,322,286,0,0,17,299,292,249,0,249,277,82,10,68,104,114,93,88,60,71,51,3,6,3,0,545,608,0,5
2022,Sudeste,3,São Paulo,SP,35,São José dos Campos,3549904,0,Vale do Paraíba Paulista,13,São José dos Campos,50,1,5,FUNDACAO VALEPARAIBANA DE ENSINO,197,275,UNIVERSIDADE DO VALE DO PARAÍBA,UNIVAP,"Av. Shishima Hifumi, nº 2911, Bairro Urbanova",2911,-,Urbanova,12244000.0,263,0,2,0,2,28,18,108,50,29,17,3,4,1,1,1,0,1,1,1,1,1,1,1541,5340,289,285,134,151,0,0,50,95,140,95,10,85,31,159,2,15,38,40,56,46,38,50,265,3,9,5,0,3,280,5,0
2022,Sudeste,3,São Paulo,SP,35,Sorocaba,3552205,0,Macro Metropolitana Paulista,12,Sorocaba,46,3,5,FUNDACAO EDUCACIONAL SOROCABANA FAC DIREITO DE SOROCABA,198,276,FACULDADE DE DIREITO DE SOROCABA,FADI,Rua Doutora Ursulina Lopes Torres,123,-,Vergueiro,18030103.0,30,0,1,1,1,5,4,10,6,1,1,0,0,0,0,1,0,1,1,1,1,1,1,119,9552,32,30,6,24,0,0,3,14,13,2,0,2,6,22,0,0,2,3,9,4,8,4,19,0,1,0,0,10,30,0,0
2022,Sudeste,3,Rio de Janeiro,RJ,33,Rio de Janeiro,3304557,1,Metropolitana do Rio de Janeiro,6,Rio de Janeiro,18,2,5,SOCIEDADE UNIFICADA DE ENSINO AUGUSTO MOTTA,199,277,CENTRO UNIVERSITÁRIO AUGUSTO MOTTA,UNISUAM,Avenida Paris,84,-,Bonsucesso,21041020.0,471,11,12,31,21,121,158,58,38,13,4,3,1,0,0,1,0,1,1,1,1,0,1,1161,2717,585,512,258,254,0,0,109,286,117,174,2,172,210,128,28,47,80,81,94,75,48,59,316,52,122,0,0,22,509,3,0
2022,Sudeste,3,Rio de Janeiro,RJ,33,Rio de Janeiro,3304557,1,Metropolitana do Rio de Janeiro,6,Rio de Janeiro,18,3,5,ORGANIZACAO BRASILEIRA DE CULTURA E EDUCACAO ORBRACE,200,278,FACULDADES INTEGRADAS SIMONSEN,FIS,Rua Ibitiuva,151,Unidade SEDE,Padre Miguel,21715400.0,48,1,3,0,6,3,6,16,4,2,7,0,0,0,0,1,0,1,0,1,1,1,1,358,11000,25,25,9,16,0,0,7,15,3,5,2,3,0,20,0,2,2,4,6,5,4,2,11,1,4,0,0,9,25,0,0
2022,Sudeste,3,Rio de Janeiro,RJ,33,Rio de Janeiro,3304557,1,Metropolitana do Rio de Janeiro,6,Rio de Janeiro,18,3,5,ORGANIZACAO HELIO ALONSO DE EDUCACAO E CULTURA OHAEC,201,279,FACULDADES INTEGRADAS HÉLIO ALONSO,FACHA,Rua Muniz Barreto,51,Unidade SEDE,Botafogo,22251090.0,95,0,1,4,5,24,13,25,15,3,5,0,0,0,0,0,0,1,1,0,1,1,1,193,17565,119,113,46,67,0,0,17,52,44,13,0,13,65,35,0,5,13,14,20,17,13,31,90,0,5,0,0,18,113,0,0
2022,Sudeste,3,Minas Gerais,MG,31,Itajubá,3132404,0,Sul/Sudoeste de Minas,10,Itajubá,56,3,5,CENTRO DE CIENCIAS EM SAUDE DE ITAJUBA S.A,17157,284,FACULDADE DE MEDICINA DE ITAJUBÁ,FMIT,AV.  RENNO JUNIOR,368,-,SÃO VICENTE,37502138.0,60,5,3,1,1,12,5,14,7,7,1,2,1,1,0,0,0,1,1,0,0,0,1,11583,13386,79,79,41,38,0,0,36,23,20,20,0,20,49,10,4,12,26,17,8,5,3,4,72,0,2,0,0,5,79,0,0
2022,Sudeste,3,Minas Gerais,MG,31,Governador Valadares,3127701,0,Vale do Rio Doce,8,Governador Valadares,37,3,5,SOCIEDADE SIMPLES CULTURA E EDUCACAO,207,288,FACULDADE DE DIREITO DO VALE DO RIO DOCE,FADIVALE,Rua Artur Bernardes,533,Prédio,Centro,35010090.0,53,7,2,0,1,4,4,11,4,11,4,4,0,0,1,0,0,1,0,0,1,1,0,0,6500,47,43,9,34,0,0,14,19,10,3,0,3,18,22,0,2,1,6,10,8,8,8,33,2,7,1,0,0,43,0,1
2022,Sudeste,3,Minas Gerais,MG,31,Barbacena,3105608,0,Campo das Vertentes,11,Barbacena,59,3,5,FUNDACAO JOSE BONIFACIO LAFAYETTE DE ANDRADA,220,307,FACULDADE DE MEDICINA DE BARBACENA,FAME,Praça Presidente Antônio Carlos,08,-,São Sebastião,36202336.0,165,1,3,4,0,16,7,34,35,18,9,14,16,2,6,0,0,1,1,1,1,1,1,49,10000,101,101,40,61,0,0,36,40,25,4,0,4,80,17,1,11,14,7,17,14,14,23,85,1,1,0,0,14,101,0,0
2022,Sudeste,3,Minas Gerais,MG,31,Barbacena,3105608,0,Campo das Vertentes,11,Barbacena,59,2,5,FUNDACAO PRESIDENTE ANTONIO CARLOS,221,308,CENTRO UNIVERSITÁRIO PRESIDENTE ANTÔNIO CARLOS,UNIPAC,Rodovia BR-338,s/n,Barbacena - Campus I - Campus Magnus,Colônia Rodrigo Silva,36201143.0,223,4,8,14,16,22,22,27,17,24,17,21,16,6,9,0,0,1,1,1,1,1,1,1570,12520,273,273,129,144,0,0,107,117,49,78,0,78,114,81,6,26,36,56,61,36,20,32,211,4,26,0,0,32,273,0,0
2022,Sudeste,3,São Paulo,SP,35,São Paulo,3550308,1,Metropolitana de São Paulo,15,São Paulo,61,1,5,ASSOCIACAO EDUCACIONAL NOVE DE JULHO,222,316,UNIVERSIDADE NOVE DE JULHO,UNINOVE,Rua Vergueiro,235,-,Liberdade,1504001.0,846,15,5,4,9,123,100,242,171,39,51,21,29,17,20,1,0,1,1,1,1,1,1,59647,94907,1661,1636,810,826,0,0,317,589,730,658,0,658,346,632,25,197,270,322,288,194,156,184,1324,19,83,30,1,179,1630,6,23
2022,Sudeste,3,São Paulo,SP,35,São Paulo,3550308,1,Metropolitana de São Paulo,15,São Paulo,61,1,5,CEISP SERVICOS EDUCACIONAIS LTDA,16878,319,UNIVERSIDADE BRASIL,UB,Rua Carolina Fonseca,584,-,ITAQUERA,8230030.0,346,6,5,14,21,85,78,53,27,25,8,5,9,4,6,1,0,1,1,1,1,0,1,23132,196719,445,404,207,197,0,0,111,157,136,131,0,131,152,121,14,54,83,80,59,33,36,45,233,3,23,3,2,140,401,3,0
2022,Sudeste,3,São Paulo,SP,35,São Paulo,3550308,1,Metropolitana de São Paulo,15,São Paulo,61,1,4,ASSUPERO ENSINO SUPERIOR LTDA.,2415,322,UNIVERSIDADE PAULISTA,UNIP,Avenida Torres de Oliveira,330,-,Jaguaré,5347020.0,3871,76,36,4,9,1110,548,1156,434,281,81,73,34,18,11,1,0,1,1,1,1,0,1,44019,460791,3879,3877,1907,1970,0,0,683,1909,1285,1840,0,1840,1014,1023,63,299,497,708,691,583,474,562,3348,86,372,68,3,0,3855,22,10
2022,Sudeste,3,Rio de Janeiro,RJ,33,Nova Iguaçu,3303500,0,Metropolitana do Rio de Janeiro,6,Rio de Janeiro,18,1,5,ASSOCIACAO DE ENSINO SUPERIOR DE NOVA IGUACU,230,330,UNIVERSIDADE IGUAÇU,UNIG,Avenida Abílio Augusto Távora,2134,-,Jardim Nova Era,26275580.0,655,23,89,29,69,145,152,78,54,8,8,0,0,0,0,0,0,1,1,1,1,1,1,24,153,751,705,313,392,0,0,244,336,125,236,0,236,318,151,2,63,105,143,105,91,68,128,92,6,26,2,0,579,704,1,1
2022,Sudeste,3,Minas Gerais,MG,31,Juiz de Fora,3136702,0,Zona da Mata,12,Juiz de Fora,65,3,5,FUNDACAO EDUCACIONAL MACHADO SOBRINHO,234,336,FACULDADE MACHADO SOBRINHO,FMS,Rua Doutor Constantino Paleta,203,Faculdade Machado Sobrinho,Centro,36015450.0,12,0,0,0,0,0,2,1,1,1,4,1,1,1,0,0,0,0,0,0,0,0,1,0,0,41,30,13,17,0,0,7,18,5,0,0,0,2,28,0,1,3,4,7,7,3,5,24,1,1,0,0,4,30,0,0
2022,Sudeste,3,Minas Gerais,MG,31,Juiz de Fora,3136702,0,Zona da Mata,12,Juiz de Fora,65,2,5,ASSOCIACAO PROPAGADORA ESDEVA,235,337,Centro Universitário Academia,Uniacademia,Rua Halfeld,1179,Campus Academia e Comércio,Centro,36010972.0,110,1,6,8,7,17,25,14,7,4,4,6,8,2,1,0,0,1,1,1,1,0,1,22,4000,181,170,89,81,0,0,29,100,41,11,0,11,56,103,0,19,28,33,29,26,15,20,128,3,26,0,0,13,170,0,0
2022,Sudeste,3,Minas Gerais,MG,31,Belo Horizonte,3106200,1,Metropolitana de Belo Horizonte,7,Belo Horizonte,30,1,5,SOCIEDADE MINEIRA DE CULTURA,236,338,PONTIFÍCIA UNIVERSIDADE CATÓLICA DE MINAS GERAIS,PUC MINAS,Avenida Dom José Gaspar,500,-,Coração Eucarístico,30535901.0,1799,10,11,7,3,363,358,436,290,173,90,25,27,2,4,1,0,1,1,1,1,1,1,49245,89114,2008,1854,825,1029,0,0,160,804,890,576,0,576,737,541,45,141,240,221,299,279,255,374,972,26,112,3,0,741,1853,1,13
2022,Sudeste,3,Minas Gerais,MG,31,Belo Horizonte,3106200,1,Metropolitana de Belo Horizonte,7,Belo Horizonte,30,2,4,INSTITUTO CULTURAL NEWTON PAIVA FERREIRA LTDA,239,343,CENTRO UNIVERSITÁRIO NEWTON PAIVA,NEWTON PAIVA,Rua C (Marechal Foch),12,-,Nova Granada,30431189.0,401,0,0,5,2,102,50,88,41,40,20,30,13,8,2,0,0,0,1,1,1,0,1,244,25511,247,247,135,112,0,0,24,140,83,48,13,35,100,99,8,36,46,53,53,36,11,4,143,5,50,0,0,49,247,0,0
2022,Sudeste,3,Minas Gerais,MG,31,Belo Horizonte,3106200,1,Metropolitana de Belo Horizonte,7,Belo Horizonte,30,2,4,BRASIL EDUCACAO S/A,3052,344,CENTRO UNIVERSITÁRIO UNA,UNA,Rua dos Aimorés,1.451,Campus Sede Aimorés e NEAD,Lourdes,30140071.0,324,2,4,3,6,125,94,33,15,10,0,14,7,7,4,1,0,1,1,1,1,1,1,22000,34357,716,716,384,332,0,0,133,371,212,353,0,353,295,68,8,101,151,184,126,69,45,32,558,18,139,1,0,0,715,1,0
2022,Sudeste,3,Minas Gerais,MG,31,Belo Horizonte,3106200,1,Metropolitana de Belo Horizonte,7,Belo Horizonte,30,3,5,FUNDACAO EDUCACIONAL MINAS GERAIS,241,345,ESCOLA DE ENGENHARIA KENNEDY,EEK,Rua José Dias Vieira,46,-,Visconde do Rio Branco,31535040.0,136,7,6,8,3,46,28,17,14,3,1,2,0,0,1,1,0,0,1,1,1,1,1,108273,14000,18,18,6,12,0,0,0,15,3,8,0,8,10,0,0,2,4,3,2,3,1,3,8,0,2,0,0,8,18,0,0
2022,Sudeste,3,São Paulo,SP,35,Limeira,3526902,0,Piracicaba,6,Limeira,27,3,5,ASSOCIACAO LIMEIRENSE DE EDUCACAO ALIE,242,346,INSTITUTO SUPERIOR DE CIÊNCIAS APLICADAS - ISCA,ISCA,Rodovia Deputado Laércio Corte,3000,CAIXA POSTAL 98,Chácara Vista da Graminha,13482383.0,15,0,0,2,3,2,0,1,2,5,0,0,0,0,0,0,0,0,1,0,1,0,0,3,0,52,34,12,22,0,0,13,19,2,2,0,2,6,26,0,2,5,4,3,8,4,8,26,0,2,0,0,6,34,0,0
2022,Sudeste,3,Minas Gerais,MG,31,Belo Horizonte,3106200,1,Metropolitana de Belo Horizonte,7,Belo Horizonte,30,2,4,IEDUC - INSTITUTO DE EDUCACAO E CULTURA S/A,14298,349,CENTRO UNIVERSITÁRIO DE BELO HORIZONTE,UNI-BH,Avenida Prof. Mário Werneck,1685,Campus Buritis - Unidade SEDE,Estoril,30455610.0,227,1,7,2,2,77,67,18,13,6,7,7,12,4,4,0,0,1,1,1,1,1,1,22000,34357,442,442,248,194,0,0,79,201,162,230,0,230,160,52,5,57,88,118,92,30,30,22,356,9,76,1,0,0,442,0,0
2022,Sudeste,3,Minas Gerais,MG,31,Belo Horizonte,3106200,1,Metropolitana de Belo Horizonte,7,Belo Horizonte,30,3,5,FUNDACAO EDUCACIONAL LUCAS MACHADO FELUMA,244,351,FACULDADE DE CIÊNCIAS MÉDICAS DE MINAS GERAIS,FCMMG,Alameda Ezequiel Dias,275,-,Centro,30130110.0,274,0,1,4,3,62,55,82,29,19,9,6,2,2,0,1,0,1,0,0,1,1,1,42632,6846,395,386,198,188,0,0,42,225,119,57,0,57,310,19,0,35,79,87,47,49,40,49,279,1,88,1,0,17,384,2,1
2022,Sudeste,3,São Paulo,SP,35,São Paulo,3550308,1,Metropolitana de São Paulo,15,São Paulo,61,2,5,ORGANIZACAO PAULISTA DE EDUCACAO E CULTURA,251,360,CENTRO UNIVERSITÁRIO PAULISTANO,UNIPAULISTANA,Rua Madre Cabrini,38,-,Vila Mariana,4020001.0,24,1,2,2,2,4,4,5,1,2,0,0,1,0,0,0,0,1,1,1,1,1,1,0,13383,56,56,23,33,0,0,16,28,12,11,0,11,39,6,0,2,5,3,9,10,13,14,49,1,4,2,0,0,56,0,0
2022,Sudeste,3,São Paulo,SP,35,São Caetano do Sul,3548807,0,Metropolitana de São Paulo,15,São Paulo,61,3,5,AESP - ASSOCIACAO EDUCACIONAL DE SAO PAULO,15738,361,Faculdade Paulista de Serviço Social de São Caetano do Sul,FAPSS,Avenida Paraíso,600,-,Vila Gerti,9571200.0,8,0,0,0,0,1,0,4,3,0,0,0,0,0,0,0,0,1,1,1,1,1,1,0,7650,9,9,6,3,0,1,2,3,3,6,3,3,0,3,0,0,2,4,1,0,1,1,7,0,0,0,0,2,9,0,0
2022,Sudeste,3,São Paulo,SP,35,São Paulo,3550308,1,Metropolitana de São Paulo,15,São Paulo,61,3,4,BWS  NUCLEO DE ENSINO SUPERIOR EM CIENCIAS HUMANAS E DA SAUDE LTDA.,16136,362,FACULDADE PAULISTA DE SERVIÇO SOCIAL,FAPSS-SP.,Rua Lopes Chaves,273,Unidade SEDE,Barra Funda,1154010.0,73,1,0,6,1,21,13,11,4,5,2,4,0,3,2,0,0,1,1,1,1,0,1,43,15691,9,9,7,2,0,0,0,3,6,1,1,0,4,4,0,1,2,3,0,2,1,0,4,3,2,0,0,0,9,0,0
2022,Sudeste,3,São Paulo,SP,35,São Paulo,3550308,1,Metropolitana de São Paulo,15,São Paulo,61,3,5,SOCIEDADE DE ENSINO SUPERIOR MOZARTEUM,253,363,FACULDADE MOZARTEUM DE SÃO PAULO,FAMOSP,Rua Nova dos Portugueses,365,-,Santa Terezinha,2462080.0,8,0,0,0,0,3,1,2,1,1,0,0,0,0,0,0,0,0,1,1,1,0,0,50,12000,31,26,16,10,0,0,12,7,7,5,0,5,12,9,0,1,0,2,7,3,6,7,18,1,3,2,1,1,25,1,0
2022,Sudeste,3,Minas Gerais,MG,31,Montes Claros,3143302,0,Norte de Minas,2,Montes Claros,7,1,2,UNIVERSIDADE ESTADUAL DE MONTES CLAROS,256,367,UNIVERSIDADE ESTADUAL DE MONTES CLAROS,UNIMONTES,Campus Universitário Prof. Darcy Ribeiro - Avenida Rui Braga,s/n,Caixa Postal 126,Vila Mauricéia,39401089.0,1250,1,8,0,1,215,132,379,164,204,99,30,7,7,3,1,0,1,1,1,1,1,1,76,10000,938,926,496,430,0,0,103,347,476,797,189,608,129,0,2,37,90,148,182,182,149,136,23,3,864,0,0,36,925,1,0
2022,Sudeste,3,São Paulo,SP,35,Sorocaba,3552205,0,Macro Metropolitana Paulista,12,Sorocaba,46,3,5,ASSOCIACAO CRISTA DE MOCOS DE SOROCABA,257,368,FACULDADE DE EDUCAÇÃO FÍSICA DA ASSOCIAÇÃO CRISTÃ DE MOÇOS DE SOROCABA,FEFISO,Rua da Penha,680,-,Centro,18010002.0,7,0,0,0,0,3,1,2,0,1,0,0,0,0,0,0,0,0,1,1,1,0,1,1,2718,18,18,5,13,0,0,2,8,8,4,3,1,9,5,0,0,0,2,6,6,3,1,18,0,0,0,0,0,17,1,0
2022,Sudeste,3,São Paulo,SP,35,São Paulo,3550308,1,Metropolitana de São Paulo,15,São Paulo,61,3,5,IBDE INSTITUTO BRASILEIRO DE DESENV.EMPRESARIAL,806,370,FACULDADE PAULISTA DE ARTES,FPA,Rua Conselheiro Ramalho,610,Sede Administrativa e Acadêmica,Bela Vista,1325000.0,5,1,1,0,0,0,0,1,1,1,0,0,0,0,0,0,0,0,0,0,0,0,0,35,35,18,14,6,8,0,0,2,7,5,0,0,0,0,14,0,0,0,1,3,4,3,3,9,1,0,0,0,4,14,0,0
2022,Sudeste,3,São Paulo,SP,35,São Paulo,3550308,1,Metropolitana de São Paulo,15,São Paulo,61,3,4,UNIESP S.A,16134,371,FACULDADE DE MÚSICA CARLOS GOMES,FMCG,Rua Conselheiro Crispiniano,116/120/140,-,Centro,5794330.0,14,1,0,1,0,3,3,6,0,0,0,0,0,0,0,0,0,1,1,1,1,1,1,22203,11250,5,5,1,4,0,0,2,2,1,1,0,1,2,2,0,0,0,0,1,1,1,2,4,0,0,0,0,1,5,0,0
2022,Sudeste,3,São Paulo,SP,35,São Paulo,3550308,1,Metropolitana de São Paulo,15,São Paulo,61,3,5,FUNDACAO ESCOLA DE SOCIOLOGIA E POLITICA DE SAO PAULO,261,373,ESCOLA DE SOCIOLOGIA E POLÍTICA DE SÃO PAULO,ESP,Rua General Jardim,522,-,Vila Buarque,1223010.0,36,0,0,2,5,0,0,11,4,10,3,0,1,0,0,0,0,1,1,1,1,1,1,1111,590,35,35,18,17,0,0,4,10,21,4,4,0,14,17,0,1,8,7,6,2,2,9,29,3,0,0,1,2,33,2,0
2022,Sudeste,3,São Paulo,SP,35,São Paulo,3550308,1,Metropolitana de São Paulo,15,São Paulo,61,2,5,FACULDADES METROPOLITANAS UNIDAS EDUCACIONAIS LTDA.,262,374,CENTRO UNIVERSITÁRIO DAS FACULDADES METROPOLITANAS UNIDAS,FMU,Avenida Santo Amaro,1239,FMU - Santo Amaro,Vila Nova Conceição,4505002.0,840,3,2,9,14,214,170,133,99,66,53,34,23,10,10,1,0,1,1,1,1,0,1,29317,27917,613,613,300,313,0,0,74,332,207,134,0,134,164,315,11,55,102,124,102,97,57,65,443,5,26,4,0,135,610,3,3
2022,Sudeste,3,São Paulo,SP,35,São Paulo,3550308,1,Metropolitana de São Paulo,15,São Paulo,61,1,5,OBRAS SOCIAIS E EDUCACIONAIS DE LUZ,488,375,UNIVERSIDADE SANTO AMARO,UNISA,Rua Enéas de Siqueira Neto,340,-,Jardim das Imbuias,4829300.0,851,22,16,24,10,190,205,99,93,91,77,6,16,2,0,1,0,1,1,1,1,1,1,2591,23578,693,685,349,336,0,0,70,338,277,325,16,309,296,64,11,79,110,114,95,88,86,102,469,13,95,21,0,87,680,5,0
2022,Sudeste,3,São Paulo,SP,35,São Paulo,3550308,1,Metropolitana de São Paulo,15,São Paulo,61,2,4,ANHANGUERA EDUCACIONAL PARTICIPACOES S/A,16452,376,CENTRO UNIVERSITÁRIO ANHANGUERA DE SÃO PAULO,,Rua Afonso Celso,235,Vila Mariana,Vila Mariana,4119901.0,365,0,0,1,0,44,37,98,36,67,31,20,14,11,6,0,0,1,1,1,1,1,1,60395,238009,284,284,140,144,0,0,83,107,94,22,0,22,137,125,8,26,45,50,53,42,25,35,224,15,39,5,1,0,283,1,9
2022,Sudeste,3,São Paulo,SP,35,São Paulo,3550308,1,Metropolitana de São Paulo,15,São Paulo,61,3,5,FUNDACAO ARNALDO VIEIRA DE CARVALHO,288,415,FACULDADE DE CIÊNCIAS MÉDICAS DA SANTA CASA SÃO PAULO,FCMSCSP,RUA DOUTOR CESÁRIO MOTA JÚNIOR,61,11º ANDAR,VILA BUARQUE,1221020.0,419,7,2,23,12,77,78,79,59,33,24,11,4,5,5,1,0,1,1,1,1,1,1,62492,10000,387,387,178,209,0,0,31,39,317,35,0,35,340,12,2,9,30,36,51,54,61,144,329,3,14,20,0,21,385,2,0
2022,Sudeste,3,São Paulo,SP,35,São Paulo,3550308,1,Metropolitana de São Paulo,15,São Paulo,61,3,4,UNIESP S.A,16134,416,FACULDADE DE SÃO PAULO,FASP,Rua Conselheiro Crispiniano,120/140,Unidade Acadêmica,Centro,5794330.0,14,1,0,1,0,3,3,6,0,0,0,0,0,0,0,1,0,1,0,1,1,1,1,22203,11213,10,9,3,6,0,0,3,5,1,6,0,6,1,2,0,0,0,2,3,0,3,1,4,0,1,0,0,4,9,0,0
2022,Sudeste,3,São Paulo,SP,35,São Paulo,3550308,1,Metropolitana de São Paulo,15,São Paulo,61,1,4,SECID - SOCIEDADE EDUCACIONAL CIDADE DE SAO PAULO LTDA,290,417,UNIVERSIDADE CIDADE DE SÃO PAULO,UNICID,Rua Cesário Galero,448/475,474,Tatuapé,3071000.0,455,0,0,5,3,116,66,104,77,50,27,4,2,0,1,0,0,1,1,0,1,0,1,32668,19594,506,501,277,224,0,0,14,243,244,184,0,184,202,115,12,31,65,83,70,63,85,92,408,10,65,1,0,17,496,5,3
2022,Sudeste,3,São Paulo,SP,35,Marília,3529005,0,Marília,9,Marília,38,1,4,ASSOCIACAO DE ENSINO DE MARILIA LTDA,292,420,UNIVERSIDADE DE MARÍLIA,UNIMAR,Avenida Higyno Muzzi Filho,1.001,Bloco I,Campus Universitario,17525902.0,160,0,1,0,1,35,25,34,29,13,14,4,3,0,1,1,0,0,1,1,1,1,1,794,11521,281,256,119,137,0,0,35,101,120,125,0,125,104,27,8,19,32,32,49,45,46,25,229,2,21,4,0,0,255,1,5
2022,Sudeste,3,São Paulo,SP,35,Marília,3529005,0,Marília,9,Marília,38,3,2,FACULDADE DE MEDICINA DE MARILIA,300,431,FACULDADE DE MEDICINA DE MARÍLIA,FAMEMA,Avenida Monte Carmelo,800,-,FRAGATA C,17519030.0,195,1,0,7,5,37,24,63,21,18,10,8,0,0,1,1,0,1,0,0,1,1,1,13000,0,192,192,85,107,0,0,55,41,96,91,45,46,101,0,0,2,4,19,15,18,38,96,183,1,1,7,0,0,192,0,6
2022,Sudeste,3,São Paulo,SP,35,São Paulo,3550308,1,Metropolitana de São Paulo,15,São Paulo,61,3,5,ASSOCIACAO SANTA MARCELINA,303,434,FACULDADE SANTA MARCELINA,FASM,Rua Doutor Emílio Ribas,89,-,Perdizes,5006020.0,165,0,0,0,1,27,27,33,16,11,12,9,4,12,13,1,0,1,1,1,1,0,1,54,13288,313,307,150,157,0,0,129,104,74,12,0,12,154,141,3,21,39,69,55,35,37,48,145,3,25,5,0,129,301,6,0
2022,Sudeste,3,Minas Gerais,MG,31,Muriaé,3143906,0,Zona da Mata,12,Muriaé,63,3,5,ASSOCIACAO SANTA MARCELINA,303,435,FACULDADE SANTA MARCELINA MURIAÉ - FASM,FASM,Praça Praça Annina Bisegna,40,-,Centro,36880083.0,23,0,0,0,0,3,0,2,3,7,3,3,0,0,2,0,0,1,1,1,1,1,1,650,21976,38,38,21,17,0,0,14,17,7,1,0,1,10,27,5,5,9,7,2,3,4,3,31,0,7,0,0,0,38,0,0
2022,Sudeste,3,São Paulo,SP,35,Ituverava,3524105,0,Ribeirão Preto,2,Ituverava,11,3,5,FUNDACAO EDUCACIONAL DE ITUVERAVA,306,438,FACULDADE DE FILOSOFIA CIÊNCIAS E LETRAS DE ITUVERAVA,FFCL,Rua Coronel Flauzino Barbosa Sandoval,1259,-,Cidade Universitária,14500000.0,5,0,0,0,0,0,0,2,1,2,0,0,0,0,0,0,0,1,1,1,1,1,1,650,25526,93,88,36,52,0,1,37,30,20,0,0,0,5,83,15,12,10,15,15,7,7,7,56,1,4,3,0,24,88,0,0
2022,Sudeste,3,São Paulo,SP,35,Ituverava,3524105,0,Ribeirão Preto,2,Ituverava,11,3,5,FUNDACAO EDUCACIONAL DE ITUVERAVA,306,439,FACULDADE DOUTOR FRANCISCO MAEDA,FAFRAM,Rodovia Jerônimo Nunes Macêdo Km 01,s/n,Campus Agronomia,Aeroporto,14500000.0,108,0,0,3,8,19,32,32,12,0,0,0,1,0,1,0,0,1,1,1,1,1,1,669,30399,102,98,49,49,0,0,17,29,52,46,0,46,38,14,7,10,21,19,13,10,6,12,79,2,3,6,0,8,98,0,0
2022,Sudeste,3,São Paulo,SP,35,Itu,3523909,0,Macro Metropolitana Paulista,12,Sorocaba,46,3,4,OSAC - ORGANIZACAO SOROCABANA DE ASSISTENCIA E CULTURA LTDA.,307,440,FACULDADE DE DIREITO DE ITÚ,FADITU,Avenida Tiradentes,1.817,-,Parque Industrial,13309640.0,19,0,0,0,0,5,2,7,1,2,1,1,0,0,0,0,0,1,1,1,1,1,1,25,10315,45,42,9,33,0,0,11,24,7,4,0,4,1,37,0,4,8,11,7,3,3,6,40,1,1,0,0,0,42,0,0
2022,Sudeste,3,São Paulo,SP,35,São Paulo,3550308,1,Metropolitana de São Paulo,15,São Paulo,61,2,5,INSTITUTO SANTANENSE DE ENSINO SUPERIOR,316,456,CENTRO UNIVERSITÁRIO SANT¿ANNA,UNISANT'ANNA,Rua Voluntários da Pátria,257,CAMPUS  - SÃO PAULO - SANTANA,Santana,2011000.0,70,0,0,0,0,20,11,18,14,2,2,1,1,0,1,1,0,1,1,1,1,1,1,108273,14000,54,54,18,36,0,0,4,38,12,18,0,18,30,6,0,6,6,6,13,5,8,10,35,2,6,2,0,9,54,0,0
2022,Sudeste,3,São Paulo,SP,35,São Paulo,3550308,1,Metropolitana de São Paulo,15,São Paulo,61,1,4,ANHANGUERA EDUCACIONAL PARTICIPACOES S/A,16452,457,UNIVERSIDADE ANHANGUERA DE SÃO PAULO,UNIAN - SP,Rua Afonso Celso,235,-,Vila Mariana,4119901.0,403,0,0,1,4,33,36,131,41,69,39,25,12,9,3,0,0,1,1,1,1,1,1,60395,238009,582,582,278,304,0,0,168,279,135,78,0,78,287,217,25,69,87,95,100,70,71,65,465,22,84,8,3,0,581,1,8
2022,Sudeste,3,São Paulo,SP,35,São Paulo,3550308,1,Metropolitana de São Paulo,15,São Paulo,61,1,5,ASSOCIACAO DE ENSINO IMPERIUM,17411,458,UNIVERSIDADE IBIRAPUERA,UNIB,Avenida Interlagos,1.329,-,Jardim Marajoara,4661100.0,34,0,0,0,0,14,8,9,2,0,0,0,1,0,0,1,0,1,1,1,1,0,1,500,200000,97,88,46,42,0,0,6,33,49,51,0,51,28,9,1,8,12,28,20,8,2,9,55,3,7,4,1,18,86,2,0
2022,Sudeste,3,São Paulo,SP,35,São Paulo,3550308,1,Metropolitana de São Paulo,15,São Paulo,61,2,5,FUNDACAO ARMANDO ALVARES PENTEADO,320,461,CENTRO UNIVERSITÁRIO ARMANDO ALVARES PENTEADO,FA-FAAP,Rua Alagoas,903,-,HIGIENOPOLIS,1242902.0,106,0,0,0,5,18,17,14,25,13,12,0,2,0,0,0,0,1,0,1,1,0,1,8307,7136,353,299,120,179,0,0,31,126,142,66,0,66,4,229,1,9,17,36,41,48,38,109,290,1,2,6,0,0,299,0,0
2022,Sudeste,3,São Paulo,SP,35,São Paulo,3550308,1,Metropolitana de São Paulo,15,São Paulo,61,1,4,ISCP - SOCIEDADE EDUCACIONAL LTDA.,321,466,UNIVERSIDADE ANHEMBI MORUMBI,UAM,Rua Dr. Almeida Lima,1124 e 1134,Centro,Brás,3164000.0,1527,2,0,5,3,513,290,277,174,112,72,25,23,16,15,1,0,1,1,1,1,1,1,22000,34357,900,900,451,449,0,0,152,448,300,347,0,347,120,433,13,121,176,184,139,98,85,84,894,3,3,0,0,0,899,1,0
2022,Sudeste,3,Rio de Janeiro,RJ,33,Duque de Caxias,3301702,0,Metropolitana do Rio de Janeiro,6,Rio de Janeiro,18,1,4,COMPANHIA NILZA CORDEIRO HERDY DE EDUCACAO E CULTURA,326,472,UNIVERSIDADE DO GRANDE RIO PROFESSOR JOSÉ DE SOUZA HERDY,UNIGRANRIO,Rua Professor José de Souza Herdy,1160,POLO NA SEDE,Jardim Vinte e Cinco de Agosto,25071202.0,572,4,6,7,19,129,105,86,66,63,41,15,12,8,11,1,0,1,1,1,1,0,1,78107,28216,572,571,320,251,0,0,207,218,146,193,0,193,348,30,11,67,81,107,106,76,74,49,182,16,31,0,0,342,569,2,1
2022,Sudeste,3,Rio de Janeiro,RJ,33,Resende,3304201,0,Sul Fluminense,5,Vale do Paraíba Fluminense,11,2,5,ASSOCIACAO EDUCACIONAL DOM BOSCO,327,473,Centro Universitário Dom Bosco do Rio de Janeiro,UniDomBosco-RJ,Avenida Professor Antonio Esteves,01,-,Morada da Colina,27523000.0,59,0,1,0,3,8,5,19,11,5,4,1,2,0,0,0,0,1,1,0,1,1,1,287,12000,54,54,20,34,0,0,9,36,9,15,0,15,14,25,2,5,7,10,11,7,6,6,39,0,8,0,0,7,54,0,0
2022,Sudeste,3,Rio de Janeiro,RJ,33,Resende,3304201,0,Sul Fluminense,5,Vale do Paraíba Fluminense,11,3,5,ASSOCIACAO EDUCACIONAL DOM BOSCO,327,474,FACULDADE DE FILOSOFIA CIÊNCIAS E LETRAS DOM BOSCO,FFCLDB,Avenida Professor Antonio Esteves,01,-,Morada da Colina,27523000.0,59,0,1,0,3,8,5,19,11,5,4,1,2,0,0,0,0,1,1,0,1,1,1,287,12000,28,28,19,9,0,0,8,15,5,4,1,3,11,13,0,2,5,6,5,3,2,5,20,1,5,0,0,2,28,0,0
2022,Sudeste,3,Rio de Janeiro,RJ,33,Petrópolis,3303906,0,Metropolitana do Rio de Janeiro,6,Serrana,15,3,5,FUNDACAO OCTACILIO GUALBERTO,328,475,FACULDADE DE MEDICINA DE PETRÓPOLIS,FMP,Avenida Barão do Rio Branco,1003,-,Centro,25680120.0,314,11,23,2,8,46,35,43,20,84,35,5,2,0,0,0,0,1,0,1,1,0,1,804,15738,358,354,208,146,0,0,60,182,112,98,0,98,224,32,7,18,50,53,39,56,49,82,299,1,12,3,0,39,349,5,0
2022,Sudeste,3,Rio de Janeiro,RJ,33,Teresópolis,3305802,0,Metropolitana do Rio de Janeiro,6,Serrana,15,2,5,FESO FUNDACAO EDUCACIONAL SERRA DOS ORGAOS,330,480,CENTRO UNIVERSITÁRIO SERRA DOS ÓRGÃOS,UNIFESO,Avenida Alberto Torres,111,- até 491 - lado ímpar,Alto,25964004.0,317,0,0,9,9,54,59,92,46,31,14,2,1,0,0,0,0,1,0,1,1,1,1,0,465,423,420,227,193,0,0,117,167,136,79,0,79,302,39,11,42,57,52,55,56,58,89,300,5,24,1,1,89,415,5,3
2022,Sudeste,3,São Paulo,SP,35,Guarulhos,3518800,0,Metropolitana de São Paulo,15,Guarulhos,59,1,5,SOCIEDADE PAULISTA DE ENSINO E PESQUISA S/S LTDA,16298,481,Universidade Universus Veritas Guarulhos,Univeritas UNG,Praça Tereza Cristina,88,Guarulhos Centro,Centro,7023070.0,183,1,2,0,3,20,35,66,33,6,7,3,4,1,2,1,0,1,1,1,1,0,0,517000,29000,491,491,247,244,0,0,117,235,139,180,0,180,105,206,30,77,102,86,73,51,28,44,339,6,132,2,3,9,489,2,0
2022,Sudeste,3,São Paulo,SP,35,Guarulhos,3518800,0,Metropolitana de São Paulo,15,Guarulhos,59,2,5,SOCIEDADE GUARULHENSE DE EDUCACAO,333,483,CENTRO UNIVERSITÁRIO METROPOLITANO DE SÃO PAULO,UNIMESP,Rua Doutor Solon Fernandes,155,Centro Universitário Metropolitano de São Paulo - Unimesp,Vila Rosália - Guarulhos,7072080.0,107,8,8,3,4,11,10,27,15,14,6,0,1,0,0,1,0,1,1,1,1,1,1,297,28921,42,42,16,26,0,0,7,24,11,16,0,16,22,4,0,0,1,1,7,8,4,21,35,0,5,0,0,2,42,0,0
2022,Sudeste,3,Rio de Janeiro,RJ,33,Volta Redonda,3306305,0,Sul Fluminense,5,Vale do Paraíba Fluminense,11,2,5,FUNDACAO OSWALDO ARANHA,336,489,CENTRO UNIVERSITÁRIO DE VOLTA REDONDA,UNIFOA,Avenida Paulo Erlei Alves Abrantes,1325,CAMPUS  - VOLTA REDONDA - TRÊS POÇOS,Três Poços,27240560.0,386,0,18,4,13,94,64,97,44,22,17,6,6,1,0,1,0,1,1,1,1,0,1,44192,20635,319,319,132,187,0,0,24,157,138,97,0,97,216,6,3,5,29,49,67,50,49,67,215,6,45,0,0,53,315,4,0
2022,Sudeste,3,Rio de Janeiro,RJ,33,Valença,3306107,0,Sul Fluminense,5,Barra do Piraí,12,2,5,FUNDACAO EDUCACIONAL D ANDRE ARCOVERDE,337,490,CENTRO UNIVERSITÁRIO DE VALENÇA,UNIFAA,Rua Sargento Vitor Hugo,219,Unidade SEDE,Fátima,27600000.0,285,8,4,30,15,55,26,30,59,10,11,8,16,8,5,0,0,1,1,1,1,0,1,646,25516,213,213,104,109,0,0,33,108,72,86,0,86,127,0,2,31,49,43,23,21,20,24,106,6,9,0,0,92,212,1,1
2022,Sudeste,3,São Paulo,SP,35,Guarujá,3518701,0,Metropolitana de São Paulo,15,Santos,63,2,5,ASSOCIACAO AMPARO AOS PRAIANOS DO GUARUJA,338,491,CENTRO UNIVERSITÁRIO DON DOMÊNICO,UNIDON,Av. Dr. Arthur Costa Filho,20,-,Vila Maia,11410080.0,18,0,0,0,0,1,0,6,1,2,1,3,3,0,1,1,0,1,1,1,1,1,0,15974,15974,44,44,23,21,0,0,11,28,5,18,0,18,2,24,0,1,4,12,8,6,8,5,33,1,6,1,0,3,43,1,0
2022,Sudeste,3,São Paulo,SP,35,Guaratinguetá,3518404,0,Vale do Paraíba Paulista,13,Guaratinguetá,51,3,5,UNIESP S.A,16134,493,FACULDADE DE EDUCAÇÃO DE GUARATINGUETÁ,FACEG,AVENIDA PEDRO DE TOLEDO,195,PAVIMENTO INFERIOR,VILA PARAÍBA,12515690.0,7,0,2,0,0,1,0,1,0,2,0,0,0,1,0,1,0,1,0,1,1,1,1,22203,11213,3,3,2,1,0,0,0,1,2,1,0,1,2,0,0,0,1,1,0,1,0,0,2,1,0,0,0,0,3,0,0
2022,Sudeste,3,São Paulo,SP,35,Bragança Paulista,3507605,0,Macro Metropolitana Paulista,12,Bragança Paulista,48,3,3,FUNDACAO MUNICIPAL DE ENSINO SUPERIOR BRAGANCA PAULISTA,341,495,FACULDADE DE CIÊNCIAS E LETRAS DE BRAGANÇA PAULISTA,FESB,Avenida Francisco Samuel Lucche Filho,770,-,Penha,12929600.0,28,0,0,0,0,3,5,12,5,2,1,0,0,0,0,0,0,1,1,1,1,1,1,12,15538,112,86,45,41,0,0,30,36,20,0,0,0,0,86,4,5,13,11,15,12,17,9,68,2,4,1,0,11,85,1,0
2022,Sudeste,3,São Paulo,SP,35,Franca,3516200,0,Ribeirão Preto,2,Franca,12,1,4,ACEF S/A.,342,496,UNIVERSIDADE DE FRANCA,UNIFRAN,Avenida Doutor Armando Sales Oliveira,201,-,Parque Universitário,14404600.0,234,0,0,5,8,53,70,49,24,15,7,1,0,1,1,1,0,1,1,0,1,0,1,47876,32668,301,301,167,134,0,0,17,151,133,101,0,101,115,85,2,19,38,59,55,47,43,38,278,8,11,1,0,3,301,0,1
2022,Sudeste,3,Espírito Santo,ES,32,Vitória,3205309,1,Central Espírito-santense,3,Vitória,9,3,5,IRMANDADE DA SANTA CASA DE MISERICORDIA DE VITORIA,345,501,ESCOLA SUPERIOR DE CIÊNCIAS DA SANTA CASA DE MISERICÓRDIA DE VITÓRIA,EMESCAM,AVENIDA NOSSA SENHORA DA PENHA,2190,-,SANTA LUIZA,29045402.0,98,5,3,2,4,20,18,22,8,13,1,1,0,0,1,1,0,1,0,1,1,0,1,12365,9500,219,216,115,101,0,0,54,102,60,21,0,21,154,41,6,12,33,47,29,17,12,60,168,3,41,1,0,3,216,0,0
2022,Sudeste,3,São Paulo,SP,35,Santos,3548500,0,Metropolitana de São Paulo,15,Santos,63,2,4,"INSTITUTO DE EDUCACAO, CULTURA E ENSINO SUPERIOR S/A",346,502,CENTRO UNIVERSITÁRIO SÃO JUDAS TADEU,CSJT,Avenida Rangel Pestana,99,CAMPUS UNIMONTE,Vila Mathias,11013551.0,67,0,3,1,0,14,16,12,8,5,1,4,0,3,0,1,0,1,1,1,1,1,1,22000,34357,221,221,109,112,0,0,18,139,64,65,0,65,55,101,5,14,31,41,30,43,29,28,204,2,12,3,0,0,221,0,0
2022,Sudeste,3,Rio de Janeiro,RJ,33,Campos dos Goytacazes,3301009,0,Norte Fluminense,2,Campos dos Goytacazes,3,3,5,FUNDACAO BENEDITO PEREIRA NUNES,348,506,FACULDADE DE MEDICINA DE CAMPOS,FMC,Avenida Doutor Alberto Torres,217,TÉRREO,CENTRO,,153,5,13,3,6,38,32,22,21,7,4,1,1,0,0,0,0,1,0,0,1,1,1,448,37734,148,148,58,90,0,0,36,70,42,11,0,11,118,19,2,1,7,25,18,14,19,62,110,0,9,0,9,20,147,1,1
2022,Sudeste,3,Minas Gerais,MG,31,Ituiutaba,3134202,0,Triângulo Mineiro/Alto Paranaíba,5,Ituiutaba,17,3,5,CENTRO DE EDUCACAO SUPERIOR MAIS EIRELI,2666,507,Faculdade Mais de Ituiutaba,FacMais,Avenida Geraldo Alves Tavares,1980,-,Universitário,38302134.0,19,0,1,0,0,5,3,5,3,1,0,0,1,0,0,0,0,1,1,1,1,1,0,200,12000,66,66,34,32,0,0,23,30,13,14,0,14,52,0,11,22,13,11,4,3,1,1,51,0,4,0,0,11,66,0,0
2022,Sudeste,3,Minas Gerais,MG,31,Itajubá,3132404,0,Sul/Sudoeste de Minas,10,Itajubá,56,3,5,CENTRO REGIONAL DE CULTURA,350,508,FACULDADE DE CIÊNCIAS SOCIAIS APLICADAS DO SUL DE MINAS - FACESM,FACESM,Avenida Presidente Tancredo de Almeida Neves,45,-,São Judas Tadeu,37504066.0,10,0,1,0,1,1,1,2,0,2,0,0,1,0,1,0,0,1,0,1,1,1,0,57,2800,19,19,5,14,0,0,2,13,4,2,0,2,0,17,0,3,3,2,2,4,3,2,18,0,0,0,0,1,19,0,0
2022,Sudeste,3,Minas Gerais,MG,31,Itajubá,3132404,0,Sul/Sudoeste de Minas,10,Itajubá,56,3,5,"ASSOCIACAO DE EDUCACAO, SAUDE E CULTURA - AESC",352,510,FACULDADE WENCESLAU BRAZ,,Avenida Cesário Alvim,566,-,Centro,37501059.0,19,0,0,0,0,3,1,6,2,4,0,3,0,0,0,0,0,1,1,1,1,1,1,0,3318,22,22,22,0,0,0,4,16,2,1,0,1,12,9,1,0,6,1,3,2,5,4,20,1,1,0,0,0,22,0,0
2022,Sudeste,3,Minas Gerais,MG,31,Governador Valadares,3127701,0,Vale do Rio Doce,8,Governador Valadares,37,1,5,FUNDACAO PERCIVAL FARQUHAR,354,513,UNIVERSIDADE VALE DO RIO DOCE,UNIVALE,Rua Israel Pinheiro,2000,Campus Antônio Rodrigues Coelho,Universitário,35020220.0,471,33,53,9,6,71,95,68,34,42,34,16,6,4,0,1,0,0,0,1,1,1,1,24937,26000,277,276,147,129,0,0,97,124,55,97,0,97,17,162,11,43,51,47,27,28,34,35,188,6,76,0,5,1,275,1,0
2022,Sudeste,3,Rio de Janeiro,RJ,33,Barra Mansa,3300407,0,Sul Fluminense,5,Vale do Paraíba Fluminense,11,2,5,SOBEU - ASSOCIACAO BARRAMANSENSE DE ENSINO,355,514,CENTRO UNIVERSITÁRIO DE BARRA MANSA,UBM,Rua Vereador Pinho de Carvalho,267,Campus Barra Mansa,Centro,27330550.0,153,1,4,5,4,22,14,51,33,11,5,1,1,0,1,1,0,1,1,1,1,1,1,102,204,188,188,87,101,0,0,40,121,27,39,0,39,69,80,1,18,24,34,23,25,27,36,148,3,13,0,1,23,188,0,0
2022,Sudeste,3,Rio de Janeiro,RJ,33,Niterói,3303302,0,Metropolitana do Rio de Janeiro,6,Rio de Janeiro,18,2,4,ANHANGUERA EDUCACIONAL PARTICIPACOES S/A,16452,515,Centro Universitário Anhanguera Pitágoras Unopar de Niterói,UNIAN-RJ,Rua Visconde do Rio Branco,123,Unidade SEDE,Centro,24020000.0,262,0,0,0,0,32,28,66,26,70,21,7,7,2,3,0,0,1,1,1,1,1,1,60395,238009,342,342,186,156,0,0,44,176,122,60,0,60,222,60,10,69,72,62,42,31,27,29,258,21,56,6,1,0,339,3,7
2022,Sudeste,3,Rio de Janeiro,RJ,33,Rio de Janeiro,3304557,1,Metropolitana do Rio de Janeiro,6,Rio de Janeiro,18,2,5,UNIESP S.A,16134,516,CENTRO UNIVERSITÁRIO DO RIO DE JANEIRO,UNIRJ,Rua Engenheiro Trindade,229,-,Campo Grande,23050290.0,13,0,0,0,0,1,0,5,2,3,1,1,0,0,0,1,0,1,0,1,1,1,1,22203,11213,19,19,8,11,0,0,6,9,4,7,0,7,6,6,0,0,2,3,4,3,4,3,10,0,7,0,0,2,19,0,0
2022,Sudeste,3,São Paulo,SP,35,Jaboticabal,3524303,0,Ribeirão Preto,2,Jaboticabal,13,3,5,ASSOCIACAO JABOTICABALENSE DE EDUCACAO E CULTURA,358,517,FACULDADE DE EDUCAÇÃO SÃO LUÍS,FESL,Rua Floriano Peixoto,839/873,- até 969/970,Centro,14870370.0,32,0,0,0,0,8,3,13,5,1,0,1,0,1,0,0,0,1,0,0,1,0,1,380,1,114,114,61,53,0,0,33,54,27,9,0,9,61,44,0,8,21,23,25,8,10,19,106,1,2,2,0,3,113,1,2
2022,Sudeste,3,São Paulo,SP,35,Mogi das Cruzes,3530607,0,Metropolitana de São Paulo,15,Mogi das Cruzes,62,1,4,ORGANIZACAO MOGIANA DE EDUCACAO E CULTURA SOCIEDADE SIMPLES LIMITADA,362,521,UNIVERSIDADE DE MOGI DAS CRUZES,UMC,Avenida Doutor Cândido Xavier de Almeida Souza,200,Campus Universitário,Centro Cívico,8780911.0,240,0,3,2,2,48,64,47,36,15,9,6,5,2,1,1,0,1,0,0,1,0,1,22,27412,470,466,207,259,0,0,125,206,135,197,1,196,170,99,15,27,40,88,84,62,58,92,397,4,27,15,0,23,457,9,2
2022,Sudeste,3,Rio de Janeiro,RJ,33,Rio de Janeiro,3304557,1,Metropolitana do Rio de Janeiro,6,Rio de Janeiro,18,2,5,INSTITUTO SUPERIOR DE ENSINO CELSO LISBOA,363,522,CENTRO UNIVERSITÁRIO CELSO LISBOA,UCL,Rua Vinte e Quatro de Maio,797,-,Sampaio,20950091.0,184,1,3,1,6,47,39,50,20,12,2,1,1,0,1,0,0,1,1,1,1,0,1,28,14650,185,181,83,98,0,0,22,103,56,39,0,39,142,0,3,12,41,31,28,19,25,22,78,5,17,0,0,81,181,0,0
2022,Sudeste,3,São Paulo,SP,35,Mogi das Cruzes,3530607,0,Metropolitana de São Paulo,15,Mogi das Cruzes,62,2,4,SOCIEDADE EDUCACIONAL BRAZ CUBAS LTDA.,365,526,CENTRO UNIVERSITÁRIO BRAZ CUBAS,,Av. Francisco Rodrigues Filho,1233,-,Mogilar,8773380.0,88,0,0,0,1,25,21,17,6,11,2,1,3,1,0,0,0,1,1,0,1,0,1,19594,32668,283,283,143,140,0,0,61,132,90,78,0,78,103,102,4,19,33,67,40,39,44,37,246,5,21,4,0,7,281,2,4
2022,Sudeste,3,Rio de Janeiro,RJ,33,Rio de Janeiro,3304557,1,Metropolitana do Rio de Janeiro,6,Rio de Janeiro,18,1,5,FACULDADES CATOLICAS,367,528,PONTIFÍCIA UNIVERSIDADE CATÓLICA DO RIO DE JANEIRO,PUC-RIO,Pontifícia Universidade Católica - PUC,225,Rua Marques São Vicente,Gávea,22451900.0,2019,7,55,17,70,157,459,330,397,92,63,79,151,51,91,1,0,1,1,1,1,1,1,49000,290000,1246,1196,487,709,0,3,73,274,846,449,0,449,104,643,4,53,84,159,157,165,183,391,1069,18,61,4,2,42,1134,62,3
2022,Sudeste,3,Espírito Santo,ES,32,Vitória,3205309,1,Central Espírito-santense,3,Vitória,9,3,2,ESPIRITO SANTO SECRETARIA DE ESTADO DA EDUCACAO,368,530,FACULDADE DE MÚSICA DO ESPÍRITO SANTO MAURÍCIO DE OLIVEIRA,FAMES,Praça Américo Poli Monjardim,60,-,Centro,29010640.0,41,0,1,0,3,9,5,6,8,5,3,0,0,0,1,0,0,0,0,0,1,1,1,0,0,64,63,18,45,0,4,14,23,22,63,0,63,0,0,5,10,7,8,6,6,10,11,37,1,12,0,0,13,62,1,2
2022,Sudeste,3,São Paulo,SP,35,Itapetininga,3522307,0,Itapetininga,11,Itapetininga,42,3,5,FUNDACAO KARNIG BAZARIAN,371,533,FACULDADES INTEGRADAS DE ITAPETININGA,FII,Rodovia Raposo Tavares KM 162,S/N,Campus,Nova Itapetininga,18203340.0,20,0,0,0,0,5,3,7,1,1,3,0,0,0,0,0,0,0,0,1,1,1,1,0,12009,49,45,13,32,0,1,27,14,3,10,6,4,19,16,0,2,10,7,11,7,4,4,33,0,5,1,0,6,45,0,0
2022,Sudeste,3,Minas Gerais,MG,31,Itabira,3131703,0,Metropolitana de Belo Horizonte,7,Itabira,31,2,5,FUNDACAO COMUNITARIA DE ENSINO SUPERIOR DE ITABIRA,779,545,Centro Universitário FUNCESI,UNIFUNCESI,RUA VENÂNCIO AUGUSTO GOMES,50,-,MAJOR LAGE DE CIMA,35900972.0,58,0,0,0,1,14,3,14,5,11,3,6,1,0,0,0,0,1,0,1,1,1,1,142000,16580,46,46,27,19,0,0,10,23,13,7,0,7,23,16,0,6,17,8,6,2,5,2,23,0,13,0,0,10,46,0,0
2022,Sudeste,3,São Paulo,SP,35,São Paulo,3550308,1,Metropolitana de São Paulo,15,São Paulo,61,1,5,FUNDACAO SAO PAULO,378,546,PONTIFÍCIA UNIVERSIDADE CATÓLICA DE SÃO PAULO,PUCSP,Rua Monte Alegre,984,São Paulo - SEDE - Campus Monte Alegre,Perdizes,5014901.0,1388,4,25,10,22,392,225,299,165,140,49,33,16,4,4,1,0,1,1,1,1,0,1,19009,75470,1284,1189,558,631,0,7,50,213,919,392,0,392,691,106,3,30,50,76,94,132,171,633,1139,10,24,15,0,1,1145,44,15
2022,Sudeste,3,Rio de Janeiro,RJ,33,Rio de Janeiro,3304557,1,Metropolitana do Rio de Janeiro,6,Rio de Janeiro,18,1,2,UNIVERSIDADE DO ESTADO DO RIO DE JANEIRO,379,547,UNIVERSIDADE DO ESTADO DO RIO DE JANEIRO,UERJ,Rua São Francisco Xavier,524,CAMPUS UERJ,MARACANÃ,,2743,2,8,6,34,363,505,638,482,271,201,99,56,47,31,1,0,1,1,1,1,1,1,40,30771,2852,2638,1298,1340,0,109,14,271,2244,2306,1671,635,128,204,19,123,290,417,344,317,430,698,276,23,69,5,1,2264,2568,70,0
2022,Sudeste,3,Minas Gerais,MG,31,Boa Esperança,3107109,0,Sul/Sudoeste de Minas,10,Varginha,50,3,5,CESBE - CENTRO EDUCACIONAL E ENSINO SUPERIOR DE BOA ESPERANCA LTDA,17099,554,"FACULDADE DE FILOSOFIA, CIÊNCIAS E LETRAS DE BOA ESPERANÇA",FAFIBE,Avenida Aureliano Chaves,192,-,Jardim Nova Esperança,37170000.0,8,0,0,0,0,2,1,2,1,1,1,0,0,0,0,0,0,0,1,0,1,1,0,0,0,18,14,11,3,0,0,10,4,0,0,0,0,2,12,2,3,3,2,2,1,0,1,11,1,2,0,0,0,14,0,0
2022,Sudeste,3,Rio de Janeiro,RJ,33,Niterói,3303302,0,Metropolitana do Rio de Janeiro,6,Rio de Janeiro,18,1,1,UNIVERSIDADE FEDERAL FLUMINENSE,15589,572,UNIVERSIDADE FEDERAL FLUMINENSE,UFF,Rua Miguel de Frias,9,-,Icaraí,24220008.0,3660,10,64,36,55,368,382,754,574,442,271,342,198,96,68,1,0,1,1,0,1,1,1,12,1611,3488,3370,1558,1812,0,31,25,329,2985,3081,2816,265,289,0,32,153,357,593,537,451,484,763,1587,103,238,15,6,1421,3240,130,1
2022,Sudeste,3,Espírito Santo,ES,32,Vitória,3205309,1,Central Espírito-santense,3,Vitória,9,1,1,UNIVERSIDADE FEDERAL DO ESPIRITO SANTO,15591,573,UNIVERSIDADE FEDERAL DO ESPÍRITO SANTO,UFES,"Av. Fernando Ferrari, 514, Goiabeiras.",514,Campus Universitário,Goiabeiras,29075910.0,1897,1,10,1,9,71,93,125,138,459,360,315,217,53,45,1,0,1,1,1,1,1,1,35,21572,1906,1829,836,993,0,15,31,167,1616,1751,1571,180,78,0,26,89,259,377,340,247,243,248,1359,75,336,23,8,28,1786,43,5
2022,Sudeste,3,Rio de Janeiro,RJ,33,Seropédica,3305554,0,Metropolitana do Rio de Janeiro,6,Itaguaí,17,1,1,UNIVERSIDADE FEDERAL RURAL DO RIO DE JANEIRO,9053,574,UNIVERSIDADE FEDERAL RURAL DO RIO DE JANEIRO,UFRRJ,Rodovia BR 465 - KM 7,s/n,-,Campus Universitário,,1058,29,110,2,29,47,167,94,126,140,148,71,55,17,23,1,0,0,1,1,1,1,1,0,301,1266,1219,542,677,0,7,5,134,1073,1133,1117,16,86,0,6,67,170,248,213,164,148,203,455,44,127,8,4,581,1204,15,2
2022,Sudeste,3,Minas Gerais,MG,31,Belo Horizonte,3106200,1,Metropolitana de Belo Horizonte,7,Belo Horizonte,30,1,1,UNIVERSIDADE FEDERAL DE MINAS GERAIS,15515,575,UNIVERSIDADE FEDERAL DE MINAS GERAIS,UFMG,Avenida Antonio Carlos,6627,-,Pampulha,31270901.0,4102,4,36,15,28,215,223,369,363,1200,736,438,237,152,86,1,0,1,1,1,1,1,1,0,10592,3233,3233,1453,1780,0,17,17,163,3036,2932,2621,311,301,0,7,106,372,560,475,469,534,710,115,5,35,1,0,3077,3135,98,1
2022,Sudeste,3,Minas Gerais,MG,31,Juiz de Fora,3136702,0,Zona da Mata,12,Juiz de Fora,65,1,1,UNIVERSIDADE FEDERAL DE JUIZ DE FORA UFJF,15648,576,UNIVERSIDADE FEDERAL DE JUIZ DE FORA,UFJF,Campus Universitário,s/n,UFJF,São Pedro,36036900.0,1210,0,13,1,6,21,47,68,98,240,190,265,189,44,28,1,0,1,1,1,1,1,1,0,397,1778,1717,784,933,0,23,82,204,1408,1579,1351,228,138,0,28,172,248,355,276,217,212,209,616,25,106,9,1,960,1698,19,5
2022,Sudeste,3,Rio de Janeiro,RJ,33,Rio de Janeiro,3304557,1,Metropolitana do Rio de Janeiro,6,Rio de Janeiro,18,1,1,UNIVERSIDADE FEDERAL DO RIO DE JANEIRO,15536,586,UNIVERSIDADE FEDERAL DO RIO DE JANEIRO,UFRJ,Avenida Brigadeiro Trompowsky,s/n,Cidade Universitária,Ilha do Fundão,21941590.0,4803,6,36,13,72,299,696,498,705,694,536,539,366,194,149,1,0,1,1,0,1,1,1,5011,35742,5253,4626,2215,2411,0,104,74,549,3899,3880,3666,214,746,0,104,333,587,705,625,500,627,1145,1592,72,232,5,2,2723,4440,186,25
2022,Sudeste,3,São Paulo,SP,35,São Paulo,3550308,1,Metropolitana de São Paulo,15,São Paulo,61,1,1,UNIVERSIDADE FEDERAL DE SAO PAULO,9144,591,UNIVERSIDADE FEDERAL DE SÃO PAULO,UNIFESP,Rua Sena Madureira,1500,-,Vila Clementino,4021001.0,1778,8,10,5,16,48,94,167,167,342,256,248,136,166,115,1,0,1,1,1,1,1,1,19,24000,1693,1681,848,833,0,1,4,36,1640,1639,1262,377,42,0,0,20,146,283,340,257,259,376,1412,35,89,78,5,62,1637,44,1
2022,Sudeste,3,Minas Gerais,MG,31,Lavras,3138203,0,Campo das Vertentes,11,Lavras,57,1,1,UNIVERSIDADE FEDERAL DE LAVRAS,8137,592,UNIVERSIDADE FEDERAL DE LAVRAS,UFLA,Trevo Rotatório Professor Edmir Sá Santos,S/N,-,Universidade Federal de Lavras,,559,0,4,2,2,5,27,22,46,90,109,68,107,47,30,1,0,1,1,0,1,1,1,37217,27293,864,855,342,513,0,1,34,46,774,839,744,95,16,0,7,107,186,181,110,86,104,74,375,17,64,4,0,395,838,17,0
2022,Sudeste,3,Rio de Janeiro,RJ,33,Rio de Janeiro,3304557,1,Metropolitana do Rio de Janeiro,6,Rio de Janeiro,18,5,1,CENTRO FED DE ED TECNOLOGICA CELSO SUCKOW DA FONSECA RJ,16655,593,CENTRO FEDERAL DE EDUCAÇÃO TECNOLÓGICA CELSO SUCKOW DA FONSECA,CEFET/RJ,Avenida Maracanã,229,-,Maracanã,20271110.0,455,2,12,2,3,8,31,0,2,109,93,113,64,11,5,1,0,1,1,1,1,1,1,0,15936,619,547,166,381,0,0,17,166,364,533,499,34,14,0,2,50,109,122,92,56,62,54,241,8,64,4,3,227,534,13,3
2022,Sudeste,3,Minas Gerais,MG,31,Belo Horizonte,3106200,1,Metropolitana de Belo Horizonte,7,Belo Horizonte,30,5,1,CENTRO FEDERAL DE EDUCACAO TECNOLOGICA DE MINAS GERAIS,16596,594,CENTRO FEDERAL DE EDUCAÇÃO TECNOLÓGICA DE MINAS GERAIS,CEFET/MG,Avenida Amazonas,5253,-,Nova Suiça,,963,2,7,0,23,11,38,51,66,140,148,180,169,64,64,1,0,1,0,1,1,1,1,39726,17500,933,885,308,577,0,7,7,281,590,879,774,105,6,0,17,134,162,185,140,121,77,49,522,23,145,12,2,181,879,6,2
2022,Sudeste,3,Minas Gerais,MG,31,Alfenas,3101607,0,Sul/Sudoeste de Minas,10,Alfenas,49,1,1,UNIVERSIDADE FEDERAL DE ALFENAS - UNIFAL-MG,15031,595,UNIVERSIDADE FEDERAL DE ALFENAS,UNIFAL-MG,Rua Gabriel Monteiro da Silva,700,-,Centro,37130001.0,459,4,0,0,1,48,36,41,31,63,68,73,58,23,13,1,0,1,1,1,1,1,1,3,27856,565,554,262,292,0,1,36,31,486,522,469,53,32,0,10,43,94,130,108,82,52,35,248,7,35,0,1,263,540,14,6
2022,Sudeste,3,Minas Gerais,MG,31,Diamantina,3121605,0,Jequitinhonha,3,Diamantina,10,1,1,UNIVERSIDADE FEDERAL DOS VALES DO JEQUITINHONHA E MUCURI,9088,596,UNIVERSIDADE FEDERAL DOS VALES DO JEQUITINHONHA E MUCURI,UFVJM,MGT 367,5000,Campus JK,Alto do Jacuba,39100000.0,679,4,1,1,1,37,31,40,45,131,118,120,107,15,28,1,0,1,1,0,1,1,1,0,12696,944,855,395,460,0,46,37,100,672,828,736,92,27,0,12,63,182,232,139,115,77,35,451,45,241,9,2,107,850,5,6
2022,Sudeste,3,Minas Gerais,MG,31,Uberaba,3170107,0,Triângulo Mineiro/Alto Paranaíba,5,Uberaba,22,1,1,UNIVERSIDADE FEDERAL DO TRIANGULO MINEIRO,15446,597,UNIVERSIDADE FEDERAL DO TRIÂNGULO MINEIRO,UFTM,Rua Frei Paulino,30,-,Abadia,38025180.0,1994,2,4,2,5,67,47,122,99,341,242,227,159,358,319,1,0,1,1,0,1,0,1,10,0,608,582,297,285,0,0,11,45,526,517,476,41,65,0,5,29,120,134,120,71,59,44,501,15,44,9,1,12,577,5,4
2022,Sudeste,3,Minas Gerais,MG,31,Itajubá,3132404,0,Sul/Sudoeste de Minas,10,Itajubá,56,1,1,UNIVERSIDADE FEDERAL DE ITAJUBA,9050,598,UNIVERSIDADE FEDERAL DE ITAJUBÁ - UNIFEI,UNIFEI,Avenida BPS,1303,Campus Professor José Rodrigues Seabra,Pinheirinho,37500903.0,936,0,14,1,50,6,37,18,49,97,80,65,78,115,326,1,0,0,1,0,1,1,1,0,14318,515,503,136,367,0,0,4,40,459,501,480,21,2,0,4,35,100,106,85,74,40,59,22,0,0,0,0,481,471,32,0
2022,Sudeste,3,São Paulo,SP,35,São José dos Campos,3549904,0,Vale do Paraíba Paulista,13,São José dos Campos,50,3,1,COMANDO DA AERONAUTICA,392,602,INSTITUTO TECNOLÓGICO DE AERONÁUTICA,ITA,Praça Mal. Eduardo Gomes,50,Comando-Geral de Tecnologia Aeroespacial - CTA,Vila das Acácias,12228900.0,98,0,2,0,1,1,31,18,17,6,2,3,4,1,12,1,0,1,1,1,1,1,1,202,757405,225,225,40,185,0,2,0,17,206,214,207,7,4,7,0,25,42,32,30,27,22,47,158,2,22,8,0,35,220,5,0
2022,Sudeste,3,São Paulo,SP,35,São Caetano do Sul,3548807,0,Metropolitana de São Paulo,15,São Paulo,61,1,3,UNIVERSIDADE MUNICIPAL DE SAO CAETANO DO SUL,394,605,UNIVERSIDADE MUNICIPAL DE SÃO CAETANO DO SUL,USCS,Avenida Goiás,3400,CAMPUS  BARCELONA,Barcelona,9550051.0,242,2,6,0,4,40,42,66,44,15,11,4,6,1,1,1,0,1,1,0,1,1,1,45100,12591,666,659,306,353,0,0,50,292,317,328,0,328,0,331,3,35,72,112,97,95,104,141,603,12,22,19,1,2,659,0,0
2022,Sudeste,3,Espírito Santo,ES,32,Cachoeiro de Itapemirim,3201209,0,Sul Espírito-santense,4,Cachoeiro de Itapemirim,12,3,5,FUNDACAO EDUCACIONAL VALE DO ITAPEMIRIM - FEVIT.,395,606,FACULDADE DE DIREITO DE CACHOEIRO DO ITAPEMIRIM,FDCI,"Es, 482-Cachoeiroxalegre",KM 05,RODOVIA,-,29313210.0,20,2,0,0,2,2,4,3,3,4,0,0,0,0,0,0,0,1,1,1,1,1,1,48,126,27,27,9,18,0,0,10,11,6,4,0,4,10,13,2,2,4,3,5,4,7,0,19,0,5,0,0,3,27,0,0
2022,Sudeste,3,Espírito Santo,ES,32,Cachoeiro de Itapemirim,3201209,0,Sul Espírito-santense,4,Cachoeiro de Itapemirim,12,3,5,FUNDACAO EDUCACIONAL VALE DO ITAPEMIRIM - FEVIT.,395,607,FACULDADE DE CIÊNCIAS CONTÁBEIS E ADMINISTRATIVAS DE CACHOEIRO DO ITAPEMIRIM,FACCACI,Rodovia Eng. Fabiano Vivacqua - Br 482,Km 05,-,Morro Grande,29313210.0,4,0,0,0,0,3,0,0,0,1,0,0,0,0,0,0,0,0,0,0,1,1,0,0,0,20,20,5,15,0,0,12,5,3,2,0,2,2,16,4,2,1,3,2,3,3,2,12,0,5,0,0,3,20,0,0
2022,Sudeste,3,São Paulo,SP,35,Cruzeiro,3513405,0,Vale do Paraíba Paulista,13,Guaratinguetá,51,3,3,ESCOLA SUPERIOR DE CRUZEIRO PREFEITO HAMILTON VIEIRA MENDES,396,608,"ESCOLA SUPERIOR DE CRUZEIRO ""PREFEITO HAMILTON VIEIRA MENDES""",ESEFIC,Rua Doutor José Rodrigues Alves Sobrinho,191,-,Vila Celestina,12710410.0,38,0,0,1,2,7,10,8,7,2,1,0,0,0,0,0,0,1,0,0,0,0,0,0,0,36,34,19,15,0,0,11,14,9,0,0,0,0,34,0,1,8,11,7,1,2,4,26,1,7,0,0,0,34,0,0
2022,Sudeste,3,Rio de Janeiro,RJ,33,Rio de Janeiro,3304557,1,Metropolitana do Rio de Janeiro,6,Rio de Janeiro,18,2,4,INSTITUTO CAMPINENSE DE ENSINO SUPERIOR LTDA,2447,610,CENTRO UNIVERSITÁRIO MAURÍCIO DE NASSAU DO RIO DE JANEIRO,UNINASSAU,Rua Marquês de Abrantes,55,-,Flamengo,22230060.0,49,0,0,0,1,2,9,12,14,2,0,3,4,0,2,0,0,1,1,0,0,0,0,517000,46000,118,118,66,52,0,0,7,56,55,33,0,33,9,76,7,11,23,22,25,14,9,7,65,0,53,0,0,0,117,1,0
2022,Sudeste,3,Minas Gerais,MG,31,Além Paraíba,3101508,0,Zona da Mata,12,Cataguases,66,3,5,FUNDACAO EDUCACIONAL DE ALEM PARAIBA,401,615,FACULDADE DE FILOSOFIA CIÊNCIAS E LETRAS PROFESSORA NAIR FORTES ABU-MERHY,FAFI - PRONAFOR,RUA ISABEL HERDY ALVES,305,SÃO JOSÉ,SAÚDE,36660000.0,5,0,0,0,0,1,0,1,0,1,2,0,0,0,0,1,0,0,1,0,1,1,1,0,0,7,7,0,7,0,0,4,0,3,0,0,0,0,7,0,1,1,2,1,0,1,1,6,0,0,0,0,1,7,0,0
2022,Sudeste,3,Minas Gerais,MG,31,Varginha,3170701,0,Sul/Sudoeste de Minas,10,Varginha,50,3,5,CAMPANHA NACIONAL DE ESCOLAS DA COMUNIDADE,407,627,FACULDADE CNEC VARGINHA,,Rua Professor Felipe Tiago Gomes,173,-,Vila Bueno,37006020.0,20,0,0,1,1,5,6,1,0,1,2,1,1,0,1,0,0,0,0,1,0,1,0,0,400,39,31,7,24,0,0,1,23,7,3,0,3,6,22,0,1,3,5,9,4,3,6,27,2,0,0,0,2,31,0,1
2022,Sudeste,3,Rio de Janeiro,RJ,33,Rio de Janeiro,3304557,1,Metropolitana do Rio de Janeiro,6,Rio de Janeiro,18,3,1,INSTITUTO MILITAR DE ENGENHARIA,17169,633,INSTITUTO MILITAR DE ENGENHARIA,IME,Praça General Tibúrcio,80,-,URCA,22290270.0,225,0,0,0,8,7,76,7,67,12,19,5,7,2,15,1,0,1,1,1,1,1,1,0,17200,209,209,26,183,0,0,0,50,159,177,55,122,32,0,1,9,22,31,34,27,30,55,156,4,29,1,0,19,207,2,0
2022,Sudeste,3,São Paulo,SP,35,São Paulo,3550308,1,Metropolitana de São Paulo,15,São Paulo,61,3,5,ASSOCIACAO ESCOLA SUPERIOR DE PROPAGANDA E MARKETING,412,636,ESCOLA SUPERIOR DE PROPAGANDA E MARKETING,ESPM,Rua Doutor Álvaro Alvim,123,-,Vila Mariana,4018010.0,372,0,0,2,7,39,55,101,66,43,24,16,11,3,5,1,0,1,1,1,1,1,1,8206,27303,236,235,95,140,0,0,3,75,157,110,0,110,30,95,0,6,26,40,47,46,29,41,105,3,5,8,0,114,232,3,1
2022,Sudeste,3,Minas Gerais,MG,31,Nova Lima,3144805,0,Metropolitana de Belo Horizonte,7,Belo Horizonte,30,3,5,CENTRO EDUCACIONAL DE FORMACAO SUPERIOR LTDA - CEFOS,414,638,FACULDADE DE DIREITO MILTON CAMPOS,FDMC,Rua Senador Milton Campos,202,-,Vila da Serra,34006050.0,44,3,2,3,6,9,7,6,2,0,1,1,2,1,1,1,0,1,1,1,1,1,1,22000,34357,61,61,23,38,0,0,0,27,34,4,0,4,49,8,0,5,9,15,11,9,2,10,57,1,3,0,0,0,61,0,0
2022,Sudeste,3,Rio de Janeiro,RJ,33,Niterói,3303302,0,Metropolitana do Rio de Janeiro,6,Rio de Janeiro,18,3,4,FAMA CONSULTORIA EDUCACIONAL LTDA,17833,640,Faculdade Maria Thereza,FAMATH,Avenida Visconde do Rio Branco,869,- de 713 ao fim - lado ímpar,Centro,24020006.0,62,1,2,4,11,13,15,9,6,1,0,0,0,0,0,1,0,0,1,1,1,0,0,130,7300,85,85,60,25,0,0,9,38,38,16,0,16,28,41,2,7,14,15,11,16,10,10,36,2,7,0,0,40,84,1,0
2022,Sudeste,3,Minas Gerais,MG,31,Uberaba,3170107,0,Triângulo Mineiro/Alto Paranaíba,5,Uberaba,22,3,5,FUND EDUC PARA O DESENVOLVIMENTO DAS CIENCIAS AGRARIAS,422,648,FACULDADES ASSOCIADAS DE UBERABA - FAZU,FAZU,AV. DO TUTUNA,720,CAIXA POSTAL: 247,TUTUNAS,38061500.0,62,0,0,1,0,11,4,14,7,6,5,4,3,3,4,0,0,1,1,1,1,1,1,5,12000,45,45,17,28,0,0,10,18,17,8,8,0,20,17,3,8,13,7,7,4,3,0,29,0,2,4,0,10,45,0,0
2022,Sudeste,3,São Paulo,SP,35,Pindamonhangaba,3538006,0,Vale do Paraíba Paulista,13,São José dos Campos,50,2,5,ASSOCIACAO DE EDUCACAO SANTA CECILIA (FASC),18198,652,Centro Universitário Santa Cecília,Unicea,Praça Barão do Rio Branco,59,-,Centro,12400280.0,17,0,0,0,0,6,4,2,4,1,0,0,0,0,0,0,0,1,1,1,1,0,0,1203,10340,20,20,8,12,0,0,0,14,6,11,0,11,9,0,0,0,3,2,6,5,2,2,12,0,0,0,0,8,20,0,0
2022,Sudeste,3,Rio de Janeiro,RJ,33,São Gonçalo,3304904,0,Metropolitana do Rio de Janeiro,6,Rio de Janeiro,18,1,5,ASSOCIACAO SALGADO DE OLIVEIRA DE EDUCACAO E CULTURA,435,663,UNIVERSIDADE SALGADO DE OLIVEIRA,UNIVERSO,Rua Lambari,10,Térreo,Trindade,24456570.0,1547,30,65,59,116,260,284,210,133,212,76,59,30,7,6,1,0,1,1,1,1,1,1,38014,18280,780,780,418,362,0,0,182,377,221,140,0,140,269,371,14,80,99,142,145,106,101,93,509,37,141,10,3,80,780,0,0
2022,Sudeste,3,Espírito Santo,ES,32,Vila Velha,3205200,0,Central Espírito-santense,3,Vitória,9,1,4,SOCIEDADE EDUCACAO E GESTAO DE EXCELENCIA / VILA VELHA LTDA,17982,664,UNIVERSIDADE VILA VELHA,UVV,Av. Comissário José Dantas de Mello,21,Unidade SEDE,Boa Vista II,29102920.0,246,0,2,1,3,48,46,57,34,30,10,12,2,1,0,1,0,1,1,1,1,0,1,20000,30000,339,335,173,162,0,0,42,177,116,115,0,115,146,74,5,31,44,78,69,45,35,28,288,3,35,5,0,4,332,3,4
2022,Sudeste,3,São Paulo,SP,35,Taubaté,3554102,0,Vale do Paraíba Paulista,13,São José dos Campos,50,1,3,UNIVERSIDADE DE TAUBATE,437,665,UNIVERSIDADE DE TAUBATÉ,UNITAU,Rua Quatro de Março,432,-,Centro,12020270.0,369,0,0,1,1,53,50,150,61,31,11,5,5,0,1,1,0,1,1,1,1,1,1,39217,14889,568,503,234,269,0,5,84,197,217,503,0,503,0,0,5,19,47,71,84,100,80,97,461,6,26,8,0,2,502,1,2
2022,Sudeste,3,São Paulo,SP,35,Bragança Paulista,3507605,0,Macro Metropolitana Paulista,12,Bragança Paulista,48,1,5,CASA DE NOSSA SENHORA DA PAZ ACAO SOCIAL FRANCISCANA,442,670,UNIVERSIDADE SÃO FRANCISCO,USF,Avenida São Francisco de Assis,218,Campus Universitário,Jardim São José,12916900.0,1040,26,24,30,27,324,242,162,81,70,29,9,11,4,1,1,0,1,0,1,1,1,1,7125,12618,668,662,331,331,0,0,154,276,232,179,0,179,375,108,19,85,109,137,104,80,52,76,263,2,19,8,1,369,656,6,0
2022,Sudeste,3,São Paulo,SP,35,Sorocaba,3552205,0,Macro Metropolitana Paulista,12,Sorocaba,46,2,5,ASSOCIACAO CULTURAL DE RENOVACAO TECNOLOGICA SOROCABANA,444,672,CENTRO UNIVERSITÁRIO FACENS,UniFACENS,"Rodovia Senador José Ermírio de Moraes, Km 1,5",1425,-,Alto da Boa Vista,18087125.0,327,2,4,3,6,39,31,86,107,20,7,2,8,6,6,0,0,1,1,1,1,1,1,194,4804,136,135,50,85,0,0,14,64,57,46,0,46,57,32,4,23,27,29,17,16,9,10,121,1,5,0,0,8,135,0,0
2022,Sudeste,3,Rio de Janeiro,RJ,33,Rio de Janeiro,3304557,1,Metropolitana do Rio de Janeiro,6,Rio de Janeiro,18,3,5,ASSOCIACAO DE SOLIDARIEDADE A CRIANCA EXCEPCIONAL ASCE,448,677,Faculdades Reunidas da ASCE,FRASCE,Rua Uarumã,80,-,Higienópolis,21050660.0,39,0,0,0,0,0,2,0,1,2,4,10,13,4,3,0,0,0,1,1,1,1,1,100,100,46,37,19,18,0,0,9,21,7,20,0,20,5,12,0,2,2,7,6,11,2,7,24,2,9,0,0,2,37,0,0
2022,Sudeste,3,Minas Gerais,MG,31,Paracatu,3147006,0,Noroeste de Minas,1,Paracatu,2,3,4,INSTITUTO TECSOMA LTDA - ITEC,880,682,FACULDADE DO NOROESTE DE MINAS,FINOM,Rodovia Alírio Herval,3405,-,Paracatuzinho,38603200.0,91,1,1,7,1,14,11,17,5,19,6,2,4,2,1,0,0,0,1,1,1,1,1,975,15808,57,57,31,26,0,0,12,30,15,21,0,21,36,0,3,3,15,6,11,6,5,8,28,0,28,0,0,1,57,0,0
2022,Sudeste,3,Rio de Janeiro,RJ,33,Rio de Janeiro,3304557,1,Metropolitana do Rio de Janeiro,6,Rio de Janeiro,18,1,1,UNIVERSIDADE FEDERAL DO ESTADO DO RIO DE JANEIRO,461,693,UNIVERSIDADE FEDERAL DO ESTADO DO RIO DE JANEIRO,UNIRIO,Avenida Pasteur,296,-,Urca,22290240.0,590,0,8,1,16,14,41,68,54,133,105,69,38,32,11,1,0,1,1,1,1,1,1,0,239044,877,866,458,408,0,0,21,107,738,809,657,152,57,0,2,21,74,136,122,139,136,236,377,11,32,2,1,443,847,19,2
2022,Sudeste,3,Rio de Janeiro,RJ,33,Rio de Janeiro,3304557,1,Metropolitana do Rio de Janeiro,6,Rio de Janeiro,18,2,5,SOCIEDADE DE EDUCACAO E ASSISTENCIA REALENGO - SEARA,469,705,CENTRO UNIVERSITÁRIO SÃO JOSÉ,UNISJ,Rua Marechal Soares D'Andrea,90,-,Realengo,21710180.0,170,2,3,7,7,54,54,14,21,5,3,0,0,0,0,1,0,1,1,1,1,1,1,280,9200,133,133,56,77,0,0,1,43,89,123,0,123,9,1,0,11,20,26,16,20,19,21,80,4,20,1,0,28,132,1,0
2022,Sudeste,3,São Paulo,SP,35,São Carlos,3548906,0,Araraquara,5,São Carlos,25,2,4,ASSOCIACAO DE ESCOLAS REUNIDAS LTDA.,471,707,CENTRO UNIVERSITÁRIO CENTRAL PAULISTA,UNICEP,Rua Miguel Petroni,5111,Caixa Postal 307,Loteamento Habitacional São Carlos 1,13563470.0,93,0,0,4,9,18,11,25,15,3,1,0,3,3,1,0,0,1,1,1,1,0,1,943,11235,243,242,130,112,0,0,36,90,116,52,0,52,74,116,4,24,35,38,50,40,31,20,193,4,5,4,0,36,241,1,0
2022,Sudeste,3,Rio de Janeiro,RJ,33,Rio de Janeiro,3304557,1,Metropolitana do Rio de Janeiro,6,Rio de Janeiro,18,2,4,INSTITUTO BRASILEIRO DE MEDICINA DE REABILITACAO LTDA,475,712,CENTRO UNIVERSITÁRIO IBMR,,Avenida das Américas,2603,-,Barra da Tijuca,22631002.0,220,0,1,1,1,69,46,37,24,15,6,4,11,4,1,0,0,1,1,1,1,1,1,22000,34357,174,174,87,87,0,0,42,81,51,61,0,61,32,81,10,33,40,41,28,13,7,2,171,1,2,0,0,0,174,0,0
2022,Sudeste,3,São Paulo,SP,35,Botucatu,3507506,0,Bauru,4,Botucatu,23,3,5,UNIFAC ASSOCIACAO DE ENSINO DE BOTUCATU,479,716,FACULDADES INTEGRADAS DE BOTUCATU,,Avenida Leonardo Villas Boas,351,-,Vila Nova Botucatu,18608901.0,22,0,0,0,0,5,4,5,1,4,1,2,0,0,0,1,0,0,1,1,1,1,1,0,0,51,50,24,26,0,0,27,11,12,3,3,0,16,31,1,1,9,10,6,9,5,9,50,0,0,0,0,0,50,0,0
2022,Sudeste,3,São Paulo,SP,35,Assis,3504008,0,Assis,10,Assis,39,3,5,UNIESP S.A,16134,721,FACULDADE DE ASSIS,FASS,Avenida Dr. Dória,260,-,Vila Ouro Verde,19816230.0,5,0,3,1,0,0,0,0,0,1,0,0,0,0,0,1,0,1,0,1,1,1,1,22203,11213,2,2,1,1,0,0,0,1,1,1,0,1,1,0,0,0,0,0,1,0,0,1,1,0,1,0,0,0,2,0,0
2022,Sudeste,3,Minas Gerais,MG,31,Luz,3138807,0,Central Mineira,6,Bom Despacho,26,3,5,OBRAS SOCIAIS E EDUCACIONAIS DE LUZ,488,727,"FACULDADE DE FILOSOFIA, CIÊNCIAS E LETRAS DO ALTO SÃO FRANCISCO",FASF,Rua Nossa Senhora de Fátima,307,-,Centro,35595000.0,30,0,0,1,2,3,2,4,0,8,2,3,4,1,0,1,0,1,1,1,1,1,1,265,18000,52,52,25,27,0,0,18,23,11,6,0,6,46,0,1,6,14,13,7,9,1,1,38,1,10,1,0,2,51,1,0
2022,Sudeste,3,Minas Gerais,MG,31,Curvelo,3120904,0,Central Mineira,6,Curvelo,25,3,4,ISLEC - INSTITUTO SETELAGOANO DE EDUCACAO E CIENCIA LTDA,17158,728,FACULDADE DE CIÊNCIAS HUMANAS DE CURVELO,FACIC,Avenida Juscelino Kubitschek - ímpar,1441,-,Passaginha,35792242.0,17,0,0,0,0,8,0,4,2,2,0,1,0,0,0,0,0,0,0,1,1,1,1,92,0,25,24,16,8,0,0,7,15,2,2,0,2,22,0,1,4,7,4,3,4,1,0,15,0,9,0,0,0,24,0,0
2022,Sudeste,3,São Paulo,SP,35,Mogi Guaçu,3530706,0,Campinas,7,Mogi Mirim,31,3,5,INSTITUTO MARIA IMACULADA,494,734,FACULDADES INTEGRADAS MARIA IMACULADA,FIMI,Rua Paula Bueno,240,- até 1432/1433,Centro,13840040.0,21,1,1,2,2,4,2,3,2,2,0,1,1,0,0,1,0,1,1,1,1,1,0,5000,12000,48,46,21,25,0,0,0,25,21,6,0,6,38,2,0,5,7,10,9,4,7,4,42,0,1,0,0,3,46,0,0
2022,Sudeste,3,Espírito Santo,ES,32,Linhares,3203205,0,Litoral Norte Espírito-santense,2,Linhares,6,3,4,EDITORA E DISTRIBUIDORA EDUCACIONAL S/A,14514,736,FACULDADE ANHANGUERA DE LINHARES,,Avenida São Mateus,1458,-,Araçá,29901396.0,89,0,0,0,0,5,8,32,10,24,4,2,3,1,0,0,0,1,1,1,1,1,1,60395,238009,118,118,67,51,0,0,45,31,42,17,0,17,65,36,12,15,22,30,17,7,5,10,76,3,37,2,0,0,118,0,3
2022,Sudeste,3,São Paulo,SP,35,São Paulo,3550308,1,Metropolitana de São Paulo,15,São Paulo,61,2,5,UNIAO SOCIAL CAMILIANA,497,737,CENTRO UNIVERSITÁRIO SÃO CAMILO,SAO CAMILO,Avenida Nazaré,1.501,- de 1353 ao fim - lado ímpar,Ipiranga,4263200.0,483,3,0,3,5,162,62,108,54,30,13,16,5,13,9,1,0,1,0,1,1,1,1,3000,10000,367,361,215,146,0,0,40,132,189,79,0,79,229,53,2,22,39,88,72,41,46,51,211,2,14,8,0,126,361,0,1
2022,Sudeste,3,São Paulo,SP,35,Lorena,3527207,0,Vale do Paraíba Paulista,13,Guaratinguetá,51,2,5,INSTITUTO SANTA TERESA,778,738,CENTRO UNIVERSITÁRIO TERESA D'ÁVILA,FATEA,Avenida Doutor Peixoto de Castro,539,-,Cruz,12606580.0,45,1,0,3,1,8,4,11,7,8,1,1,0,0,0,0,0,1,0,1,1,1,1,12,108,69,63,26,37,0,1,9,35,18,16,0,16,7,40,1,3,10,12,9,6,13,9,59,2,2,0,0,0,63,0,1
2022,Sudeste,3,Espírito Santo,ES,32,Cachoeiro de Itapemirim,3201209,0,Sul Espírito-santense,4,Cachoeiro de Itapemirim,12,2,5,UNIAO SOCIAL CAMILIANA,497,739,CENTRO UNIVERSITÁRIO SÃO CAMILO - ESPÍRITO SANTO,SÃO CAMILO-ES,Rua São Camilo de Lellis,01,-,Paraiso,29304910.0,131,3,9,16,16,17,17,34,8,0,0,5,2,2,2,0,0,1,0,1,1,1,1,38,8000,77,77,39,38,0,0,34,31,12,21,0,21,30,26,6,10,14,18,19,4,5,1,58,2,11,0,0,6,77,0,0
2022,Sudeste,3,São Paulo,SP,35,São Manuel,3550100,0,Bauru,4,Botucatu,23,3,3,INSTITUTO MUNICIPAL DE ENSINO SUPERIOR DE SAO MANUEL,502,745,INSTITUTO MUNICIPAL DE ENSINO SUPERIOR DE SÃO MANUEL,IMESSM,Caixa Postal 126 - Quintino Bocaiuva,S/N,-,APARECIDA DE SÃO MANUEL,18650000.0,11,1,0,0,0,4,0,1,1,4,0,0,0,0,0,0,0,0,0,0,1,1,0,0,0,26,24,17,7,0,0,4,16,4,0,0,0,0,24,3,3,6,1,3,1,3,4,24,0,0,0,0,0,24,0,0
2022,Sudeste,3,Minas Gerais,MG,31,Pará de Minas,3147105,0,Metropolitana de Belo Horizonte,7,Pará de Minas,29,3,5,CONFRARIA N. S. DA PIEDADE DA PAROQUIA DE N. S. DA PIEDADE DE PARA DE MINAS,508,752,FACULDADE DE PARÁ DE MINAS,FAPAM,Rua Ricardo Marinho,110,-,São Geraldo,35660398.0,55,0,0,0,0,9,5,5,3,11,7,3,8,2,2,0,0,1,0,0,1,0,0,109,12635,53,48,16,32,0,0,7,35,6,3,0,3,12,33,0,4,7,14,9,3,4,7,41,5,2,0,0,0,48,0,0
2022,Sudeste,3,Rio de Janeiro,RJ,33,Rio de Janeiro,3304557,1,Metropolitana do Rio de Janeiro,6,Rio de Janeiro,18,3,5,SOCIEDADE DE ENSINO SUPERIOR PINHEIRO GUIMARAES,520,764,FACULDADE PINHEIRO GUIMARÃES,FAPG,RUA SILVEIRA MARTINS,151/153,-,CATETE,22221000.0,7,0,0,0,0,1,1,2,2,0,0,1,0,0,0,0,0,0,0,1,1,1,0,0,0,7,6,3,3,0,0,2,3,1,0,0,0,1,5,0,0,0,0,0,2,2,2,5,0,0,0,0,1,6,0,0
2022,Sudeste,3,São Paulo,SP,35,São Paulo,3550308,1,Metropolitana de São Paulo,15,São Paulo,61,3,5,SOCIEDADE BENEF ISRAELITABRAS HOSPITAL ALBERT EINSTEIN,542,790,Faculdade Israelita de Ciências da Saúde Albert Einstein,FICSAE,Avenida Professor Francisco Morato,4293,-,Butantã,5521200.0,93,0,0,0,0,24,16,24,11,14,4,0,0,0,0,1,0,1,1,1,1,1,1,4000,67000,114,113,62,51,0,0,6,7,100,48,3,45,46,19,1,3,20,25,19,15,14,16,95,1,12,2,0,3,112,1,0
2022,Sudeste,3,São Paulo,SP,35,São Paulo,3550308,1,Metropolitana de São Paulo,15,São Paulo,61,2,4,"IREP SOCIEDADE DE ENSINO SUPERIOR, MEDIO E FUNDAMENTAL LTDA.",545,793,Centro Universitário Estácio de São Paulo,ESTÁCIO SÃO PAULO,Avenida Engenheiro Armando de Arruda Pereira,673,- até 1651 - lado ímpar,Jabaquara,4309010.0,257,0,0,1,0,13,30,46,21,44,12,33,36,11,10,0,0,1,0,1,1,0,1,36000,25981,157,157,82,75,0,0,8,76,73,34,0,34,46,77,3,27,22,31,31,15,14,14,39,4,10,3,0,101,157,0,0
2022,Sudeste,3,Espírito Santo,ES,32,Aracruz,3200607,0,Litoral Norte Espírito-santense,2,Linhares,6,3,5,FUNDACAO SAO JOAO BATISTA,550,798,FACULDADES INTEGRADAS DE ARACRUZ,FAACZ,Rua Professor Berilo Basílio dos Santos,180,-,Centro,29194910.0,62,3,5,2,1,3,3,11,4,16,4,2,5,1,2,0,0,1,1,1,1,1,1,437,17011,45,45,17,28,0,0,6,31,8,4,0,4,14,27,0,8,7,6,10,6,5,3,30,0,15,0,0,0,44,1,0
2022,Sudeste,3,Rio de Janeiro,RJ,33,Rio de Janeiro,3304557,1,Metropolitana do Rio de Janeiro,6,Rio de Janeiro,18,2,5,ASSOCIACAO CARIOCA DE ENSINO SUPERIOR,553,802,CENTRO UNIVERSITÁRIO UNICARIOCA,UNICARIOCA,Avenida Paulo de Frontin,568,-,Rio Comprido,20261243.0,377,9,2,8,3,54,43,23,17,24,21,48,62,31,32,1,0,1,1,0,1,1,1,49000,12000,149,149,64,85,0,0,1,75,73,89,0,89,59,1,1,10,15,35,26,25,11,26,73,3,7,0,0,66,147,2,0
2022,Sudeste,3,Minas Gerais,MG,31,Reduto,3154150,0,Zona da Mata,12,Manhuaçu,61,3,5,SOCIEDADE EDUCACIONAL BREDER LOPES,557,809,FACULDADE DE DIREITO E CIÊNCIAS SOCIAIS DO LESTE DE MINAS - FADILESTE,FADILESTE,Avenida Marcionília Breder Sathler,1,-,Centro,36920000.0,9,1,2,0,0,1,1,1,0,3,0,0,0,0,0,0,0,1,0,1,1,1,1,1000,10000,15,14,3,11,0,0,4,7,3,5,2,3,9,0,0,1,3,5,3,0,2,0,9,0,3,0,0,2,14,0,0
2022,Sudeste,3,Minas Gerais,MG,31,Lavras,3138203,0,Campo das Vertentes,11,Lavras,57,3,5,INSTITUTO PRESBITERIANO GAMMON,569,825,FACULDADE PRESBITERIANA GAMMON,FAGAMMON,Praça Praça Doutor Augusto Silva,616,-,Centro,37200154.0,7,0,0,0,0,3,1,1,0,2,0,0,0,0,0,0,0,0,0,1,1,1,1,240,11000,67,57,24,33,0,0,9,37,11,4,0,4,6,47,2,12,14,6,12,3,4,4,41,1,11,0,0,4,57,0,0
2022,Sudeste,3,Minas Gerais,MG,31,São Lourenço,3163706,0,Sul/Sudoeste de Minas,10,São Lourenço,54,3,4,"UNISEPE UNIAO DAS INSTITUICOES DE SERVICO, ENSINO E PESQUISA LTDA",715,828,FACULDADE DE SÃO LOURENÇO,FASAMA,Rua Madame Schimidt,90,-,Federal,37470000.0,16,0,0,0,0,4,1,4,0,4,3,0,0,0,0,0,0,1,1,1,1,1,1,9,5017,33,33,14,19,0,0,11,18,4,13,0,13,14,6,1,5,5,10,6,2,4,0,29,0,1,0,0,3,33,0,1
2022,Sudeste,3,Minas Gerais,MG,31,Curvelo,3120904,0,Central Mineira,6,Curvelo,25,3,5,MITRA ARQUIDIOCESANA DE DIAMANTINA,576,832,FACULDADE ARQUIDIOCESANA DE CURVELO,FAC,Rua João Pessoa,88,-,Centro,35790252.0,26,4,1,0,0,1,6,3,1,2,5,2,1,0,0,0,0,1,1,1,1,1,1,42,1870,27,26,9,17,0,0,2,20,4,4,0,4,6,16,0,2,12,4,4,2,1,1,18,0,5,0,0,3,26,0,0
2022,Sudeste,3,São Paulo,SP,35,Birigui,3506508,0,Araçatuba,3,Birigui,18,3,3,FUNDACAO MUNICIPAL DE ENSINO DE BIRIGUI,584,843,FACULDADE DE CIÊNCIAS E TECNOLOGIA DE BIRIGUI,FATEB,Rua Antônio Simões,04,-,Centro,16200027.0,42,0,0,3,0,0,2,3,9,0,0,9,11,3,2,1,0,0,0,0,1,1,1,0,76,26,25,10,15,0,0,3,15,7,2,0,2,3,20,0,1,3,8,8,3,2,0,15,1,2,0,0,7,25,0,0
2022,Sudeste,3,São Paulo,SP,35,Araçatuba,3502804,0,Araçatuba,3,Araçatuba,17,2,3,FUNDACAO EDUCACIONAL ARACATUBA,586,845,FACULDADE DA FUNDAÇÃO EDUCACIONAL ARAÇATUBA,FAC-FEA,Rua Maurício de Nassau,1.191,-,Santana,16050480.0,18,0,0,0,0,4,2,6,3,0,0,2,0,0,1,0,0,0,0,1,1,1,1,108,508,45,42,20,22,0,0,4,29,9,1,0,1,6,35,2,2,4,5,6,11,6,6,40,1,1,0,0,0,42,0,0
2022,Sudeste,3,Minas Gerais,MG,31,Belo Horizonte,3106200,1,Metropolitana de Belo Horizonte,7,Belo Horizonte,30,3,5,ASSOCIACAO JESUITA DE EDUCACAO E ASSISTENCIA SOCIAL,589,849,FACULDADE JESUÍTA DE FILOSOFIA E TEOLOGIA,FAJE,Avenida Dr. Cristiano Guimarães,2.127,-,Planalto,31720300.0,31,0,0,0,0,4,5,10,6,3,1,2,0,0,0,1,0,1,0,0,1,1,1,2035,18000,58,58,18,40,0,2,1,16,39,18,0,18,25,15,1,1,3,8,7,8,6,24,37,3,10,0,2,6,55,3,0
2022,Sudeste,3,São Paulo,SP,35,São Paulo,3550308,1,Metropolitana de São Paulo,15,São Paulo,61,2,4,VSTP EDUCACAO S.A.,14753,852,FIAP - Centro Universitário,,Avenida Lins de Vasconcelos,1264,-,Cambuci,1538001.0,568,0,0,8,10,98,99,120,94,21,52,10,41,5,10,0,0,0,1,0,1,0,0,0,14000,208,179,26,153,0,0,66,80,33,44,0,44,33,102,12,20,30,37,37,20,16,7,72,0,4,4,0,99,177,2,0
2022,Sudeste,3,Minas Gerais,MG,31,Coronel Fabriciano,3119401,0,Vale do Rio Doce,8,Ipatinga,39,2,5,UNIAO BRASILEIRA DE EDUCACAO CATOLICA,278,878,Centro Universitário Católica do Leste de Minas Gerais,UNILESTE,Avenida Tancredo Neves,3.500,Caixa Postal 63,Universitário,35170056.0,160,0,1,0,2,52,26,30,15,24,9,1,0,0,0,1,0,1,1,1,1,1,1,344,12790,130,130,62,68,0,0,8,81,41,25,0,25,55,50,3,18,20,29,18,15,16,11,62,5,55,0,1,7,130,0,3
2022,Sudeste,3,São Paulo,SP,35,Assis,3504008,0,Assis,10,Assis,39,3,7,FUNDACAO EDUCACIONAL DO MUNICIPIO DE ASSIS,615,881,INSTITUTO MUNICIPAL DE ENSINO SUPERIOR DE ASSIS,IMESA,Av. Getúlio Vargas,1200,-,Vila Nova Santana,19807634.0,75,0,0,0,0,17,12,19,19,0,1,2,3,0,2,0,0,0,1,0,0,0,0,40,15601,204,194,94,100,0,1,67,69,57,3,1,2,92,99,6,21,31,35,42,23,20,16,81,1,1,2,0,109,193,1,0
2022,Sudeste,3,São Paulo,SP,35,Bebedouro,3506102,0,Ribeirão Preto,2,Jaboticabal,13,3,3,PREFEITURA MUNICIPAL DE BEBEDOURO,616,882,INSTITUTO MUNICIPAL DE ENSINO SUPERIOR DE BEBEDOURO VICTÓRIO CARDASSI,IMESB,Rua Nelson Domingos Madeira,300,-,PARQUE ELDORADO,14706124.0,59,0,0,0,0,1,2,12,5,1,2,5,10,9,12,0,0,1,0,0,1,1,0,0,0,39,32,12,20,0,0,0,13,19,7,0,7,16,9,0,1,6,10,2,2,5,6,27,1,2,1,0,1,32,0,0
2022,Sudeste,3,São Paulo,SP,35,Hortolândia,3519071,0,Campinas,7,Campinas,32,3,4,UNIESP S.A,16134,886,FACULDADE DE HORTOLÂNDIA,FACH,Avenida Santana,1070,-,Jardim Amanda I,13188021.0,2,0,0,0,0,0,0,0,0,1,0,1,0,0,0,1,0,1,0,1,1,1,1,22203,11213,9,9,2,7,0,0,1,7,1,2,0,2,6,1,0,2,2,2,1,0,1,1,5,0,3,0,0,1,9,0,0
2022,Sudeste,3,Minas Gerais,MG,31,Belo Horizonte,3106200,1,Metropolitana de Belo Horizonte,7,Belo Horizonte,30,3,2,FUNDACAO JOAO PINHEIRO,623,890,ESCOLA DE GOVERNO PROFESSOR PAULO NEVES DE CARVALHO,EG,Alameda dos Oitis,140,-,PAMPULHA,31270810.0,35,0,0,0,0,3,0,11,2,8,3,3,4,1,0,1,0,1,1,1,1,0,1,29,201,56,51,28,23,0,0,7,15,29,44,0,44,0,7,0,10,10,5,6,8,7,5,36,0,10,0,0,5,51,0,0
2022,Sudeste,3,São Paulo,SP,35,São Paulo,3550308,1,Metropolitana de São Paulo,15,São Paulo,61,2,5,ASSOCIACAO DE EDUCACAO SANTA RITA DE CASSIA,628,898,Centro Universitário Unisan,UNISAN,Avenida Jaçanã,648,-,Jaçanã,2273001.0,24,1,0,0,0,11,0,10,0,2,0,0,0,0,0,1,0,1,1,1,1,1,1,15000,15000,36,36,14,22,0,0,3,28,5,15,0,15,1,20,2,4,4,7,4,7,3,5,25,0,4,0,0,7,36,0,0
2022,Sudeste,3,São Paulo,SP,35,São Paulo,3550308,1,Metropolitana de São Paulo,15,São Paulo,61,3,4,EPD - ESCOLA PAULISTA DE DIREITO LTDA,17506,905,FACULDADE ESCOLA PAULISTA DE DIREITO,FACEPD,Avenida Liberdade,956,-,Liberdade,1502001.0,74,0,3,1,0,2,2,24,13,7,1,4,5,3,9,1,0,1,1,1,1,1,0,0,8030,19,19,7,12,0,0,0,8,11,5,0,5,11,3,1,0,3,7,4,2,0,2,18,0,0,1,0,0,19,0,0
2022,Sudeste,3,São Paulo,SP,35,Mogi Mirim,3530805,0,Campinas,7,Mogi Mirim,31,3,5,ASSOCIACAO EDUCACIONAL E ASSISTENCIAL SANTA LUCIA,639,910,FACULDADE SANTA LÚCIA,FCACSL,Rua Doutor Ulhoa Cintra,351,-,Centro,13800061.0,28,0,1,4,2,3,4,6,3,0,1,3,1,0,0,1,0,1,1,1,1,1,0,5000,12000,52,52,19,33,0,0,2,32,18,10,4,6,39,3,1,2,9,12,5,11,4,8,48,0,0,0,0,4,52,0,0
2022,Sudeste,3,São Paulo,SP,35,Dracena,3514403,0,Presidente Prudente,8,Dracena,34,3,5,CENTRO DE ENSINO SUPERIOR DE DRACENA,649,922,FACULDADE REGES DE DRACENA,,Avenida Rui Barbosa,735,-,Jardim Alvorada,17900000.0,37,0,1,3,3,4,2,16,2,2,3,0,0,1,0,0,0,1,0,0,1,0,1,86,25487,35,35,15,20,0,0,0,26,9,5,5,0,30,0,0,3,2,8,7,5,7,3,32,0,1,0,0,2,35,0,0
2022,Sudeste,3,São Paulo,SP,35,São Roque,3550605,0,Macro Metropolitana Paulista,12,Sorocaba,46,2,5,ASSOCIACAO DE ENSINO SUPERIOR DE SAO ROQUE,650,923,CENTRO UNIVERSITÁRIO SÃO ROQUE,UNISÃO ROQUE,Rua Padre Marçal,30,-,Centro,18130100.0,9,0,0,0,0,1,0,1,1,4,2,0,0,0,0,1,0,1,1,1,1,1,1,48322,59180,37,37,17,20,0,0,13,17,7,8,0,8,9,20,2,4,10,6,7,2,1,5,35,0,2,0,0,0,37,0,0
2022,Sudeste,3,Rio de Janeiro,RJ,33,Rio de Janeiro,3304557,1,Metropolitana do Rio de Janeiro,6,Rio de Janeiro,18,3,5,ASSOCIACAO ESCOLA SUPERIOR DE PROPAGANDA E MARKETING,412,944,ESCOLA SUPERIOR DE PROPAGANDA E MARKETING DO RIO DE JANEIRO,ESPM,Ladeira da Glória,26,ESPM Rio - Villa Aymoré,Glória,22211120.0,192,0,0,0,2,17,20,22,13,12,3,18,26,31,28,1,0,1,1,1,1,0,1,8206,27303,97,97,45,52,0,0,0,39,58,33,0,33,26,38,0,0,10,18,17,18,8,26,47,0,5,0,0,45,95,2,0
2022,Sudeste,3,Minas Gerais,MG,31,Januária,3135209,0,Norte de Minas,2,Januária,3,3,4,SOCIEDADE NORTE MINEIRA DE ENSINO E COMUNICACAO LTDA,17161,945,Faculdade Funorte de Januária,,Praça Tiradentes,164,-,Centro,39480000.0,24,1,5,0,1,2,2,4,1,5,2,0,1,0,0,1,0,1,1,1,1,1,1,383,6230,18,18,9,9,0,0,2,5,11,2,0,2,16,0,1,2,5,3,4,2,1,0,7,0,6,0,0,5,18,0,0
2022,Sudeste,3,São Paulo,SP,35,Santos,3548500,0,Metropolitana de São Paulo,15,Santos,63,1,5,INSTITUTO SUPERIOR DE EDUCACAO SANTA CECILIA,676,952,UNIVERSIDADE SANTA CECÍLIA,UNISANTA,Rua Oswaldo Cruz,266,-,Boqueirão,11045100.0,406,2,8,10,23,73,73,114,83,11,5,1,1,0,2,1,0,1,1,0,1,1,1,364,28974,439,435,157,278,0,0,49,251,135,135,0,135,189,111,1,17,29,54,46,62,78,148,343,3,28,0,0,61,429,6,2
2022,Sudeste,3,São Paulo,SP,35,Santos,3548500,0,Metropolitana de São Paulo,15,Santos,63,1,5,CENTRO DE ESTUDOS UNIFICADOS BANDEIRANTE,677,953,UNIVERSIDADE METROPOLITANA DE SANTOS,UNIMES,Avenida Conselheiro Nébias,536,UNIMES - Campus II,Encruzilhada,11045002.0,856,11,9,21,21,132,86,173,158,41,38,49,34,50,33,1,0,1,1,1,1,0,0,220,15000,377,377,179,198,0,0,44,168,165,97,0,97,236,44,6,17,28,65,59,53,60,89,249,3,12,4,0,109,375,2,1
2022,Sudeste,3,São Paulo,SP,35,Taquaritinga,3553708,0,Ribeirão Preto,2,Jaboticabal,13,3,2,CENTRO ESTADUAL DE EDUCACAO TECNOLOGICA PAULA SOUZA,33,967,FACULDADE DE TECNOLOGIA DE TAQUARITINGA,FATEC/TQ,Avenida Doutor Flávio Henrique Lemos,585,-,PORTAL ITAMARACÁ,15900000.0,25,0,0,1,0,1,4,7,3,2,6,0,1,0,0,0,0,0,1,1,1,0,1,0,0,103,100,27,73,0,1,25,49,25,9,1,8,53,38,1,10,19,20,18,10,12,10,85,0,8,1,0,6,99,1,1
2022,Sudeste,3,Minas Gerais,MG,31,Iguatama,3130309,0,Oeste de Minas,9,Piuí,42,3,5,FUNDACAO EDUCACIONAL VALE DO SAO FRANCISCO,693,989,ESCOLA SUPERIOR EM MEIO AMBIENTE,ESMA,Rua 155,253,-,BELA VISTA,38910000.0,5,0,0,0,0,0,0,2,2,1,0,0,0,0,0,0,0,0,1,1,1,1,1,99,336,15,10,6,4,0,0,4,4,2,0,0,0,0,10,1,3,3,2,0,0,1,0,5,0,3,0,0,2,10,0,0
2022,Sudeste,3,Rio de Janeiro,RJ,33,Rio de Janeiro,3304557,1,Metropolitana do Rio de Janeiro,6,Rio de Janeiro,18,3,5,SERVICO NACIONAL DE APRENDIZAGEM INDUSTRIAL SENAI,695,991,FACULDADE SENAI-CETIQT,SENAI-CETIQT,Avenida Luís Carlos Prestes,230,Unidade Barra da Tijuca,Barra da Tijuca,22775055.0,198,0,0,1,1,30,20,57,35,23,20,6,3,0,2,0,0,1,1,1,1,1,1,0,15724,35,35,22,13,0,0,13,11,11,0,0,0,23,12,0,3,6,6,7,4,7,2,23,1,6,0,0,5,35,0,0
2022,Sudeste,3,Rio de Janeiro,RJ,33,Duque de Caxias,3301702,0,Metropolitana do Rio de Janeiro,6,Rio de Janeiro,18,3,5,UNIESP S.A,16134,994,Faculdade de Duque de Caxias,FDC,"Rua Pedro Correia nºs 318, 330, 370",S/N,-,Vila Meriti,25020160.0,3,0,0,0,0,1,0,1,0,0,0,1,0,0,0,1,0,1,1,1,1,1,1,22203,11213,6,5,2,3,0,0,1,2,2,2,0,2,2,1,0,0,0,2,1,0,2,0,3,0,0,0,0,2,5,0,0
2022,Sudeste,3,São Paulo,SP,35,Bauru,3506003,0,Bauru,4,Bauru,20,2,5,INSTITUICAO TOLEDO DE ENSINO,700,997,Centro Universitário de Bauru,,Praça Nove de Julho,1-51,Térreo,Vila Pacífico,17050790.0,77,0,0,3,8,17,3,18,2,4,4,6,6,4,2,1,0,1,1,1,1,1,1,1141,25518,88,82,22,60,0,0,18,39,25,8,0,8,23,51,1,3,5,16,11,12,7,27,79,0,0,2,0,1,82,0,0
2022,Sudeste,3,Minas Gerais,MG,31,Unaí,3170404,0,Noroeste de Minas,1,Unaí,1,3,5,ASSOCIACAO DE ENSINO E PESQUISA DE UNAI AEPU,716,1019,FACULDADE DE CIÊNCIAS E TECNOLOGIA DE UNAÍ - FACTU,FACTU,Rua Rua Eduardo Rodrigues Barbosa,180,-,Centro,38610061.0,39,2,2,2,1,8,6,4,1,5,1,2,2,1,2,0,0,1,1,1,1,1,1,0,1200000,44,43,18,25,0,0,17,17,9,15,10,5,7,21,0,5,8,11,5,7,7,0,23,0,9,2,0,9,43,0,0
2022,Sudeste,3,Rio de Janeiro,RJ,33,Campos dos Goytacazes,3301009,0,Norte Fluminense,2,Campos dos Goytacazes,3,1,2,UNIVERSIDADE ESTADUAL DO NORTE FLUMINENSE DARCY RIBEIRO - UENF,15622,1027,UNIVERSIDADE ESTADUAL DO NORTE FLUMINENSE DARCY RIBEIRO,UENF,Avenida Alberto Lamego,2000,-,Parque Califórnia,28013602.0,532,15,74,13,19,59,111,93,77,20,13,12,14,6,6,1,0,1,0,1,1,0,1,60,13280,295,295,103,192,0,0,0,0,295,295,295,0,0,0,0,1,17,23,32,53,77,92,133,4,21,5,4,128,261,34,0
2022,Sudeste,3,Rio de Janeiro,RJ,33,Rio de Janeiro,3304557,1,Metropolitana do Rio de Janeiro,6,Rio de Janeiro,18,2,4,IBMEC EDUCACIONAL LTDA.,1223,1030,Centro Universitário IBMEC,IBMEC,Avenida Armando Lombardi,940,- lado par,Barra da Tijuca,22640000.0,316,3,0,12,23,18,11,27,16,7,8,43,52,28,68,1,0,1,1,0,1,0,1,36000,25981,62,62,24,38,0,0,0,1,61,27,0,27,0,35,0,1,4,13,14,13,11,6,14,0,0,1,0,47,62,0,0
2022,Sudeste,3,São Paulo,SP,35,Americana,3501608,0,Campinas,7,Campinas,32,2,5,LICEU CORACAO DE JESUS,607,1032,CENTRO UNIVERSITÁRIO SALESIANO DE SÃO PAULO,UNISAL,Avenida de Cillo,3.500,Unidade de Ensino de Americana - campus Maria Auxiliadora,Parque Novo Mundo,13467600.0,265,6,2,11,10,51,37,32,25,33,12,7,25,8,6,0,0,1,0,0,1,1,1,24646,176226,224,223,81,142,0,4,13,132,74,23,0,23,130,70,3,13,26,47,42,37,25,30,211,1,8,1,0,2,221,2,1
2022,Sudeste,3,Minas Gerais,MG,31,Belo Horizonte,3106200,1,Metropolitana de Belo Horizonte,7,Belo Horizonte,30,1,2,UNIVERSIDADE DO ESTADO DE MINAS GERAIS,112,1036,UNIVERSIDADE DO ESTADO DE MINAS GERAIS,UEMG,Rodovia Prefeito Américo Renê Gianetti,3701,"Cidade Administrativa Presidente Tancredo Neves - Edifício Minas, 8º andar",Serra Verde,31630900.0,573,0,0,1,3,50,36,217,92,114,38,10,5,4,3,1,0,1,1,1,1,1,1,100,27970,1618,1618,873,745,0,28,215,877,498,1178,83,1095,440,0,39,241,326,340,219,166,140,147,591,41,179,5,2,800,1617,1,2
2022,Sudeste,3,São Paulo,SP,35,Araras,3503307,0,Piracicaba,6,Limeira,27,2,5,FUNDACAO HERMINIO OMETTO,403,1043,CENTRO UNIVERSITÁRIO DA FUNDAÇÃO HERMINIO OMETTO,FHO,Avenida Doutor  Maximiliano Baruto,500,-,Jardim Universitário,13607339.0,246,3,2,4,1,84,43,46,32,15,9,2,2,0,3,1,0,0,1,0,1,1,1,0,5044,301,298,170,128,0,0,43,139,116,70,0,70,96,132,21,67,75,45,30,23,18,19,281,4,13,0,0,0,298,0,1
2022,Sudeste,3,São Paulo,SP,35,Leme,3526704,0,Piracicaba,6,Limeira,27,2,4,ANHANGUERA EDUCACIONAL PARTICIPACOES S/A,16452,1045,CENTRO UNIVERSITÁRIO ANHANGÜERA,UNIFIAN,Rua Waldemar Silenci,340,-,Cidade Jardim,13614370.0,72,0,0,0,1,16,8,13,8,15,7,2,0,0,2,0,0,1,1,1,1,1,1,60395,238009,125,125,61,64,0,0,51,26,48,8,0,8,60,57,10,20,16,35,15,10,7,12,101,4,17,2,1,0,124,1,2
2022,Sudeste,3,São Paulo,SP,35,São José do Rio Preto,3549805,0,São José do Rio Preto,1,São José do Rio Preto,4,3,5,ASSOCIACAO EDUCACIONAL DE ENSINO SUPERIOR,555,1046,UNIÃO DAS FACULDADES DOS GRANDES LAGOS,UNILAGO,Rua Eduardo Nielsen,960,-,Jardim Aeroporto,15030070.0,148,4,3,25,15,23,18,20,18,11,8,1,1,1,0,0,0,1,1,1,1,0,1,2,8500,287,287,158,129,0,0,74,121,92,30,0,30,256,1,13,54,80,53,36,23,16,12,184,6,11,1,0,85,287,0,0
2022,Sudeste,3,São Paulo,SP,35,São Paulo,3550308,1,Metropolitana de São Paulo,15,São Paulo,61,3,5,INSTITUTO DE ENSINO MEDIO E SUPERIOR FRANCOIS MARIE AROUET LTDA,12418,1048,FACULDADE CAMPOS ELÍSEOS,FCE,Maria de Jesus Simões,167,SEDE,Lauzane Paulista,2469000.0,31,0,0,0,0,10,3,8,3,2,3,0,1,1,0,0,0,1,1,1,1,1,1,304,1322,23,23,9,14,0,0,2,13,8,21,0,21,2,0,0,1,1,6,1,8,2,4,18,0,4,0,0,1,23,0,0
2022,Sudeste,3,Espírito Santo,ES,32,Vila Velha,3205200,0,Central Espírito-santense,3,Vitória,9,3,5,INSTITUTO ENSINAR BRASIL,218,1063,Faculdade Doctum de Vila Velha,DOCTUM,Rua Lúcio Bacelar,490,-,Praia da Costa,29101030.0,28,0,0,0,1,12,8,4,1,1,1,0,0,0,0,0,0,0,1,0,1,0,0,10,9000,31,31,9,22,0,0,2,13,16,0,0,0,31,0,1,2,4,12,6,3,2,1,16,2,5,0,0,8,31,0,0
2022,Sudeste,3,Espírito Santo,ES,32,Vitória,3205309,1,Central Espírito-santense,3,Vitória,9,3,5,INSTITUTO ENSINAR BRASIL,218,1064,Faculdade Doctum de Vitória,DOCTUM,Avenida Vitória,2703,Doctum Vitória,Horto,29045160.0,31,0,0,1,2,10,9,4,2,1,2,0,0,0,0,0,0,0,1,0,1,0,0,10,9000,77,77,28,49,0,0,9,45,23,0,0,0,77,0,2,9,14,13,15,12,8,4,32,4,19,0,0,22,77,0,0
2022,Sudeste,3,Minas Gerais,MG,31,Iturama,3134400,0,Triângulo Mineiro/Alto Paranaíba,5,Frutal,21,3,5,INSTITUICAO ITURAMENSE DE ENSINO SUPERIOR,745,1068,FACULDADE ALDETE MARIA ALVES,FAMA,AV. DOMINGOS TEIXEIRA,664,-,RESIDENCIAL RECANTO DOS LAGOS,38280000.0,18,0,0,0,0,4,3,5,1,2,1,1,0,1,0,1,0,1,1,1,1,1,1,8208,11728,22,22,8,14,0,0,0,18,4,7,0,7,15,0,0,2,5,5,5,1,2,2,16,0,2,0,0,4,22,0,0
2022,Sudeste,3,Minas Gerais,MG,31,Unaí,3170404,0,Noroeste de Minas,1,Unaí,1,3,5,CAMPANHA NACIONAL DE ESCOLAS DA COMUNIDADE,407,1070,FACULDADE CNEC UNAÍ,,Rua Celina Lisboa Frederico,142,-,Centro,38610000.0,9,0,1,1,0,1,1,1,0,1,1,0,2,0,0,0,0,1,1,1,1,1,0,10000,10000,8,8,4,4,0,0,2,6,0,0,0,0,0,8,1,1,1,0,3,1,1,0,3,0,3,0,0,2,8,0,0
2022,Sudeste,3,Rio de Janeiro,RJ,33,Petrópolis,3303906,0,Metropolitana do Rio de Janeiro,6,Serrana,15,2,5,FUNDACAO OCTACILIO GUALBERTO,328,1080,CENTRO UNIVERSITÁRIO ARTHUR SÁ EARP NETO,UNIFASE,Avenida Barão do Rio Branco,905 a 1003,-,Centro,25680120.0,314,11,23,2,8,46,35,43,20,84,35,5,2,0,0,0,0,1,0,1,1,0,1,804,15738,358,354,208,146,0,0,60,182,112,97,0,97,226,31,7,18,50,53,39,56,49,82,299,1,12,3,0,39,349,5,0
2022,Sudeste,3,Rio de Janeiro,RJ,33,Resende,3304201,0,Sul Fluminense,5,Vale do Paraíba Fluminense,11,3,5,ASSOCIACAO EDUCACIONAL DOM BOSCO,327,1081,FACULDADE DE ENGENHARIA DE RESENDE,FER,Avenida Professor Antonio Esteves,01,-,Morada da Colina,27523000.0,59,0,1,0,3,8,5,19,11,5,4,1,2,0,0,0,0,1,1,0,1,1,1,287,12000,39,39,9,30,0,0,5,25,9,9,0,9,10,20,1,5,7,6,5,3,5,7,25,0,7,0,0,7,39,0,0
2022,Sudeste,3,São Paulo,SP,35,Bauru,3506003,0,Bauru,4,Bauru,20,3,4,ASSOCIACAO RANIERI DE EDUCACAO E CULTURA LTDA,760,1092,FACULDADES INTEGRADAS DE BAURU,FIB,Rua Rodolfina Dias Domingues,11,Quinta Ranieri,Jardim Ferraz,17056100.0,57,0,0,8,4,10,6,15,8,4,0,1,0,1,0,0,0,1,1,0,1,1,0,6,8000,192,192,95,97,0,0,31,72,89,16,0,16,176,0,6,26,23,41,39,21,17,19,126,1,6,1,0,58,191,1,1
2022,Sudeste,3,São Paulo,SP,35,Presidente Epitácio,3541307,0,Presidente Prudente,8,Presidente Prudente,36,3,4,UNIESP S.A,16134,1096,FACULDADE DE PRESIDENTE EPITÁCIO - FAPE,FAPE,Rua Pernambuco,17-05,-,Centro,19470000.0,13,0,0,0,0,2,5,2,3,1,0,0,0,0,0,1,0,1,0,1,1,1,1,22203,11213,10,9,5,4,0,0,2,6,1,2,0,2,7,0,1,1,2,1,1,2,0,1,7,1,1,0,0,0,9,0,0
2022,Sudeste,3,São Paulo,SP,35,São Paulo,3550308,1,Metropolitana de São Paulo,15,São Paulo,61,2,5,ESCOLA DE EDUCACAO SUPERIOR SAO JORGE,905,1100,Centro Universitário Carlos Drummond de Andrade,UniDrummond,Rua Prof. Pedreira de Freitas,415,-,Tatuapé,3312050.0,102,2,1,6,6,35,21,9,4,6,2,5,3,1,1,1,0,1,1,1,1,1,1,14719,18255,67,67,19,48,0,0,5,37,25,10,0,10,57,0,1,2,3,11,14,9,11,16,47,2,7,1,0,10,64,3,0
2022,Sudeste,3,São Paulo,SP,35,Mirassol,3530300,0,São José do Rio Preto,1,São José do Rio Preto,4,3,4,UNIESP S.A,16134,1118,FACULDADE DE MIRASSOL,,Avenida Luiz Fernando Moreira,1005,-,Jardim São José,15130258.0,15,2,0,2,1,4,4,0,1,1,0,0,0,0,0,1,0,1,0,1,1,1,1,22203,11213,6,5,3,2,0,0,1,3,1,2,0,2,0,3,0,0,0,2,0,1,2,0,4,0,1,0,0,0,5,0,0
2022,Sudeste,3,Rio de Janeiro,RJ,33,Campos dos Goytacazes,3301009,0,Norte Fluminense,2,Campos dos Goytacazes,3,4,1,"INSTITUTO FEDERAL DE EDUCACAO, CIENCIA E TECNOLOGIA FLUMINENSE.",9068,1120,"INSTITUTO FEDERAL DE EDUCAÇÃO, CIÊNCIA E TECNOLOGIA FLUMINENSE",IF Fluminense,Rua Doutor Siqueira,273,-,Parque Dom Bosco,28030130.0,500,0,3,0,11,24,44,41,57,153,128,25,11,3,0,1,0,1,1,1,1,1,1,212,57,587,575,204,371,0,17,36,249,273,562,462,100,13,0,18,74,122,126,92,73,43,27,143,11,48,0,0,373,572,3,0
2022,Sudeste,3,São Paulo,SP,35,Osvaldo Cruz,3534609,0,Presidente Prudente,8,Adamantina,35,3,5,ASSOCIACAO DE ENSINO SUPERIOR DE OSVALDO CRUZ,776,1122,FACULDADE REGES DE OSVALDO CRUZ,,Rua Chile,501,-,Jardim das Bandeiras,17700000.0,5,0,0,0,0,2,0,1,0,1,0,0,1,0,0,0,0,1,0,0,0,1,1,86,5000,29,29,13,16,0,0,3,18,8,6,1,5,17,6,0,1,4,6,4,3,5,6,26,0,2,1,0,0,29,0,0
2022,Sudeste,3,Minas Gerais,MG,31,Itaúna,3133808,0,Oeste de Minas,9,Divinópolis,43,1,5,FUNDACAO UNIVERSIDADE DE ITAUNA,227,1128,UNIVERSIDADE DE ITAÚNA,UI,Rodovia Mg 431 Km 45,s/n,-,Campus Verde,35680142.0,319,11,23,38,67,34,36,40,20,14,13,7,11,1,4,1,0,0,0,1,1,1,1,2380,135,272,266,102,164,0,0,40,125,101,93,2,91,75,98,0,11,17,32,44,39,42,81,235,1,17,1,0,12,266,0,2
2022,Sudeste,3,São Paulo,SP,35,São José do Rio Preto,3549805,0,São José do Rio Preto,1,São José do Rio Preto,4,2,5,CIERP - CENTRO INTEGRADO DE ENSINO SUPERIOR DE RIO PRETO,17941,1129,CENTRO UNIVERSITÁRIO DO NORTE DE SÃO PAULO,UNORTE,Rua Ipiranga,3460,Unidade I: UNORP - SEDE,Jardim Alto Rio Preto,15020040.0,69,0,0,3,1,33,26,3,2,1,0,0,0,0,0,0,0,1,1,1,1,1,1,0,15827,82,82,42,40,0,0,16,45,21,27,0,27,46,9,2,8,15,11,14,16,8,8,71,0,1,0,1,9,81,1,0
2022,Sudeste,3,Rio de Janeiro,RJ,33,Rio de Janeiro,3304557,1,Metropolitana do Rio de Janeiro,6,Rio de Janeiro,18,2,5,ASSOCIACAO DE CULTURA E EDUCACAO SANTA TERESA,787,1141,CENTRO UNIVERSITÁRIO GAMA E SOUZA,,Avenida Fernando Mattos,48,Campus IV - Barra (Sede),Barra da Tijuca,22261090.0,83,0,0,0,1,9,8,17,6,4,3,9,8,11,7,0,0,1,1,1,1,0,0,105,28725,117,111,61,50,0,0,1,63,47,64,0,64,47,0,1,19,15,15,18,15,11,17,54,6,21,0,0,30,109,2,0
2022,Sudeste,3,Espírito Santo,ES,32,Vitória,3205309,1,Central Espírito-santense,3,Vitória,9,3,4,SOCIEDADE DE ENSINO SUPERIOR DE VITORIA LTDA,658,1142,FACULDADE DE DIREITO DE VITÓRIA,FDV,Rua Juiz Alexandre Martins de Castro Filho,215,-,Santa Lúcia,29056295.0,57,0,0,2,0,10,6,13,5,9,2,5,2,2,1,1,0,1,1,1,1,1,1,34,7015,53,53,15,38,0,0,0,16,37,30,0,30,23,0,0,4,6,10,17,8,3,5,36,0,13,2,0,2,52,1,0
2022,Sudeste,3,São Paulo,SP,35,Mairiporã,3528502,0,Metropolitana de São Paulo,15,Franco da Rocha,58,3,5,INSTITUTO MAIRIPORA DE ENSINO SUPERIOR,788,1144,FACULDADE DE CIÊNCIAS HUMANAS,IMENSU,AV. THOMAZ RODRIGUES DA CRUZ,1113,-,BARREIRO,7600000.0,6,0,0,1,1,2,1,1,0,0,0,0,0,0,0,0,0,0,1,1,1,0,0,50,12000,8,8,4,4,0,0,1,6,1,3,2,1,3,2,0,0,0,1,1,3,2,1,6,0,2,0,0,0,8,0,0
2022,Sudeste,3,São Paulo,SP,35,Itu,3523909,0,Macro Metropolitana Paulista,12,Sorocaba,46,2,4,SOCIEDADE DE EDUCACAO NOSSA SENHORA DO PATROCINIO S/S LTDA,120,1149,CENTRO UNIVERSITÁRIO NOSSA SENHORA DO PATROCÍNIO,CEUNSP,Rua do Patrocínio,716,-,Centro,13300200.0,120,0,1,1,3,54,20,18,14,6,1,1,1,0,0,0,0,1,1,0,1,0,1,19594,32668,208,208,109,99,0,0,31,125,52,43,0,43,10,155,10,31,30,45,43,25,18,6,133,4,5,4,1,61,206,2,0
2022,Sudeste,3,Rio de Janeiro,RJ,33,Rio de Janeiro,3304557,1,Metropolitana do Rio de Janeiro,6,Rio de Janeiro,18,1,5,ASSOCIACAO SOCIEDADE BRASILEIRA DE INSTRUCAO - EM RECUPERACAO JUDICIAL,134,1153,UNIVERSIDADE CÂNDIDO MENDES,UCAM,Rua da Assembléia,10,CAMPUS  - RIO DE JANEIRO - CENTRO,Centro,20011901.0,277,1,2,1,2,65,36,78,48,18,17,1,3,3,2,0,0,1,1,1,1,1,1,99,13938,466,465,170,295,0,0,129,224,112,61,0,61,61,343,6,35,52,72,97,70,47,86,277,13,59,10,1,105,464,1,1
2022,Sudeste,3,Rio de Janeiro,RJ,33,Itaboraí,3301900,0,Metropolitana do Rio de Janeiro,6,Rio de Janeiro,18,3,5,CAMPANHA NACIONAL DE ESCOLAS DA COMUNIDADE,407,1156,Faculdade CNEC Alberto Torres,,Avenida Vinte e Dois de Maio,5300,-,Centro,24800065.0,3,0,0,0,0,0,0,1,0,1,1,0,0,0,0,1,0,1,1,1,1,1,1,19,7485,10,10,4,6,0,0,1,7,2,0,0,0,5,5,0,0,1,4,3,0,2,0,7,0,1,0,0,2,10,0,0
2022,Sudeste,3,Espírito Santo,ES,32,Santa Teresa,3204609,0,Central Espírito-santense,3,Santa Teresa,8,3,5,SERVICO SOCIAL EDUCACIONAL BENEFICENTE SESEBE,793,1157,ESCOLA SUPERIOR SÃO FRANCISCO DE ASSIS,ESFA,Rua Bernardino Monteiro,700,-,Dois Pinheiros,29650000.0,70,6,7,2,1,8,5,6,8,5,2,7,5,4,4,0,0,1,0,1,1,0,1,358,2699,43,41,24,17,0,0,12,20,9,6,0,6,14,21,6,4,11,8,6,2,4,0,31,0,9,0,0,1,40,1,0
2022,Sudeste,3,Espírito Santo,ES,32,Vitória,3205309,1,Central Espírito-santense,3,Vitória,9,3,4,UNIAO CAPIXABA DE ENSINO SUPERIOR LTDA - UCES,794,1159,CENTRO DE ENSINO SUPERIOR DE VITÓRIA,CESV,Rua Doutor Eurico de Aguiar,1003,- de 371 ao fim - lado ímpar,Santa Lúcia,29056205.0,17,0,0,0,0,4,5,5,0,2,0,1,0,0,0,1,0,0,0,1,1,1,0,933,7946,38,38,16,22,0,0,23,12,3,1,0,1,13,24,0,5,7,4,8,2,4,8,24,2,12,0,0,0,38,0,1
2022,Sudeste,3,São Paulo,SP,35,São Paulo,3550308,1,Metropolitana de São Paulo,15,São Paulo,61,3,5,INSPER - INSTITUTO DE ENSINO E PESQUISA,2553,1161,INSPER INSTITUTO DE ENSINO E PESQUISA,,Rua Quatá,300,-,Vila Olímpia,4546042.0,305,0,0,0,0,34,42,68,53,48,22,8,13,9,8,1,0,1,1,1,1,1,1,57938,13045,214,214,45,169,0,0,0,42,172,110,0,110,54,50,3,27,45,32,45,26,21,15,156,5,4,6,0,43,208,6,1
2022,Sudeste,3,Minas Gerais,MG,31,Sabará,3156700,0,Metropolitana de Belo Horizonte,7,Belo Horizonte,30,3,5,SOCIEDADE EDUCACIONAL E CULTURAL DE SABARA,762,1174,FACULDADE DE SABARÁ,SOECS,Av. Expedicionário Romeu J.Dantas,1084,-,Caieira,34555000.0,29,1,1,2,3,4,5,8,1,3,1,0,0,0,0,0,0,1,0,1,1,1,0,2503,2572,43,43,20,23,0,0,13,24,6,6,6,0,11,26,1,2,5,9,10,6,2,8,35,1,6,0,0,1,43,0,0
2022,Sudeste,3,São Paulo,SP,35,Americana,3501608,0,Campinas,7,Campinas,32,3,4,ACESC ENSINO SUPERIOR DE CAMPINAS LTDA.,597,1182,INSTITUTO DE ENSINO SUPERIOR DE AMERICANA,IESA,Rua do Carpinteiro,240 e 270,-,Jardim Werner Plaas,13478730.0,6,0,0,0,0,0,0,1,1,1,2,1,0,0,0,0,0,0,1,1,1,0,1,350,23000,15,15,10,5,0,0,7,5,3,0,0,0,8,7,1,1,2,1,2,0,4,4,14,0,1,0,0,0,15,0,0
2022,Sudeste,3,São Paulo,SP,35,Caraguatatuba,3510500,0,Vale do Paraíba Paulista,13,Caraguatatuba,54,2,4,SOCIEDADE EMPRESARIA DE ENSINO SUPERIOR DO LITORAL NORTE LTDA,521,1187,CENTRO UNIVERSITÁRIO MÓDULO,MÓDULO,Rua Maria D'Assumpção Carvalho,1000,-,Jardim Itamar,11662047.0,37,0,0,1,0,15,6,11,2,1,0,1,0,0,0,0,0,1,1,0,1,0,1,19594,32668,84,83,41,42,0,0,14,39,30,19,0,19,20,44,3,9,10,13,12,10,12,14,65,1,10,1,0,6,83,0,0
2022,Sudeste,3,São Paulo,SP,35,São Paulo,3550308,1,Metropolitana de São Paulo,15,São Paulo,61,3,5,ASSOCIACAO JOAO MEINBERG DE ENSINO DE SAO PAULO,14876,1190,FACULDADE INTEGRAL CANTAREIRA,F.I.C.,Rua Marcos Arruda,729,-,Belenzinho,3020000.0,26,0,0,0,0,0,4,6,5,1,3,1,2,2,2,0,0,1,1,1,1,1,1,300,350,17,17,6,11,0,0,2,6,9,0,0,0,0,17,0,0,1,1,5,2,5,3,16,0,1,0,0,0,17,0,0
2022,Sudeste,3,São Paulo,SP,35,São Caetano do Sul,3548807,0,Metropolitana de São Paulo,15,São Paulo,61,3,5,SERVICO NACIONAL DE APRENDIZAGEM INDUSTRIAL,796,1195,FACULDADE SENAI DE TECNOLOGIA MECATRÔNICA,SENAI,Rua Santo André,680,-,Boa Vista,9572000.0,7,0,0,0,0,0,0,4,0,2,1,0,0,0,0,0,0,1,0,0,1,1,1,3,15500,26,25,5,20,0,0,8,13,4,1,0,1,23,1,0,2,6,3,3,3,3,5,18,1,0,1,0,5,23,2,0
2022,Sudeste,3,Minas Gerais,MG,31,Conselheiro Lafaiete,3118304,0,Metropolitana de Belo Horizonte,7,Conselheiro Lafaiete,34,2,4,ENTIDADE MANTENEDORA DE ENSINO SANTA RITA LTDA,813,1202,Centro Universitário Santa Rita,UNIFASAR,Área Rural,S/N,Campus FASAR (Unidade Sede),Área Rural Conselheiro Lafaiete,36408899.0,167,6,4,3,6,10,7,31,4,12,10,23,19,22,10,1,0,1,1,1,1,1,1,452,8000,63,63,30,33,0,0,9,32,22,13,0,13,38,12,0,7,10,15,10,9,8,4,50,2,8,0,0,3,63,0,0
2022,Sudeste,3,São Paulo,SP,35,Itapetininga,3522307,0,Itapetininga,11,Itapetininga,42,3,4,CIESPT ENSINO SUPERIOR DE ITAPETININGA LTDA.,823,1219,INSTITUTO ITAPETININGANO DE ENSINO SUPERIOR,IIES,Rua Izolina de Morais Rosa,727,-,Vila Nastri,18206320.0,20,0,0,0,0,4,6,4,3,2,0,0,0,1,0,0,0,0,1,1,1,0,1,350,23000,56,53,31,22,0,0,25,19,9,5,1,4,48,0,1,7,14,7,9,4,5,6,42,1,4,3,0,3,53,0,0
2022,Sudeste,3,São Paulo,SP,35,Paraguaçu Paulista,3535507,0,Assis,10,Assis,39,3,5,FUNDACAO GAMMON DE ENSINO,229,1221,Escola Superior de Agronomia de Paraguaçu Paulista,ESAPP,Rua Jayme Monteiro,791,-,Centro,19700059.0,15,0,0,0,0,0,4,10,1,0,0,0,0,0,0,0,0,0,0,0,1,1,1,0,0,23,20,6,14,0,0,7,4,9,0,0,0,2,18,1,4,2,3,3,2,1,4,19,0,1,0,0,0,20,0,0
2022,Sudeste,3,São Paulo,SP,35,Jales,3524808,0,São José do Rio Preto,1,Jales,1,2,5,ASSOCIACAO EDUCACIONAL DE JALES,291,1224,CENTRO UNIVERSITÁRIO DE JALES,UNIJALES,Avenida Francisco Jales,1851,- de 1354/1355 a 1998/1999,Loteamento Avenida,15703200.0,47,6,5,0,3,5,6,0,7,11,3,0,0,0,1,0,0,0,0,1,1,1,1,1182,1734,68,66,32,34,0,0,31,26,9,33,0,33,24,9,1,5,12,13,9,5,9,12,53,0,2,1,0,10,66,0,0
2022,Sudeste,3,São Paulo,SP,35,Amparo,3501905,0,Campinas,7,Amparo,33,2,4,"UNISEPE UNIAO DAS INSTITUICOES DE SERVICO, ENSINO E PESQUISA LTDA",715,1225,CENTRO UNIVERSITÁRIO AMPARENSE,UNIFIA,Rodovia João Beira,s/n,"- do km 46,000 ao km 49,999",Parque Modelo,13905529.0,21,0,2,2,2,4,2,2,0,1,4,1,0,0,1,0,0,1,1,1,1,1,1,5,5017,54,54,29,25,0,0,26,17,11,15,0,15,8,31,8,9,13,12,5,6,1,0,46,1,3,0,0,4,54,0,0
2022,Sudeste,3,São Paulo,SP,35,Espírito Santo do Pinhal,3515186,0,Campinas,7,São João da Boa Vista,30,2,5,FUNDACAO PINHALENSE DE ENSINO,179,1230,CENTRO REGIONAL UNIVERSITÁRIO DE ESPÍRITO SANTO DO PINHAL,UNIPINHAL,Avenida Hélio Vergueiro Leite,s/n,-,Jardim Universitário,13990000.0,62,0,0,2,11,14,11,9,13,0,2,0,0,0,0,1,0,0,1,1,1,1,1,8,0,142,117,59,58,0,0,19,65,33,26,0,26,22,69,2,7,21,23,15,17,8,24,115,0,1,1,0,0,116,1,0
2022,Sudeste,3,Espírito Santo,ES,32,Cariacica,3201308,0,Central Espírito-santense,3,Vitória,9,3,5,ASS. DE ENSINO INTEGRADO E ORGANIZADO UNIVERSITARIO,829,1240,FACULDADE DE ESTUDOS SOCIAIS DO ESPÍRITO SANTO,PIO XII,Rua Bolivar de Abreu,48,-,Campo Grande,29146330.0,78,1,1,2,2,2,1,3,2,12,22,9,15,1,5,0,0,1,1,1,1,1,1,0,1840,13,11,3,8,0,0,6,3,2,0,0,0,0,11,0,1,3,2,0,1,3,1,6,0,2,0,0,3,11,0,0
2022,Sudeste,3,Espírito Santo,ES,32,Serra,3205002,0,Central Espírito-santense,3,Vitória,9,3,5,INSTITUTO ENSINAR BRASIL,218,1243,Faculdade Doctum de Serra,DOCTUM,Rua 1 D,80,-,Civit II,29168064.0,39,3,0,0,2,10,11,6,1,2,3,0,1,0,0,0,0,0,1,0,1,0,0,10,9000,102,102,37,65,0,0,15,57,30,0,0,0,102,0,2,11,20,27,10,14,9,9,52,6,22,0,0,22,102,0,0
2022,Sudeste,3,Espírito Santo,ES,32,Vitória,3205309,1,Central Espírito-santense,3,Vitória,9,2,4,EMPRESA BRASILEIRA DE ENSINO PESQUISA E EXTENSAO S/A - MULTIVIX,832,1244,Centro Universitário Multivix Vitória,,Rua José Alves,135,Vitória,Goiabeiras,29075080.0,344,0,0,10,9,100,45,64,31,32,16,13,11,7,6,0,0,1,1,1,1,0,0,5000,23000,230,230,119,111,0,0,61,117,52,50,0,50,143,37,11,47,58,57,27,15,10,5,166,4,38,5,0,17,228,2,0
2022,Sudeste,3,Espírito Santo,ES,32,Castelo,3201407,0,Sul Espírito-santense,4,Cachoeiro de Itapemirim,12,3,4,"MULTIVIX CACHOEIRO  ENSINO, PESQUISA E EXTENSAO LTDA",833,1245,Faculdade de Castelo - Multivix Castelo,Multivix Castelo,Avenida Nicanor Marques,245,-,Centro,29360000.0,21,0,0,1,1,1,3,5,0,3,3,1,2,1,0,0,0,1,1,1,1,0,0,5000,23000,29,29,14,15,0,0,12,11,6,2,0,2,15,12,1,4,12,6,4,2,0,0,23,0,3,0,0,3,29,0,0
2022,Sudeste,3,Minas Gerais,MG,31,Belo Horizonte,3106200,1,Metropolitana de Belo Horizonte,7,Belo Horizonte,30,3,4,SEIM - SOCIEDADE EDUCACIONAL IRMAOS MUNIZ LTDA,17160,1252,FACULDADE PROMOVE DE MINAS GERAIS,PROMOVE,AVENIDA JOÃO PINHEIRO,164,-,CENTRO,30130180.0,136,7,6,8,3,46,28,17,14,3,1,2,0,0,1,1,0,1,1,1,1,1,1,108273,14000,22,22,12,10,0,0,0,8,14,17,0,17,5,0,0,0,4,6,3,2,3,4,18,1,2,0,0,1,22,0,0
2022,Sudeste,3,Minas Gerais,MG,31,Juiz de Fora,3136702,0,Zona da Mata,12,Juiz de Fora,65,3,5,INSTITUTO METODISTA GRANBERY,838,1253,FACULDADE METODISTA GRANBERY,FMG,Rua Batista de Oliveira,1.145,-,Granbery,36010530.0,41,0,0,0,1,8,4,13,5,6,2,1,1,0,0,0,0,1,0,0,1,0,1,1174,15786,74,66,31,35,0,0,14,30,22,14,0,14,11,41,1,5,9,20,12,11,5,3,45,1,5,0,0,15,66,0,0
2022,Sudeste,3,Rio de Janeiro,RJ,33,Rio de Janeiro,3304557,1,Metropolitana do Rio de Janeiro,6,Rio de Janeiro,18,3,4,CENTRO DE FORMACAO PROFISSIONAL BEZERRA DE ARAUJO LTDA.,845,1263,FACULDADE BEZERRA DE ARAÚJO,FABA,Rua Viúva Dantas,501,CAMPUS  - RIO DE JANEIRO - CAMPO GRANDE,Campo Grande,23052090.0,27,3,0,5,0,8,4,6,1,0,0,0,0,0,0,0,0,1,1,1,0,0,0,0,5000,65,61,37,24,0,0,8,46,7,0,0,0,4,57,0,3,9,9,16,7,5,12,17,5,7,0,3,29,61,0,0
2022,Sudeste,3,São Paulo,SP,35,Pereira Barreto,3537404,0,Araçatuba,3,Andradina,16,3,5,ASSOCIACAO DE ENSINO E CULTURA URUBUPUNGA AECU,178,1266,FACULDADES INTEGRADAS URUBUPUNGÁ,FIU,Avenida Coronel Jonas Alves de Mello,1.660,Térreo,Centro,15370000.0,15,0,0,0,0,0,1,3,2,6,3,0,0,0,0,1,0,1,1,1,1,1,1,3000,12,41,39,22,17,0,0,16,17,6,5,0,5,34,0,2,4,5,10,7,6,1,4,29,2,3,1,0,4,39,0,0
2022,Sudeste,3,São Paulo,SP,35,Ribeirão Preto,3543402,0,Ribeirão Preto,2,Ribeirão Preto,14,2,4,SOCIEDADE DE ENSINO SUPERIOR ESTACIO RIBEIRAO PRETO LTDA,848,1270,CENTRO UNIVERSITÁRIO ESTÁCIO DE RIBEIRÃO PRETO,ESTÁCIO RIBEIRÃO PRE,"Rua Abrahão Issa Halack, 980, Ribeirânia.",980,-,Ribeirânia,14096160.0,394,0,0,1,1,18,21,31,22,65,52,80,38,46,19,0,0,1,1,0,1,0,1,36000,25981,318,318,198,120,0,0,8,101,209,88,0,88,149,81,8,46,63,66,48,30,33,24,76,3,19,3,0,217,317,1,1
2022,Sudeste,3,São Paulo,SP,35,Campo Limpo Paulista,3509601,0,Macro Metropolitana Paulista,12,Jundiaí,47,2,4,INSTITUTO DE ENSINO CAMPO LIMPO PAULISTA LTDA,849,1273,Centro Universitário Campo Limpo Paulista,UNIFACCAMP,Rua Guatemala,167,-,Jardim América,13231230.0,80,3,4,1,3,9,6,26,11,11,3,0,0,0,3,1,0,1,1,0,1,0,1,15,7000,195,183,78,105,0,0,75,55,53,46,1,45,54,83,6,21,22,22,35,22,28,27,165,5,7,2,0,4,179,4,0
2022,Sudeste,3,São Paulo,SP,35,Guarujá,3518701,0,Metropolitana de São Paulo,15,Santos,63,3,4,UNIESP S.A,16134,1275,FACULDADE DO GUARUJÁ,FAGU,Via Santos Dumont,3365,CAMPUS SEDE,Jardim Boa Esperança,11460006.0,3,0,0,0,0,0,0,1,0,1,1,0,0,0,0,1,0,1,0,1,1,1,1,22203,11213,7,6,2,4,0,0,1,4,1,1,0,1,1,4,0,1,0,1,0,0,3,1,5,0,0,0,0,1,6,0,0
2022,Sudeste,3,São Paulo,SP,35,Taubaté,3554102,0,Vale do Paraíba Paulista,13,São José dos Campos,50,3,4,AESJC ENSINO SUPERIOR DE SAO JOSE DOS CAMPOS LTDA.,851,1276,INSTITUTO TAUBATÉ DE ENSINO SUPERIOR,I.T.E.S.,Avenida Dom Pedro I,3.575,esquina com R. Antônio Castilho Marcondes,Jardim Eulália,12090000.0,36,0,0,3,0,9,8,9,3,3,1,0,0,0,0,0,0,0,1,1,1,0,1,350,23000,49,46,29,17,0,1,13,25,7,0,0,0,17,29,3,0,3,7,10,9,6,8,41,0,3,1,1,0,45,1,1
2022,Sudeste,3,São Paulo,SP,35,Itápolis,3522703,0,Araraquara,5,Araraquara,24,3,4,ASSOCIACAO EDUCACIONAL E CULTURAL DE ITAPOLIS LTDA - EPP,853,1279,FACULDADE DE ITÁPOLIS - FACITA,FACITA,Rua Mário de Souza Castro,200,-,Santa Mônica,14900000.0,6,0,0,0,0,0,0,0,1,2,0,2,1,0,0,0,0,1,0,1,1,1,1,62,0,17,17,11,6,0,0,9,8,0,5,0,5,2,10,0,1,5,3,2,0,3,3,17,0,0,0,0,0,17,0,0
2022,Sudeste,3,São Paulo,SP,35,Itapeva,3522406,0,Itapetininga,11,Itapeva,41,3,4,SOCIEDADE CULTURAL E EDUCACIONAL DE ITAPEVA S/S LTDA,855,1281,FACULDADE DE CIÊNCIAS SOCIAIS E AGRÁRIAS DE ITAPEVA,FAIT,Rodovia Francisco Alves Negrão (SP 258),Km 285,-,Pilão d'Água,18412000.0,90,0,2,1,1,21,43,8,1,2,3,2,2,2,2,0,0,1,1,1,1,1,1,360,17915,123,109,49,60,0,0,53,39,17,13,13,0,95,1,16,20,25,19,10,10,1,8,88,2,12,3,0,4,109,0,0
2022,Sudeste,3,São Paulo,SP,35,São Bernardo do Campo,3548708,0,Metropolitana de São Paulo,15,São Paulo,61,3,5,SERVICO NACIONAL DE APRENDIZAGEM INDUSTRIAL,796,1286,Faculdade de Tecnologia Senai Mario Amato,SENAI,Avenida José Odorizzi,1555,-,Assunção,9861000.0,6,0,0,0,0,0,0,2,0,2,0,1,1,0,0,1,0,1,1,1,1,1,1,15,15827,11,11,3,8,0,0,3,6,2,3,0,3,8,0,0,0,2,3,4,1,0,1,10,0,1,0,0,0,11,0,0
2022,Sudeste,3,São Paulo,SP,35,São Paulo,3550308,1,Metropolitana de São Paulo,15,São Paulo,61,3,4,FEPEC - FUNDACAO DE ENSINO E PESQUISA EM ENGENHARIA E CUSTOS LTDA,17260,1290,Faculdade Álvares de Azevedo,FAATESP,Estrada do Campo Limpo,695,Faculdade Álvares de Azevedo,Jardim São Januário,5777000.0,9,0,0,0,0,1,0,2,0,3,1,1,1,0,0,0,0,1,1,1,1,1,1,100,5000,12,12,4,8,0,0,0,7,5,12,0,12,0,0,1,0,2,2,1,1,2,3,8,0,1,0,0,3,12,0,0
2022,Sudeste,3,São Paulo,SP,35,Adamantina,3500105,0,Presidente Prudente,8,Adamantina,35,2,7,FACULDADES ADAMANTINENSES INTEGRADAS,15990,1292,Centro Universitário de Adamantina,FAI,Rua Nove de Julho,730/40,-,CENTRO,17800000.0,201,0,1,0,2,33,31,63,41,10,9,5,0,4,2,0,0,1,0,1,1,1,1,1305,15111,241,217,98,119,0,0,40,92,85,117,0,117,38,62,9,24,29,28,39,29,18,41,212,0,2,0,0,3,217,0,1
2022,Sudeste,3,São Paulo,SP,35,São Paulo,3550308,1,Metropolitana de São Paulo,15,São Paulo,61,2,4,SOCIEDADE EDUCACIONAL DAS AMERICAS S.A.,862,1294,Centro Universitário das Américas,CAM,Rua Augusta,1520,1508 a,Consolação,1305100.0,418,0,0,0,0,20,24,115,74,78,49,21,13,9,15,0,0,1,1,0,1,0,1,20887,27713,443,434,194,240,0,0,54,225,155,86,1,85,30,318,8,29,60,66,76,78,65,52,325,8,82,4,0,15,427,7,0
2022,Sudeste,3,São Paulo,SP,35,São Paulo,3550308,1,Metropolitana de São Paulo,15,São Paulo,61,3,5,ASSOCIACAO CICEP CURSOS,18369,1295,FACULDADE DE EDUCAÇÃO E TECNOLOGIA IRACEMA,,Rua Cordeiro da Silva,165,FAETI,Vila Nova Parada,2883090.0,22,0,0,0,0,3,0,12,1,4,2,0,0,0,0,1,0,1,1,1,1,1,1,30,2000,10,10,3,7,0,0,1,4,5,10,0,10,0,0,0,0,0,3,2,2,2,1,6,1,2,0,0,1,10,0,0
2022,Sudeste,3,São Paulo,SP,35,Fernandópolis,3515509,0,São José do Rio Preto,1,Fernandópolis,2,3,5,FUNDACAO EDUCACIONAL DE FERNANDOPOLIS,492,1299,FACULDADES INTEGRADAS DE FERNANDÓPOLIS,FIFE,Avenida Theotonio Vilela,s/n,-,Jardim Vitória,15608380.0,95,1,3,4,1,21,11,17,13,16,8,0,0,0,0,0,0,1,0,0,1,1,0,1000,17200,152,151,81,70,0,0,46,82,23,20,0,20,57,74,8,14,29,21,24,23,20,12,23,0,1,0,0,127,151,0,0
2022,Sudeste,3,São Paulo,SP,35,Taquaritinga,3553708,0,Ribeirão Preto,2,Jaboticabal,13,3,5,FUNDACAO EDUCACIONAL DE TAQUARITINGA - FETAQ,867,1300,INSTITUTO TAQUARITINGUENSE DE ENSINO SUPERIOR DR. ARISTIDES DE CARVALHO SCHLOBACH,ITES,Praça Doutor Horácio Ramalho,159,nº 187,Centro,15900047.0,4,0,0,0,0,0,0,1,0,1,0,0,0,1,1,0,0,0,0,1,1,1,0,0,12082,53,46,26,20,0,0,11,15,20,2,0,2,20,24,3,6,15,8,5,5,3,1,37,0,4,1,0,4,45,1,0
2022,Sudeste,3,São Paulo,SP,35,Matão,3529302,0,Araraquara,5,Araraquara,24,3,5,ASSOCIACAO EDUCACIONAL MATONENSE,15826,1301,INSTITUTO MATONENSE MUNICIPAL DE ENSINO SUPERIOR,IMMES,Avenida Tiradentes,629,-,Centro,15990185.0,7,0,0,0,0,1,1,2,1,1,0,1,0,0,0,1,0,0,1,1,1,0,0,0,0,30,30,11,19,0,0,5,17,8,2,1,1,22,6,0,5,2,7,10,1,2,3,29,0,1,0,0,0,30,0,0
2022,Sudeste,3,São Paulo,SP,35,Garça,3516705,0,Marília,9,Marília,38,3,4,SOCIEDADE CULTURAL E EDUCACIONAL DE GARCA S/S LTDA,585,1307,FACULDADE DE ENSINO SUPERIOR E FORMAÇÃO INTEGRAL,FAEF,Comandante João Ribeiro de Barros,s/n,SP 294,Acesso a Garça km 1,17400000.0,108,2,2,4,10,28,34,11,9,2,1,1,2,1,1,0,0,1,1,1,1,1,1,15,4523,55,55,32,23,0,0,19,22,14,6,6,0,49,0,6,21,9,8,1,5,3,2,47,0,4,0,0,4,55,0,0
2022,Sudeste,3,Espírito Santo,ES,32,Vila Velha,3205200,0,Central Espírito-santense,3,Vitória,9,3,4,NOVO MILENIO EDUCACAO LTDA,17847,1308,FACULDADE NOVO MILÊNIO,FNM,Avenida Santa Leopoldina,840,- de 631/632 a 999/1000,Coqueiral de Itaparica,29102375.0,59,1,0,5,3,11,10,6,7,2,4,4,5,1,0,0,0,1,1,1,1,0,0,35,8900,69,45,24,21,0,0,7,34,4,7,0,7,27,11,0,5,6,8,9,9,3,5,32,1,12,0,0,0,45,0,1
2022,Sudeste,3,São Paulo,SP,35,Americana,3501608,0,Campinas,7,Campinas,32,3,5,ASSOCIACAO EDUCACIONAL AMERICANENSE,872,1310,FACULDADE DE AMERICANA,FAM,Rua Joaquim Boer,733,-,Jardim Luciene,13477360.0,82,1,0,1,0,23,4,23,6,7,2,7,5,2,1,0,0,1,1,1,1,0,0,301,2125,197,196,95,101,0,0,57,85,54,9,0,9,65,122,9,31,49,28,30,26,12,11,125,0,5,3,0,63,195,1,0
2022,Sudeste,3,São Paulo,SP,35,São Paulo,3550308,1,Metropolitana de São Paulo,15,São Paulo,61,3,4,FACULDADE TREVISAN LTDA,873,1311,TREVISAN ESCOLA SUPERIOR DE NEGÓCIOS,TREVISAN,Avenida Padre Antônio José dos Santos,1530,BERRINI,Cidade Monções,4563004.0,59,0,0,0,0,12,3,12,5,8,0,7,9,1,2,0,0,0,1,1,1,0,1,5000,10500,25,21,8,13,0,0,5,14,2,21,19,2,0,0,1,1,2,3,3,0,3,8,15,0,0,1,0,5,21,0,1
2022,Sudeste,3,São Paulo,SP,35,Suzano,3552502,0,Metropolitana de São Paulo,15,Mogi das Cruzes,62,3,5,UNIESP S.A,16134,1313,FACULDADE DE SUZANO,UNISUZ,Rua José Correia Gonçalves,57,-,Centro,8675130.0,14,0,0,0,0,2,1,3,2,2,1,0,1,1,1,1,0,1,0,1,1,1,1,22203,11213,16,16,7,9,0,0,1,11,4,5,0,5,11,0,0,1,2,1,3,3,3,3,12,0,1,1,0,2,16,0,0
2022,Sudeste,3,São Paulo,SP,35,Avaré,3504503,0,Bauru,4,Avaré,22,2,4,INSTITUICAO CHADDAD DE ENSINO LTDA,878,1317,Centro Universitário Sudoeste Paulista,UniFSP,Avenida Professor Celso Ferreira da Silva,1001,-,Jardim Europa,18707150.0,51,1,2,8,5,12,6,10,5,2,0,0,0,0,0,1,0,1,1,0,1,1,1,580,10200,146,136,75,61,0,0,25,61,50,40,8,32,70,26,3,21,33,30,21,14,10,4,122,2,8,3,0,1,136,0,0
2022,Sudeste,3,Minas Gerais,MG,31,Paracatu,3147006,0,Noroeste de Minas,1,Paracatu,2,3,4,INSTITUTO TECSOMA LTDA - ITEC,880,1319,FACULDADE TECSOMA,FATEC,Rod. Alírio Herval,3405,-,Paracatuzinho,38603200.0,82,1,1,7,1,14,11,17,5,10,6,2,4,2,1,0,0,0,1,1,1,1,1,975,15808,27,27,17,10,0,0,5,14,8,7,0,7,20,0,1,4,8,3,5,4,1,1,13,0,14,0,0,0,27,0,1
2022,Sudeste,3,São Paulo,SP,35,Avaré,3504503,0,Bauru,4,Avaré,22,3,5,ASSOCIACAO EDUCACIONAL DO VALE DA JURUMIRIM,882,1322,FACULDADE EDUVALE DE AVARÉ,EDUVALE,Avenida Pref. Misael Euphrasio Leal,347,-,Jardim América,18705050.0,39,0,0,0,0,13,6,8,7,4,1,0,0,0,0,1,0,1,1,1,1,1,1,330,12783,149,149,69,80,0,0,43,48,58,15,0,15,67,67,12,23,34,30,19,18,8,5,137,5,7,0,0,0,148,1,0
2022,Sudeste,3,Espírito Santo,ES,32,Serra,3205002,0,Central Espírito-santense,3,Vitória,9,3,4,MULTIVIX SERRA - ENSINO PESQUISA E EXTENSAO LTDA,15213,1326,Faculdade Multivix Serra,MULTIVIX SERRA,Rua Barão do Rio Branco,120,-,Colina de Laranjeiras,29167172.0,107,0,1,2,1,33,17,13,4,11,7,9,6,2,1,0,0,1,1,1,1,0,0,5000,23000,178,177,93,84,0,0,58,98,21,32,1,31,56,89,26,57,36,33,9,9,3,4,93,12,62,6,0,4,177,0,0
2022,Sudeste,3,Minas Gerais,MG,31,Belo Horizonte,3106200,1,Metropolitana de Belo Horizonte,7,Belo Horizonte,30,3,4,SOCIEDADE TECNICA EDUCACIONAL DE MINAS GERAIS LTDA,889,1330,FACULDADE COTEMIG,COTEMIG,Rua Santa Cruz,546,-,Barroca,30431228.0,12,0,0,0,0,3,1,4,3,1,0,0,0,0,0,0,0,0,0,0,0,0,0,0,0,16,16,3,13,0,0,0,14,2,1,1,0,2,13,0,3,5,1,5,1,1,0,11,0,5,0,0,0,16,0,0
2022,Sudeste,3,São Paulo,SP,35,Osasco,3534401,0,Metropolitana de São Paulo,15,Osasco,57,3,4,ANHANGUERA EDUCACIONAL PARTICIPACOES S/A,16452,1345,FACULDADE ANHANGUERA DE OSASCO,,Avenida dos Autonomistas,1325,-,Vila Campesina,6020015.0,154,0,0,0,3,18,7,41,17,30,19,11,4,2,2,0,0,1,1,1,1,1,1,60395,238009,101,101,31,70,0,0,29,36,36,6,0,6,47,48,3,6,10,11,25,12,13,21,77,1,19,3,1,0,101,0,1
2022,Sudeste,3,Minas Gerais,MG,31,Belo Horizonte,3106200,1,Metropolitana de Belo Horizonte,7,Belo Horizonte,30,3,4,INSTITUTO PEDAGOGICO DE MINAS GERAIS LTDA,17409,1346,FACULDADE BATISTA DE MINAS GERAIS,FBMG,Rua Ponte Nova,665,-,Floresta,31110150.0,8,0,0,0,0,3,0,1,0,3,0,1,0,0,0,0,0,1,0,1,1,1,0,0,10801,18,14,6,8,0,0,2,12,0,2,0,2,11,1,0,1,2,2,3,5,1,0,11,1,2,0,0,0,14,0,0
2022,Sudeste,3,São Paulo,SP,35,Jaú,3525300,0,Bauru,4,Jaú,21,3,5,FUNDACAO EDUCACIONAL DR RAUL BAUAB-JAHU,271,1355,FACULDADES INTEGRADAS DE JAHU,FIJ,Rua Tenente Navarro,642,-,CHACARA MIRAGLIA,17207310.0,57,6,4,1,3,13,12,9,7,1,1,0,0,0,0,0,0,0,0,0,1,0,1,23687,12697,106,102,54,48,0,0,11,52,39,21,0,21,29,52,1,10,17,19,16,18,5,16,99,1,1,0,0,1,102,0,0
2022,Sudeste,3,São Paulo,SP,35,Santa Fé do Sul,3546603,0,São José do Rio Preto,1,Jales,1,2,7,FUNDACAO MUNICIPAL DE EDUCACAO E CULTURA - FUNEC,447,1356,CENTRO UNIVERSITÁRIO DE SANTA FÉ DO SUL,UNIFUNEC,Avenida Mangará,477,-,JARDIM MANGARÁ,15775000.0,88,1,0,0,1,20,6,27,7,12,12,2,0,0,0,0,0,0,1,1,1,1,1,10500,144,227,222,119,103,0,0,86,84,52,100,31,69,91,31,7,25,25,42,48,31,21,23,216,0,4,0,0,2,222,0,0
2022,Sudeste,3,Rio de Janeiro,RJ,33,Rio de Janeiro,3304557,1,Metropolitana do Rio de Janeiro,6,Rio de Janeiro,18,3,2,FUNDACAO DE APOIO A ESCOLA TECNICA DO EST.RIO DE JANEIRO,904,1357,INSTITUTO SUPERIOR DE EDUCAÇÃO DO RIO DE JANEIRO,ISERJ,Rua Mariz e Barros,273,-,Praça da Bandeira,20270003.0,8,0,0,0,0,1,0,0,3,3,1,0,0,0,0,0,0,0,1,0,0,0,0,0,0,38,37,22,15,0,0,4,17,16,37,1,36,0,0,0,0,2,2,9,5,7,12,30,3,2,0,0,2,37,0,1
2022,Sudeste,3,Espírito Santo,ES,32,Nova Venécia,3203908,0,Noroeste Espírito-santense,1,Nova Venécia,2,3,4,"MULTIVIX NOVA VENECIA - ENSINO, PESQUISA E EXTENSAO LTDA",2923,1359,Faculdade Multivix Nova Venécia,MULTIVIX NOVA VENÉCI,Rua Jacobina,165,-,São Francisco,29830000.0,78,0,0,0,0,8,3,11,4,37,13,0,0,1,1,0,0,1,1,1,1,0,1,5000,23000,85,68,37,31,0,0,38,20,10,19,2,17,44,5,5,23,18,15,3,1,2,1,41,1,24,1,0,1,68,0,0
2022,Sudeste,3,Minas Gerais,MG,31,Ubá,3169901,0,Zona da Mata,12,Ubá,64,2,4,SEGOC - SOCIEDADE EDUCACIONAL GOVERNADOR OZANAM COELHO LTDA,907,1362,Centro Universitário Governador Ozanam Coelho,UNIFAGOC,Rua Doutor Adjalme da Silva Botelho,20,-,Seminário,36506022.0,297,6,3,9,6,32,18,40,24,40,41,28,25,13,12,1,0,1,1,0,1,1,0,13155,18181,112,112,57,55,0,0,19,64,29,23,0,23,69,20,8,22,31,28,6,6,5,6,64,0,5,2,0,41,112,0,1
2022,Sudeste,3,São Paulo,SP,35,São Paulo,3550308,1,Metropolitana de São Paulo,15,São Paulo,61,2,5,INSTITUTO ADVENTISTA DE ENSINO,144,1365,CENTRO UNIVERSITÁRIO ADVENTISTA DE SÃO PAULO,UNASP,Estrada de Itapecerica,5859,-,Jardim IAE,5858001.0,574,1,0,3,7,131,106,141,77,31,23,8,18,10,18,1,0,0,1,1,1,1,1,43222,77774,426,422,185,237,0,0,56,194,172,135,74,61,121,166,21,53,62,91,64,56,49,26,348,20,31,2,1,20,422,0,0
2022,Sudeste,3,São Paulo,SP,35,Casa Branca,3510807,0,Campinas,7,São João da Boa Vista,30,3,4,SOCIEDADE CIVIL DE EDUCACAO CASA BRANCA S/S LTDA - ME,909,1373,FACULDADE CASA BRANCA,FACAB,Rodovia Sp 340 - Km 240,s/n,Rodovia Casa Branca,Rodovia,13700000.0,8,0,0,2,1,0,2,1,1,1,0,0,0,0,0,1,0,1,1,1,1,0,0,8,39,19,19,10,9,0,0,0,14,5,6,3,3,9,4,0,0,1,3,4,4,3,4,18,0,1,0,0,0,19,0,0
2022,Sudeste,3,Espírito Santo,ES,32,Vitória,3205309,1,Central Espírito-santense,3,Vitória,9,2,5,ASSOCIACAO EDUCACIONAL DE VITORIA,789,1379,Centro Universitário FAESA,,Rua Alsemo Serrat,199,CEP 20935-250,Monte Belo,29010200.0,55,4,2,1,2,13,7,9,8,6,0,2,1,0,0,0,0,0,1,1,1,1,1,380,180000,127,127,64,63,0,0,15,82,30,44,0,44,65,18,4,16,17,20,16,25,16,13,71,0,20,0,1,35,127,0,2
2022,Sudeste,3,São Paulo,SP,35,São Paulo,3550308,1,Metropolitana de São Paulo,15,São Paulo,61,3,5,INSTITUTO PAULISTA DE ENSINO E PESQUISA-IPEP,766,1385,FACULDADES INTEGRADAS IPEP,FIPEP,Rua Pirapitingui,186,-,Liberdade,1508020.0,56,8,1,5,4,16,2,12,4,2,2,0,0,0,0,0,0,1,0,1,0,0,0,0,561,5,5,1,4,0,0,4,0,1,0,0,0,0,5,0,0,0,1,1,0,1,2,4,0,0,0,0,1,5,0,0
2022,Sudeste,3,São Paulo,SP,35,Campinas,3509502,0,Campinas,7,Campinas,32,3,4,CENTRO DE ESTUDOS DE ADMINISTRACAO E MARKETING CEAM LTDA,918,1386,FACULDADE ESAMC CAMPINAS,ESAMC,Rua José Paulino,1345,-,Centro,13013001.0,96,0,0,0,0,9,2,38,33,5,5,2,1,1,0,0,0,0,1,1,1,0,1,824,16500,94,92,33,59,0,0,39,45,8,20,17,3,25,47,3,23,16,18,15,9,5,3,23,2,0,0,0,67,91,1,0
2022,Sudeste,3,São Paulo,SP,35,Santo André,3547809,0,Metropolitana de São Paulo,15,São Paulo,61,3,4,INSTITUTO OCTOGONO DE ENSINO SUPERIOR SS LTDA - ME,919,1387,FACULDADE PENTÁGONO - FAPEN,FAPEN,Rua Cel Fernando Prestes,326,-,Centro,9020110.0,10,0,0,0,1,0,2,2,0,1,0,0,2,0,2,1,0,1,1,1,1,1,1,200,5000,34,29,8,21,0,0,11,14,4,8,0,8,14,7,0,0,0,2,1,8,6,12,24,0,2,1,0,2,29,0,0
2022,Sudeste,3,São Paulo,SP,35,São Paulo,3550308,1,Metropolitana de São Paulo,15,São Paulo,61,2,4,ARS ENSINO SUPERIOR LTDA,17968,1388,CENTRO UNIVERSITÁRIO SUMARÉ,,Avenida Doutor Arnaldo,1753,CENTRO UNIVERSITÁRIO SUMARÉ - Unidade Acadêmica Sumaré,Sumaré,1255000.0,55,0,1,0,0,16,16,5,5,4,3,1,2,2,0,0,0,0,0,0,1,0,1,336,2000,57,57,19,38,0,0,16,31,10,5,0,5,24,28,0,0,8,5,11,12,7,14,50,2,5,0,0,0,56,1,0
2022,Sudeste,3,Espírito Santo,ES,32,Serra,3205002,0,Central Espírito-santense,3,Vitória,9,3,4,UCL - ENSINO SUPERIOR UNIFICADO CENTRO LESTE,932,1409,FACULDADE DO CENTRO LESTE,UCL,Rodovia ES-010,S/N,"KM 6,5",Manguinhos,29164254.0,19,0,0,1,1,5,3,4,0,1,4,0,0,0,0,0,0,0,1,1,1,1,1,37,2691,55,55,23,32,0,0,8,40,7,5,0,5,26,24,4,9,7,12,10,7,3,3,39,2,10,0,0,4,55,0,0
2022,Sudeste,3,São Paulo,SP,35,Jundiaí,3525904,0,Macro Metropolitana Paulista,12,Jundiaí,47,3,4,ANHANGUERA EDUCACIONAL PARTICIPACOES S/A,16452,1412,FACULDADE ANHANGUERA DE JUNDIAÍ,,Rua do Retiro,3.000,- de 1746/1747 ao fim,Vila das Hortências,13209355.0,76,0,0,0,0,10,10,24,4,16,1,4,2,4,1,0,0,1,1,1,1,1,1,60395,238009,108,108,55,53,0,0,28,33,47,8,0,8,58,42,5,9,13,23,17,15,11,15,88,3,15,2,0,0,108,0,2
2022,Sudeste,3,São Paulo,SP,35,Araçatuba,3502804,0,Araçatuba,3,Araçatuba,17,2,4,SOCIEDADE DE ENSINO SUPERIOR TOLEDO LTDA.,85,1418,Centro Universitário Toledo Wyden,Unitoledo Wyden,Rua Antonio Afonso de Toledo,595,POLO NA SEDE,Jardim Sumaré,16015270.0,174,0,0,0,0,7,3,18,25,9,14,33,48,10,7,0,0,1,1,0,0,1,1,36000,25981,92,92,40,52,0,0,0,56,36,21,0,21,51,20,1,21,29,13,17,5,4,2,32,0,4,0,1,55,92,0,0
2022,Sudeste,3,São Paulo,SP,35,Dracena,3514403,0,Presidente Prudente,8,Dracena,34,3,3,FUNDACAO DRACENENSE DE EDUCACAO E CULTURA,343,1420,FACULDADES DE DRACENA,,AV. ALCIDES CHACON COUTO,395,-,METROPOLE,17900000.0,64,0,0,0,0,8,7,19,12,10,5,2,0,0,1,0,0,1,0,1,1,1,1,21085,21085,106,102,63,39,0,0,35,42,25,31,0,31,26,45,1,21,20,12,18,14,5,11,82,1,3,1,0,15,102,0,0
2022,Sudeste,3,Rio de Janeiro,RJ,33,Rio de Janeiro,3304557,1,Metropolitana do Rio de Janeiro,6,Rio de Janeiro,18,3,5,SEMINARIO TEOLOGICO BATISTA DO SUL DO BRASIL,944,1429,FACULDADE BATISTA DO RIO DE JANEIRO,FABAT,Rua José Higino,416,Prédio 16,Tijuca,20510412.0,25,1,1,0,0,1,8,5,1,3,4,0,1,0,0,0,0,0,0,0,0,0,0,0,15827,21,21,7,14,0,0,10,5,6,2,0,2,3,16,0,2,1,2,3,7,2,4,15,0,4,0,0,2,21,0,0
2022,Sudeste,3,São Paulo,SP,35,Bertioga,3506359,0,Metropolitana de São Paulo,15,Santos,63,3,5,ACEB ASSOCIACAO CULTURAL E EDUCACIONAL DE BERTIOGA,3034,1432,FACULDADE BERTIOGA,FABE,Avenida Manoel da Nóbrega,966,-,Jardim Lido,11250288.0,12,0,0,0,0,4,2,2,2,1,1,0,0,0,0,0,0,1,1,1,1,1,0,38,2890,37,35,16,19,0,0,16,14,5,1,0,1,16,18,3,2,0,10,9,1,3,7,25,1,9,0,0,0,35,0,0
2022,Sudeste,3,São Paulo,SP,35,Lençóis Paulista,3526803,0,Bauru,4,Bauru,20,3,4,PROPED EDUCACIONAL EIRELI,17472,1433,FACULDADE ORÍGENES LESSA,FACOL,Rodovia Osni Mateus,S/N,Km 108,São Judas Tadeu,18683900.0,30,2,1,3,1,4,2,6,3,3,2,2,1,0,0,0,0,1,1,1,1,1,1,32,2968,64,38,11,27,0,0,17,10,11,2,0,2,0,36,5,13,8,5,3,4,0,0,35,1,0,0,0,2,38,0,0
2022,Sudeste,3,São Paulo,SP,35,Itapira,3522604,0,Campinas,7,Mogi Mirim,31,2,4,CESC ENSINO SUPERIOR DE CAMPINAS LTDA.,948,1434,Centro Universitário de Itapira Uniesi,UNIESI,"Rodovia SP 147, KM 40,7",1381,Prados,Bairro dos Prados,13974632.0,36,1,0,1,0,14,2,15,2,0,0,0,1,0,0,0,0,0,1,1,1,0,1,350,23000,68,68,37,31,0,0,30,27,11,22,0,22,40,6,1,10,14,14,8,13,4,4,60,2,1,0,0,5,68,0,1
2022,Sudeste,3,São Paulo,SP,35,Campinas,3509502,0,Campinas,7,Campinas,32,3,4,PROMOCAO DO ENSINO DE QUALIDADE S/A,950,1438,FACULDADES DE CAMPINAS,FACAMP,Avenida Alan Turing,805,-,Cidade Universitária,13083898.0,45,1,0,2,2,9,3,15,7,3,3,0,0,0,0,0,0,1,0,0,1,0,1,18,17000,161,161,63,98,0,0,17,63,81,43,7,36,20,98,1,7,12,20,37,32,24,28,105,0,4,4,0,48,160,1,1
2022,Sudeste,3,Espírito Santo,ES,32,Vitória,3205309,1,Central Espírito-santense,3,Vitória,9,3,5,INSTITUTO VIVA ESPIRITO SANTO,18352,1443,FACULDADE VIVA VITÓRIA,FAVIVA,Avenida Leitão da Silva,2055,- de 1875 a 2661 - lado ímpar,Itararé,29047565.0,7,0,0,0,0,1,3,0,0,3,0,0,0,0,0,0,0,0,1,0,0,0,1,100,0,9,9,4,5,0,0,6,3,0,0,0,0,1,8,1,2,1,0,2,2,1,0,4,1,2,0,0,2,9,0,0
2022,Sudeste,3,São Paulo,SP,35,Limeira,3526902,0,Piracicaba,6,Limeira,27,3,5,ASSOCIACAO LIMEIRENSE DE EDUCACAO E CULTURA,699,1444,FACULDADES INTEGRADAS EINSTEIN DE LIMEIRA,FIEL,Rua Raul Machado,134,-,Vila Queiroz,13485024.0,37,0,0,0,2,5,4,11,1,3,1,0,2,5,3,0,0,1,1,0,1,0,1,0,9800,158,157,77,80,0,0,56,62,39,37,0,37,56,64,4,18,29,42,31,16,8,9,142,0,3,2,0,10,157,0,0
2022,Sudeste,3,São Paulo,SP,35,São Caetano do Sul,3548807,0,Metropolitana de São Paulo,15,São Paulo,61,2,5,INSTITUTO MAUA DE TECNOLOGIA IMT,168,1445,CENTRO UNIVERSITÁRIO DO INSTITUTO MAUÁ DE TECNOLOGIA,CEUN-IMT,Praça Mauá,1,-,Mauá,9580900.0,236,2,3,3,6,30,68,48,44,15,9,1,3,0,4,1,0,1,1,0,1,0,1,2200,0,171,171,51,120,0,0,1,63,107,41,0,41,63,67,3,13,19,20,26,22,27,41,151,1,6,3,0,10,170,1,1
2022,Sudeste,3,Minas Gerais,MG,31,Patrocínio,3148103,0,Triângulo Mineiro/Alto Paranaíba,5,Patrocínio,19,2,5,FUNDACAO COMUNITARIA EDUCACIONAL E CULTURAL PATROCINIO,255,1450,CENTRO UNIVERSITÁRIO DO CERRADO-PATROCÍNIO,UNICERP,Avenida Liria Terezinha Lassi Capuano,466,-,Universitário,38747792.0,34,0,0,0,0,9,3,14,4,3,1,0,0,0,0,0,0,1,1,1,1,1,1,9779,4586,99,99,51,48,0,0,29,50,20,25,0,25,56,18,5,15,27,14,12,13,6,7,88,1,10,0,0,0,99,0,2
2022,Sudeste,3,São Paulo,SP,35,Sertãozinho,3551702,0,Ribeirão Preto,2,Ribeirão Preto,14,3,4,ANHANGUERA EDUCACIONAL PARTICIPACOES S/A,16452,1456,FACULDADE ANHANGUERA DE SERTÃOZINHO,FASERT,Avenida Antônio Paschoal,1954,-,Jardim São José,14170700.0,20,0,0,0,0,4,5,3,5,0,0,2,1,0,0,0,0,1,1,1,1,1,1,60395,238009,50,50,26,24,0,0,9,13,28,2,0,2,30,18,1,5,8,10,5,6,5,10,38,2,9,1,0,0,50,0,0
2022,Sudeste,3,Minas Gerais,MG,31,Monte Carmelo,3143104,0,Triângulo Mineiro/Alto Paranaíba,5,Patrocínio,19,2,5,FUNDACAO CARMELITANA MARIO PALMERIO,964,1459,CENTRO UNIVERSITÁRIO MÁRIO PALMÉRIO,UNIFUCAMP,Avenida Brasil Oeste,s/n,-,Jardim Zenith II,38500000.0,39,3,2,1,2,4,3,14,4,5,0,1,0,0,0,0,0,0,1,1,1,0,1,0,19278,100,100,51,49,0,2,26,50,22,13,1,12,57,30,10,22,22,19,9,6,6,6,82,4,13,0,1,0,100,0,0
2022,Sudeste,3,São Paulo,SP,35,Ribeirão Preto,3543402,0,Ribeirão Preto,2,Ribeirão Preto,14,3,4,UNIESP S.A,16134,1465,FACULDADE DE RIBEIRÃO PRETO,AFARP,Avenida Bandeirantes,111,Sede,Vila Virgínia,14030670.0,4,0,0,0,0,2,0,0,0,2,0,0,0,0,0,1,0,1,0,1,1,1,1,22203,11213,12,12,5,7,0,0,3,6,3,2,0,2,10,0,0,3,2,5,0,0,1,1,4,0,5,0,0,3,12,0,0
2022,Sudeste,3,Minas Gerais,MG,31,Uberlândia,3170206,0,Triângulo Mineiro/Alto Paranaíba,5,Uberlândia,18,3,4,IDEA - INSTITUTO DE DESENVOLVIMENTO EDUCACIONAL AVANCADO LTDA,970,1468,FACULDADE ESAMC UBERLÂNDIA,ESAMC,Avenida Vasconcelos Costa,270,-,Martins,38400448.0,50,0,1,2,0,13,6,7,3,5,5,6,2,0,0,0,0,0,0,1,1,1,1,0,0,141,139,65,74,0,0,52,68,19,19,2,17,120,0,16,35,14,21,23,12,10,8,68,2,12,3,1,53,139,0,0
2022,Sudeste,3,São Paulo,SP,35,São Paulo,3550308,1,Metropolitana de São Paulo,15,São Paulo,61,3,4,INSTITUTO PAULISTA DE DIFUSAO CULTURAL LTDA,2945,1476,"FACULDADE DE COMUNICAÇÃO E DESIGN ""OSWALDO CRUZ""",,Rua Conselheiro Brotero,475,-,Barra Funda,1154001.0,1,0,0,0,0,0,0,0,0,0,1,0,0,0,0,0,0,0,0,1,1,0,1,443,637,12,12,5,7,0,0,7,3,2,1,0,1,6,5,0,0,1,5,2,1,3,0,10,0,1,0,0,1,12,0,0
2022,Sudeste,3,São Paulo,SP,35,São Bernardo do Campo,3548708,0,Metropolitana de São Paulo,15,São Paulo,61,3,4,ANHANGUERA EDUCACIONAL PARTICIPACOES S/A,16452,1478,FACULDADE ANHANGUERA DE SÃO BERNARDO,,Rua Atlântica,729,Anhanguera Educacional,Jardim do Mar,9750480.0,137,0,0,0,1,8,16,45,15,24,13,5,5,5,0,0,0,1,1,1,1,1,1,60395,238009,91,91,37,54,0,0,17,36,38,7,0,7,54,30,0,6,9,10,14,19,15,18,69,4,17,1,0,0,91,0,1
2022,Sudeste,3,Minas Gerais,MG,31,Belo Horizonte,3106200,1,Metropolitana de Belo Horizonte,7,Belo Horizonte,30,3,4,IBMEC EDUCACIONAL LTDA.,1223,1484,FACULDADE IBMEC,IBMEC,Rua Rio Grande do Norte,300,-,Funcionários,30130131.0,168,3,0,6,4,11,13,19,5,6,4,13,32,12,40,0,0,1,1,0,1,0,1,36000,25981,44,44,13,31,0,0,0,10,34,8,0,8,30,6,0,4,5,11,10,11,2,1,13,0,5,0,0,26,44,0,1
2022,Sudeste,3,Espírito Santo,ES,32,Vitória,3205309,1,Central Espírito-santense,3,Vitória,9,3,4,SOCIEDADE DE ENSINO SUPERIOR ESTACIO DE SA LTDA,119,1486,FACULDADE ESTÁCIO DE SÁ DE VITÓRIA,FESV,Rua Herwan Modenesi Wanderley,Quadra 6,Lote 1,JARDIM CAMBURI,29090640.0,82,0,0,0,0,4,7,8,6,20,8,13,11,3,2,0,0,1,1,0,1,0,1,36000,25981,51,51,26,25,0,0,6,27,18,16,0,16,20,15,1,4,14,15,6,5,2,4,12,1,3,0,0,35,51,0,0
2022,Sudeste,3,Rio de Janeiro,RJ,33,São Gonçalo,3304904,0,Metropolitana do Rio de Janeiro,6,Rio de Janeiro,18,3,4,ASSOCIACAO EDUCACIONAL SOUZA GRAFF S/S LTDA,984,1488,FACULDADE LUSÓFONA DO RIO DE JANEIRO,FL-RJ,Rua Visconde de Itaúna,2671,-,Paraíso,24431005.0,54,0,0,0,0,6,2,2,2,1,4,9,15,7,6,1,0,1,1,1,1,0,1,156,2403,36,31,12,19,0,0,2,23,6,3,0,3,11,17,0,3,3,1,6,6,6,6,8,1,2,0,0,20,31,0,0
2022,Sudeste,3,São Paulo,SP,35,Jaguariúna,3524709,0,Campinas,7,Campinas,32,2,4,INSTITUTO EDUCACIONAL JAGUARY LTDA,982,1490,CENTRO UNIVERSITÁRIO DE JAGUARIÚNA,UniFAJ,Rua Amazonas,504,-,Jardim Dom Bosco,13820000.0,204,2,0,7,5,80,47,42,10,3,4,2,0,2,0,0,0,1,1,1,1,0,1,7000,10000,377,377,196,181,0,0,131,154,92,68,0,68,93,216,18,53,60,75,61,40,34,36,317,2,10,2,0,46,377,0,3
2022,Sudeste,3,Minas Gerais,MG,31,Uberlândia,3170206,0,Triângulo Mineiro/Alto Paranaíba,5,Uberlândia,18,3,4,EDITORA E DISTRIBUIDORA EDUCACIONAL S/A,14514,1492,FACULDADE ANHANGUERA DE UBERLÂNDIA,,Avenida dos Vinhedos,1200,-,Morada da Colina,38411159.0,153,0,0,0,0,12,9,68,9,27,10,6,4,4,4,0,0,1,1,1,1,1,1,60395,238009,192,192,101,91,0,0,48,83,61,37,0,37,110,45,12,33,30,40,30,21,12,14,136,6,45,5,0,0,190,2,3
2022,Sudeste,3,Espírito Santo,ES,32,Vitória,3205309,1,Central Espírito-santense,3,Vitória,9,2,5,INSPETORIA SAO JOAO BOSCO,978,1494,Centro Universitário Salesiano,UniSales,Avenida Vitória,950,-,Forte São João,29017950.0,71,1,2,1,1,19,16,12,6,7,3,1,0,1,1,0,0,0,1,0,1,1,1,639,13812,118,118,63,55,0,0,22,72,24,26,0,26,60,32,3,16,27,26,21,12,6,7,82,8,27,1,0,0,117,1,0
2022,Sudeste,3,Espírito Santo,ES,32,Vila Velha,3205200,0,Central Espírito-santense,3,Vitória,9,3,4,SOCIEDADE DE ENSINO SUPERIOR ESTACIO DE SA LTDA,119,1496,FACULDADE ESTÁCIO DE SÁ DE VILA VELHA,FESVV,Rua Cabo Aylson Simões Lotes 01 a 06,67,Esquina com Rua Charles Darwin,Centro,29100320.0,48,0,0,0,1,4,6,5,2,4,8,9,6,0,3,0,0,1,1,0,1,0,1,36000,25981,22,22,15,7,0,0,0,8,14,6,0,6,11,5,1,5,5,5,2,2,2,0,3,0,1,0,0,18,22,0,0
2022,Sudeste,3,São Paulo,SP,35,Santa Cruz do Rio Pardo,3546405,0,Assis,10,Ourinhos,40,3,5,ORGANIZACAO APARECIDO PIMENTEL DE EDUCACAO E CULTURA - OAPEC,406,1497,FACULDADE DE ADMINISTRAÇÃO DE SANTA CRUZ DO RIO PARDO,FASC,Praça Dr. Pedro César Sampaio,31,-,Centro,18900000.0,8,0,1,0,0,4,0,0,0,2,0,1,0,0,0,0,0,1,0,0,1,0,1,95,1885,26,18,7,11,0,0,6,12,0,3,2,1,0,15,0,2,1,1,6,4,3,1,18,0,0,0,0,0,18,0,0
2022,Sudeste,3,Espírito Santo,ES,32,Vitória,3205309,1,Central Espírito-santense,3,Vitória,9,3,4,AVIES ENSINO SUPERIOR DE VITORIA LTDA.,581,1498,INSTITUTO DE ENSINO SUPERIOR E FORMAÇÃO AVANÇADA DE VITÓRIA,IESFAVI,Avenida Nossa Senhora da Penha,1.800,- de 1800 a 2150 - lado par,Barro Vermelho,29057565.0,39,0,0,3,1,8,13,9,3,1,1,0,0,0,0,0,0,0,1,1,1,0,1,350,23000,36,35,16,19,0,0,9,15,11,8,0,8,22,5,0,3,7,8,11,3,2,1,20,0,6,0,0,9,35,0,0
2022,Sudeste,3,São Paulo,SP,35,Taboão da Serra,3552809,0,Metropolitana de São Paulo,15,Itapecerica da Serra,60,3,4,ANHANGUERA EDUCACIONAL PARTICIPACOES S/A,16452,1499,FACULDADE ANHANGUERA DE TABOÃO DA SERRA,FATS,Rodovia Regis Bittencourt,199,-,Centro,6768000.0,131,0,0,1,0,12,6,38,16,34,15,1,4,2,2,0,0,1,1,1,1,1,1,60395,238009,104,104,53,51,0,0,36,33,35,15,0,15,62,27,7,12,17,20,15,11,11,11,71,4,26,2,1,0,104,0,3
2022,Sudeste,3,São Paulo,SP,35,Jundiaí,3525904,0,Macro Metropolitana Paulista,12,Jundiaí,47,3,4,EDITORA E DISTRIBUIDORA EDUCACIONAL S/A,14514,1502,FACULDADE ANHANGUERA PITÁGORAS DE JUNDIAÍ,,Rua do Retiro,3000,-,Vila das Hortências,13209355.0,76,0,0,0,0,10,10,24,4,16,1,4,2,4,1,0,0,1,1,1,1,1,1,60395,238009,46,46,25,21,0,0,0,8,38,3,0,3,33,10,0,4,5,8,6,8,5,10,34,1,9,2,0,0,46,0,1
2022,Sudeste,3,Minas Gerais,MG,31,Belo Horizonte,3106200,1,Metropolitana de Belo Horizonte,7,Belo Horizonte,30,2,4,SOCIEDADE DE ENSINO SUPERIOR ESTACIO DE SA LTDA,119,1509,Centro Universitário Estácio de Belo Horizonte - Estácio BH,ESTÁCIO BH,Avenida Francisco Sales,23,-,Floresta,30150220.0,266,0,0,0,0,21,19,25,20,46,30,49,32,15,9,0,0,1,1,0,1,0,1,36000,25981,220,220,135,85,0,0,14,114,92,54,0,54,79,87,6,43,51,44,24,24,13,15,54,2,14,2,0,148,220,0,1
2022,Sudeste,3,Espírito Santo,ES,32,São Mateus,3204906,0,Litoral Norte Espírito-santense,2,São Mateus,5,2,4,INSTITUTO VALE DO CRICARE LTDA,994,1514,CENTRO UNIVERSITÁRIO VALE DO CRICARÉ,UNIVC,Rua Humberto de Almeida Franklin,257,Unidade- São Mateus- uNIVERSITÁRIO,Universitário,29933480.0,79,1,0,8,4,23,11,11,6,9,3,2,1,0,0,1,0,0,1,0,1,0,1,223,12925,102,97,45,52,0,0,21,46,30,39,1,38,40,18,6,14,16,20,13,9,6,13,47,4,34,0,0,12,97,0,1
2022,Sudeste,3,São Paulo,SP,35,São Paulo,3550308,1,Metropolitana de São Paulo,15,São Paulo,61,3,5,FUNDACAO INSTITUTO DE ADMINISTRACAO,2689,1520,FACULDADE FIA DE ADMINISTRAÇÃO E NEGÓCIOS,FFIA,Av. das Nações Unidas,7221,Unidade Educacional Nações Unidas (UEN),Pinheiros,5425902.0,253,0,0,0,2,31,21,110,35,20,7,5,7,5,10,1,0,1,1,0,1,1,1,61,16935,19,19,5,14,0,0,0,5,14,9,4,5,8,2,0,0,1,6,5,6,0,1,17,0,0,2,0,0,19,0,0
2022,Sudeste,3,São Paulo,SP,35,São Paulo,3550308,1,Metropolitana de São Paulo,15,São Paulo,61,3,5,SERVICO NACIONAL DE APRENDIZAGEM INDUSTRIAL,796,1526,Faculdade SENAI São Paulo,SENAI SP,Rua Correia de Andrade,232,-,Brás,3008020.0,59,0,0,0,1,3,6,13,9,16,6,1,4,0,0,0,0,0,0,1,1,1,1,18,14000,83,81,19,62,0,1,35,34,11,41,13,28,23,17,0,4,9,9,22,17,12,8,54,6,10,3,0,8,81,0,0
2022,Sudeste,3,São Paulo,SP,35,São Paulo,3550308,1,Metropolitana de São Paulo,15,São Paulo,61,3,4,FLAMINGO 2001 CURSO FUNDAMENTAL,1013,1541,FACULDADE FLAMINGO,,Rua George Smith,122,Campus Lapa,Lapa,5074010.0,37,0,0,0,0,11,2,8,0,4,3,3,4,2,0,1,0,0,1,1,1,1,1,13,0,57,56,17,39,0,0,25,26,5,3,3,0,17,36,0,1,6,8,4,6,12,19,37,7,2,2,0,8,55,1,0
2022,Sudeste,3,Rio de Janeiro,RJ,33,Volta Redonda,3306305,0,Sul Fluminense,5,Vale do Paraíba Fluminense,11,2,5,FUNDACAO EDUCACIONAL ROSEMAR PIMENTEL,329,1542,CENTRO UNIVERSITÁRIO GERALDO DI BIASE,UGB,Rua Deputado Geraldo Di Biase,81,-,Aterrado,27213080.0,205,18,28,8,11,27,37,31,11,16,11,2,3,1,1,1,0,0,1,1,1,1,1,469,32880,186,186,83,103,0,0,26,108,52,53,0,53,121,12,1,10,27,39,28,25,27,29,143,6,24,1,0,12,183,3,0
2022,Sudeste,3,São Paulo,SP,35,Boituva,3507001,0,Itapetininga,11,Tatuí,43,3,5,UNIESP S.A,16134,1545,FACULDADE DE BOITUVA,FIB,Rodovia Sp 129,Km 14,-,Campo de Boituva,18550000.0,2,0,0,0,0,0,0,0,1,1,0,0,0,0,0,1,0,1,0,1,1,1,1,22203,11213,5,5,2,3,0,0,1,3,1,1,0,1,4,0,0,0,1,0,2,0,2,0,4,1,0,0,0,0,5,0,0
2022,Sudeste,3,São Paulo,SP,35,Registro,3542602,0,Litoral Sul Paulista,14,Registro,55,2,4,"UNISEPE UNIAO DAS INSTITUICOES DE SERVICO, ENSINO E PESQUISA LTDA",715,1554,CENTRO UNIVERSITÁRIO DO VALE DO RIBEIRA,UNIVR,Rua Oscar Yoshiaki Magário,185,Térreo,Jardim das Palmeiras,11900000.0,45,0,0,0,0,5,6,14,8,2,5,2,2,0,1,0,0,1,1,1,1,1,1,30,5736,116,116,54,62,0,0,43,48,25,116,0,116,0,0,10,23,21,29,12,7,6,8,79,3,22,4,0,8,116,0,0
2022,Sudeste,3,Minas Gerais,MG,31,Belo Horizonte,3106200,1,Metropolitana de Belo Horizonte,7,Belo Horizonte,30,1,5,FUNDACAO MINEIRA DE EDUCACAO E CULTURA,113,1557,UNIVERSIDADE FUMEC,FUMEC,Rua Cobre,200,Campus I Belo Horizonte,Cruzeiro,30310190.0,235,0,0,3,6,44,38,58,33,20,15,7,6,3,2,1,0,1,1,1,1,1,1,350,32035,280,270,107,163,0,0,28,151,91,91,0,91,61,118,0,15,23,44,37,38,40,73,220,4,42,1,0,3,270,0,6
2022,Sudeste,3,Minas Gerais,MG,31,João Monlevade,3136207,0,Metropolitana de Belo Horizonte,7,Itabira,31,3,5,INSTITUTO ENSINAR BRASIL,218,1558,Faculdade Doctum de João Monlevade,DOCTUM,Rua 16,24,-,VILA TANQUE,35930408.0,48,1,0,4,4,16,7,5,1,7,2,1,0,0,0,0,0,0,1,0,1,0,0,10,9000,94,94,33,61,0,0,13,57,24,0,0,0,94,0,5,19,20,15,14,6,8,7,44,2,22,0,0,26,94,0,0
2022,Sudeste,3,Espírito Santo,ES,32,Colatina,3201506,0,Noroeste Espírito-santense,1,Colatina,3,2,5,UNIAO DE EDUCACAO E CULTURA GILDASIO AMADO,206,1559,CENTRO UNIVERSITÁRIO DO ESPÍRITO SANTO,UNESC,Avenida Fioravante Rossi,2930,-,Martinelli,29703858.0,320,20,9,33,16,80,89,21,33,9,8,0,1,0,1,0,0,1,0,0,1,0,1,1894,10000,249,249,118,131,0,0,87,116,46,76,0,76,65,108,16,61,50,51,40,16,7,8,165,4,71,0,0,9,249,0,6
2022,Sudeste,3,São Paulo,SP,35,Sorocaba,3552205,0,Macro Metropolitana Paulista,12,Sorocaba,46,3,4,ATHON ENSINO SUPERIOR LTDA,1025,1561,FACULDADE ESAMC SOROCABA,ESAMC,Rua Arthur Gomes,51,CAMPUS - SOROCABA - CENTRO,Centro,18035490.0,22,0,0,0,0,8,2,5,1,5,1,0,0,0,0,0,0,1,1,1,1,1,1,271,8000,134,131,37,94,0,0,40,75,16,35,0,35,45,51,0,16,19,21,27,11,19,18,84,1,7,3,0,36,131,0,1
2022,Sudeste,3,São Paulo,SP,35,Ilha Solteira,3520442,0,Araçatuba,3,Andradina,16,3,5,UNIESP S.A,16134,1562,FACULDADE DE ILHA SOLTEIRA,FAISA,Alameda Bahia,490-C,-,Centro,15385000.0,10,0,0,0,0,5,0,1,0,2,0,2,0,0,0,1,0,1,0,1,1,1,1,22203,11213,7,7,3,4,0,0,2,4,1,2,0,2,5,0,0,0,0,0,1,2,4,0,5,1,0,0,0,1,7,0,0
2022,Sudeste,3,Rio de Janeiro,RJ,33,Volta Redonda,3306305,0,Sul Fluminense,5,Vale do Paraíba Fluminense,11,3,4,INSTITUTO DE CULTURA TECNICA SOCIEDADE CIVIL LTDA,1028,1564,FACULDADE SUL FLUMINENSE,FASF,Rua Alberto Rodrigues,39,-,Jardim Amália I,27251220.0,20,0,0,0,0,9,1,5,5,0,0,0,0,0,0,0,0,1,0,1,1,0,1,130,14928,28,20,7,13,0,0,4,14,2,0,0,0,1,19,0,2,2,1,3,2,7,3,11,1,6,0,0,2,20,0,0
2022,Sudeste,3,Minas Gerais,MG,31,Caratinga,3113404,0,Vale do Rio Doce,8,Caratinga,40,3,5,INSTITUTO ENSINAR BRASIL,218,1568,FACULDADES DOCTUM DE CARATINGA,DOCTUM,Rua João Pinheiro,147,CAMPUS  - CARATINGA - CENTRO,Centro,35300037.0,349,3,1,4,2,137,85,50,16,35,10,2,3,0,1,0,0,0,1,0,1,0,0,10,9000,80,80,29,51,0,0,15,48,17,0,0,0,80,0,3,13,17,18,11,6,5,7,41,6,18,0,0,15,80,0,0
2022,Sudeste,3,São Paulo,SP,35,Araraquara,3503208,0,Araraquara,5,Araraquara,24,3,5,ASSOCIACAO ESCOLA DE AGRIMENSURA DE ARARAQUARA,87,1569,FACULDADES INTEGRADAS DE ARARAQUARA,FIAR,Avenida Brasil,782,-,Centro,14801050.0,11,0,0,0,0,3,2,3,1,0,2,0,0,0,0,1,0,1,0,1,1,1,1,2,145,35,35,9,26,0,0,9,19,7,5,0,5,0,30,2,2,4,5,4,6,2,10,30,0,1,0,0,4,35,0,0
2022,Sudeste,3,Minas Gerais,MG,31,Araxá,3104007,0,Triângulo Mineiro/Alto Paranaíba,5,Araxá,23,2,5,FUNDACAO CULTURAL DE ARAXA,78,1575,CENTRO UNIVERSITÁRIO DO PLANALTO DE ARAXÁ,UNIARAXÁ,Av. Ministro Olavo Drummond,5,CAMPUS UNIVERSITÁRIO,SÃO GERALDO,38180084.0,194,0,0,2,0,36,15,21,12,42,16,19,20,5,6,0,0,1,1,1,1,1,1,327,28553,110,108,51,57,0,0,45,45,18,21,0,21,51,36,4,14,26,23,13,11,9,8,88,3,9,1,0,7,108,0,0
2022,Sudeste,3,Espírito Santo,ES,32,Serra,3205002,0,Central Espírito-santense,3,Vitória,9,3,5,INSTITUTO DE ENSINO SUPERIOR BLAURO CARDOSO DE MATTOS,16057,1576,INSTITUTO DE ENSINO SUPERIOR BLAURO CARDOSO DE MATTOS,FASERRA,Rua L,11,-,Rosário de Fátima,29161152.0,9,1,1,0,0,0,1,0,0,3,3,0,0,0,0,0,0,1,0,1,1,1,0,147,9149,7,7,1,6,0,0,3,3,1,2,0,2,4,1,0,1,2,0,1,1,0,2,5,0,1,0,0,1,7,0,0
2022,Sudeste,3,Minas Gerais,MG,31,Santa Luzia,3157807,0,Metropolitana de Belo Horizonte,7,Belo Horizonte,30,3,5,UNIESP S.A,16134,1581,FACULDADE DE SANTA LUZIA,FACSAL,Av. Beira Rio,2000,-,Distrito Industrial III,33040260.0,5,0,0,0,0,1,1,2,0,1,0,0,0,0,0,1,0,1,0,1,1,1,1,22203,11213,9,9,5,4,0,0,1,6,2,2,0,2,1,6,2,3,1,1,1,0,1,0,5,1,2,0,0,1,9,0,0
2022,Sudeste,3,São Paulo,SP,35,Indaiatuba,3520509,0,Campinas,7,Campinas,32,3,2,CENTRO ESTADUAL DE EDUCACAO TECNOLOGICA PAULA SOUZA,33,1583,FACULDADE DE TECNOLOGIA DE INDAIATUBA,FATEC-ID,Rua Dom Pedro I,65,-,Cidade Nova I,13334100.0,15,0,0,0,1,0,0,8,1,3,1,0,1,0,0,0,0,0,1,0,1,1,1,0,0,79,79,28,51,0,1,18,40,20,5,0,5,45,29,0,5,5,10,12,16,12,19,70,2,4,1,0,2,79,0,0
2022,Sudeste,3,São Paulo,SP,35,Guaratinguetá,3518404,0,Vale do Paraíba Paulista,13,Guaratinguetá,51,3,2,CENTRO ESTADUAL DE EDUCACAO TECNOLOGICA PAULA SOUZA,33,1584,FACULDADE DE TECNOLOGIA DE GUARATINGUETÁ,FATEC GT,Avenida Professor João Rodrigues Alckimin,1501,-,Jardim Esperança,12517010.0,5,0,0,0,0,0,0,0,1,3,1,0,0,0,0,0,0,0,0,1,1,1,1,0,0,72,70,33,37,0,2,16,33,19,41,12,29,18,11,0,1,8,16,15,15,8,7,61,0,3,0,0,6,70,0,0
2022,Sudeste,3,Minas Gerais,MG,31,Pouso Alegre,3152501,0,Sul/Sudoeste de Minas,10,Pouso Alegre,52,1,5,FUNDACAO DE ENSINO SUPERIOR DO VALE DO SAPUCAI,127,1586,UNIVERSIDADE DO VALE DO SAPUCAÍ,UNIVÁS,Avenida Coronel Alfredo Custódio Paula,320,-,Alfredo Custódio de Paula,37553068.0,128,0,0,0,6,23,20,29,9,29,10,1,1,0,0,1,0,0,1,1,1,1,1,37223,16580,160,159,74,85,0,0,16,92,51,29,0,29,38,92,1,13,31,23,20,27,14,30,148,3,5,2,0,1,159,0,0
2022,Sudeste,3,Minas Gerais,MG,31,Uberlândia,3170206,0,Triângulo Mineiro/Alto Paranaíba,5,Uberlândia,18,2,4,FACEB EDUCACAO LTDA,1117,1598,CENTRO UNIVERSITÁRIO UNA DE UBERLÂNDIA,,Alameda Paulina Margonari,59,UNIDADE SEDE,Jardim Karaíba,38411206.0,50,2,0,0,2,20,9,3,3,5,1,1,2,2,0,1,0,1,1,1,1,1,1,22000,34357,95,95,44,51,0,0,27,39,29,22,0,22,52,21,5,16,20,15,14,14,7,4,84,0,11,0,0,0,95,0,0
2022,Sudeste,3,Minas Gerais,MG,31,São João del Rei,3162500,0,Campo das Vertentes,11,São João Del Rei,58,2,4,IPTAN - INSTITUTO DE ENSINO SUPERIOR PRESIDENTE TANCREDO DE ALMEIDA NEVES S.A.,1050,1599,CENTRO UNIVERSITÁRIO PRESIDENTE TANCREDO DE ALMEIDA NEVES,UNIPTAN,Avenida Leite de Castro,1.101,-,Fábricas,36301182.0,129,0,0,0,0,30,11,27,11,15,6,14,6,5,4,0,0,1,1,1,1,1,1,11583,12710,195,194,106,88,0,0,72,90,32,35,0,35,63,96,8,39,51,38,22,19,10,7,82,2,5,1,0,104,194,0,3
2022,Sudeste,3,Minas Gerais,MG,31,Montes Claros,3143302,0,Norte de Minas,2,Montes Claros,7,2,5,FUNORTE FACULDADES UNIDAS DO NORTE MINAS LTDA,1051,1600,Centro Universitário do Norte de Minas,Uninorte Minas,Avenida Osmane Barbosa,11.111,-,JK,39404006.0,407,9,22,17,30,117,99,69,40,3,0,1,0,0,0,1,0,1,1,1,1,1,1,820,6230,130,130,69,61,0,0,1,75,54,14,0,14,116,0,1,7,14,37,31,16,12,12,24,2,77,0,0,27,129,1,0
2022,Sudeste,3,Minas Gerais,MG,31,Coromandel,3119302,0,Triângulo Mineiro/Alto Paranaíba,5,Patrocínio,19,3,5,ASSOCIACAO EDUCACIONAL DE COROMANDEL - AEC,1052,1601,FACULDADE CIDADE DE COROMANDEL,FCC,Avenida Adolfo Timóteo da Silva,433,-,Brasil Novo,38550000.0,25,0,1,3,1,4,3,4,2,3,3,1,0,0,0,0,0,1,1,1,1,1,0,386,9500,77,70,33,37,0,0,30,28,12,17,1,16,24,29,6,17,19,11,6,4,3,4,53,0,16,1,0,0,70,0,1
2022,Sudeste,3,Rio de Janeiro,RJ,33,Rio de Janeiro,3304557,1,Metropolitana do Rio de Janeiro,6,Rio de Janeiro,18,3,4,FACULDADE ANGEL VIANNA,1062,1616,FACULDADE ANGEL VIANNA,FAV,Rua Jornalista Orlando Dantas,02,-,Botafogo,22231010.0,8,0,0,0,1,2,1,1,2,0,0,0,0,0,1,0,0,0,1,1,1,0,0,14,0,23,23,17,6,0,0,8,11,4,0,0,0,4,19,0,1,0,2,1,5,7,7,22,1,0,0,0,0,23,0,1
2022,Sudeste,3,São Paulo,SP,35,Olímpia,3533908,0,São José do Rio Preto,1,São José do Rio Preto,4,3,4,UNIESP S.A,16134,1619,FACULDADE DE OLÍMPIA,,Rodovia Wilquem Manoel Neves,s/n,Km 3,Recanto Boa Vista,15400000.0,5,0,0,1,1,1,0,1,1,0,0,0,0,0,0,1,0,1,0,1,1,1,1,22203,11213,5,5,2,3,0,0,1,3,1,1,1,0,2,2,1,0,0,2,1,0,0,1,3,0,1,0,0,1,5,0,0
2022,Sudeste,3,São Paulo,SP,35,Novo Horizonte,3533502,0,São José do Rio Preto,1,Novo Horizonte,8,3,4,DORA RISCALA NEMI COSTA S/S LTDA - EPP,1066,1620,FACULDADE SANTA RITA,FASAR,Rua Doutor Mário Florence,144,-,Jardim Aeroporto,14960000.0,4,0,0,0,0,0,0,2,0,1,1,0,0,0,0,0,0,0,1,1,1,0,1,0,15827,12,12,4,8,0,0,9,3,0,1,0,1,3,8,0,1,3,2,3,1,2,0,11,0,1,0,0,0,12,0,0
2022,Sudeste,3,São Paulo,SP,35,Nova Odessa,3533403,0,Campinas,7,Campinas,32,3,4,COLEGIO NET WORK S/S LTDA,1067,1621,FACULDADE NETWORK,NWK,Avenida Ampélio Gazzetta,2445,-,Lopes Iglesias,13460000.0,12,0,0,0,0,2,0,5,0,2,0,0,0,1,2,0,0,0,0,0,1,1,0,20000,0,10,8,2,6,0,0,2,5,1,1,1,0,3,4,0,1,1,0,1,1,2,2,6,0,1,0,0,1,8,0,0
2022,Sudeste,3,São Paulo,SP,35,Andradina,3502101,0,Araçatuba,3,Andradina,16,3,5,FUNDACAO EDUCACIONAL DE ANDRADINA,82,1623,FACULDADE DE CIÊNCIAS AGRÁRIAS DE ANDRADINA,FCAA,Rua Amazonas,571,-,Sttela Maris,16901160.0,8,0,0,0,0,0,5,2,0,1,0,0,0,0,0,1,0,1,1,1,1,0,0,38,0,26,25,14,11,0,0,4,11,10,3,1,2,4,18,2,7,3,2,5,2,1,3,24,0,0,0,0,1,25,0,0
2022,Sudeste,3,São Paulo,SP,35,São Manuel,3550100,0,Bauru,4,Botucatu,23,3,5,ASSOCIACAO EDUCACIONAL NOVE DE JULHO,222,1624,FACULDADE MARECHAL RONDON,FMR,Viscinal Nilo Lisboa Chavasco,5000,-,Chacara Saltinho,18650000.0,12,0,0,0,0,1,0,3,0,1,2,3,0,2,0,1,0,1,1,0,1,1,1,55912,67826,42,42,20,22,0,0,5,12,25,8,0,8,27,7,1,3,9,14,9,2,3,1,36,1,4,1,0,0,41,1,0
2022,Sudeste,3,Espírito Santo,ES,32,Vitória,3205309,1,Central Espírito-santense,3,Vitória,9,3,5,CESAP - CENTRO DE ESTUDOS AVANCADOS EIRELI - ME,16389,1652,FACULDADE DE VITÓRIA,,Rua Sagrado Coração de Maria,315,-,Praia do Canto,29055770.0,9,0,0,0,0,2,0,4,0,3,0,0,0,0,0,0,0,1,1,1,1,0,0,10,13084,7,7,4,3,0,0,2,4,1,2,1,1,2,3,0,1,0,1,2,1,2,0,2,0,5,0,0,0,7,0,0
2022,Sudeste,3,Espírito Santo,ES,32,Guaçuí,3202306,0,Sul Espírito-santense,4,Alegre,11,3,4,CENTRO DE EDUCACAO SUPERIOR DO BRASIL EIRELI,18102,1653,FACULDADE DE CIÊNCIA E EDUCAÇÃO DO CAPARAÓ,FACEC,Avenida José Alexandre,713,-,Centro,29560000.0,3,0,0,0,0,1,0,0,0,0,2,0,0,0,0,0,0,0,0,0,1,0,0,50,150,6,6,1,5,0,0,5,1,0,0,0,0,0,6,1,3,0,0,0,1,0,1,4,0,2,0,0,0,6,0,0
2022,Sudeste,3,São Paulo,SP,35,Ourinhos,3534708,0,Assis,10,Ourinhos,40,3,4,SOCIEDADE DE ENSINO SUPERIOR ESTACIO DE SA LTDA,119,1659,FACULDADE ESTÁCIO DE SÁ DE OURINHOS,FAESO,Avenida Luiz Saldanha Rodrigues,s/n,Quadra C1-A,Nova Ourinhos,19907510.0,90,0,0,0,0,5,2,15,3,21,7,17,12,4,4,0,0,1,1,0,1,0,1,36000,25981,64,64,33,31,0,0,3,34,27,12,0,12,20,32,1,10,16,13,7,5,9,3,16,0,6,1,0,41,64,0,0
2022,Sudeste,3,Minas Gerais,MG,31,Vespasiano,3171204,0,Metropolitana de Belo Horizonte,7,Belo Horizonte,30,3,4,CENTRO DE ENSINO SUPERIOR DE VESPASIANO LTDA,1090,1664,FACULDADE DA SAÚDE E ECOLOGIA HUMANA,FASEH,Rua São Paulo,958,-,Jardim Alterosa,33200664.0,66,0,1,0,0,18,19,14,4,3,0,1,2,1,3,0,0,1,1,1,1,1,1,22000,34357,136,136,82,54,0,0,78,23,35,34,0,34,30,72,5,34,30,28,22,7,7,3,125,1,10,0,0,0,136,0,0
2022,Sudeste,3,Minas Gerais,MG,31,Belo Horizonte,3106200,1,Metropolitana de Belo Horizonte,7,Belo Horizonte,30,2,4,INSTITUTO NOVOS HORIZONTES DE ENSINO SUPERIOR E PESQUISA LTDA.,1092,1666,CENTRO UNIVERSITÁRIO UNIHORIZONTES,,Rua Paracatu,600,Unidade Barro Preto,Barro Preto,30180090.0,71,0,1,0,0,9,8,14,8,5,6,8,5,5,2,1,0,0,1,1,1,1,1,580,10600,119,119,52,67,0,0,19,69,31,26,0,26,11,82,1,11,16,25,25,14,11,16,76,4,35,2,0,2,119,0,0
2022,Sudeste,3,Minas Gerais,MG,31,Ipatinga,3131307,0,Vale do Rio Doce,8,Ipatinga,39,3,4,UNIVACO - UNIAO EDUCACIONAL DO VALE DO ACO S.A.,1095,1669,INSTITUTO METROPOLITANO DE ENSINO SUPERIOR,IMES,Rua João Patrício Araújo,179,-,Veneza,35164251.0,56,0,0,0,0,27,5,10,5,5,1,1,1,0,1,0,0,1,1,1,1,0,1,11583,12708,112,105,54,51,0,0,60,26,19,11,0,11,81,13,2,13,18,33,15,15,4,5,57,1,10,0,0,37,105,0,0
2022,Sudeste,3,Minas Gerais,MG,31,Brumadinho,3109006,0,Metropolitana de Belo Horizonte,7,Belo Horizonte,30,3,4,INSTITUICAO EDUCACIONAL CECILIA MARIA DE MELO BARCELOS LTDA,1096,1670,FACULDADE ASA DE BRUMADINHO,IECEMB - FAB,Rodovia Mg 040,Km 49,-,.,35460000.0,31,0,2,2,5,5,4,5,3,2,2,1,0,0,0,0,0,0,0,1,1,1,1,119,0,34,34,10,24,0,0,3,28,3,8,3,5,23,3,0,4,6,6,8,3,3,4,24,1,3,0,0,6,34,0,0
2022,Sudeste,3,Rio de Janeiro,RJ,33,Macaé,3302403,0,Norte Fluminense,2,Macaé,4,3,5,INSTITUTO N S DA GLORIA,1107,1682,Faculdade Católica Salesiana de Macaé,FCSMA,Avenida Santos Moreira,445,-,Miramar,27943200.0,13,0,0,0,0,4,2,4,1,2,0,0,0,0,0,0,0,0,0,0,1,0,1,0,0,62,58,20,38,0,0,12,26,20,4,0,4,7,47,0,2,9,17,11,6,6,7,50,2,6,0,0,0,58,0,0
2022,Sudeste,3,São Paulo,SP,35,São Vicente,3551009,0,Metropolitana de São Paulo,15,Santos,63,3,4,UNIAO BRASILEIRA EDUCACIONAL LTDA.,1113,1690,FACULDADE DE SÃO VICENTE,FSV,Avenida Capitão Mor Aguiar,798,-,Centro,11310200.0,23,0,1,0,1,8,3,7,2,1,0,0,0,0,0,0,0,1,0,1,1,1,0,120,19736,60,60,23,37,0,0,26,24,10,15,0,15,38,7,3,2,8,4,12,12,9,10,46,2,10,0,0,2,60,0,0
2022,Sudeste,3,São Paulo,SP,35,Itanhaém,3522109,0,Litoral Sul Paulista,14,Itanhaém,56,3,4,UNIDADE DE ENSINO SUPERIOR DE ITANHAEM LTDA,1115,1693,FACULDADE ITANHAÉM,FAITA,Avenida Embaixador Pedro de Toledo,196,-,Centro,11740000.0,4,0,0,0,0,2,0,2,0,0,0,0,0,0,0,1,0,0,0,0,1,0,0,17,2840,9,9,5,4,0,0,2,4,3,0,0,0,3,6,0,0,3,2,1,0,1,2,7,0,2,0,0,0,9,0,0
2022,Sudeste,3,Minas Gerais,MG,31,Sete Lagoas,3167202,0,Metropolitana de Belo Horizonte,7,Sete Lagoas,27,3,4,ISLEC - INSTITUTO SETELAGOANO DE EDUCACAO E CIENCIA LTDA,17158,1700,FACULDADE PROMOVE DE SETE LAGOAS,FSLMG,Rua Doutor Pena,163,Unidade I - Centro,Centro,35700032.0,54,3,2,4,2,10,7,10,5,6,2,1,2,0,0,1,0,1,1,1,1,1,1,137,15808,61,59,36,23,0,0,21,33,5,0,0,0,7,52,2,11,17,9,12,7,1,0,31,1,22,0,0,5,59,0,0
2022,Sudeste,3,São Paulo,SP,35,Presidente Prudente,3541406,0,Presidente Prudente,8,Presidente Prudente,36,3,4,UNIESP S.A,16134,1711,FACULDADE DE PRESIDENTE PRUDENTE,FAPEPE,Avenida Presidente Prudente,6093,-,Jardim Aeroporto,19053210.0,12,0,0,0,1,1,2,3,1,2,1,1,0,0,0,1,0,1,0,1,1,1,1,22203,11213,40,38,20,18,0,0,17,16,5,11,0,11,21,6,3,5,5,6,7,6,2,4,31,0,4,0,1,2,38,0,0
2022,Sudeste,3,São Paulo,SP,35,São Vicente,3551009,0,Metropolitana de São Paulo,15,Santos,63,3,4,FORTEC ASSESSORIA E TREINAMENTO LTDA,1130,1713,FACULDADE DE TECNOLOGIA DE SÃO VICENTE,FATEF,Avenida Presidente Wilson,1013,-,Gonzaguinha,11320001.0,47,0,0,0,1,5,3,11,3,4,5,7,6,0,2,0,0,1,1,1,1,1,1,58,58,28,26,11,15,0,0,10,11,5,7,2,5,15,4,0,3,5,0,2,7,3,6,17,2,7,0,0,0,26,0,0
2022,Sudeste,3,Minas Gerais,MG,31,Belo Horizonte,3106200,1,Metropolitana de Belo Horizonte,7,Belo Horizonte,30,3,4,CESMIG - CENTRO DE ENSINO SUPERIOR MINAS GERAIS LTDA - ME,1136,1720,FACULDADE MINAS GERAIS,FAMIG,Avenida do Contorno,10185,- de 9697 a 10195 - lado ímpar,Barro Preto,30110067.0,47,0,2,0,0,14,6,10,2,3,3,2,3,1,1,0,0,1,1,1,1,1,1,52,8000,35,35,16,19,0,0,3,22,10,3,0,3,32,0,1,6,6,9,6,5,2,0,25,1,3,0,0,6,35,0,0
2022,Sudeste,3,Minas Gerais,MG,31,Viçosa,3171303,0,Zona da Mata,12,Viçosa,62,3,4,ASSOCIACAO VICOSENSE DE ENSINO E PESQUISA LTDA - AVEP - VICOSA - EPP,1137,1721,FACULDADE DE VIÇOSA,FDV,Rua Gomes Barbosa,870,-,Centro,36570101.0,14,1,3,1,1,1,0,1,1,3,2,0,0,0,0,0,0,0,0,1,1,0,1,120,650,55,51,23,28,0,0,9,24,18,12,0,12,4,35,0,6,13,6,4,11,6,5,40,2,7,0,2,0,51,0,0
2022,Sudeste,3,São Paulo,SP,35,Santo André,3547809,0,Metropolitana de São Paulo,15,São Paulo,61,3,5,CENTRO DE ENSINO SUPERIOR STRONG,1139,1723,STRONG BUSINESS SCHOOL,,Avenida Industrial,1455,ESCOLA SUPERIOR DE ADMINISTRAÇÃO E GESTÃO STRONG,Jardim,9080510.0,48,0,0,0,2,7,3,13,7,6,1,0,4,1,4,0,0,0,1,1,1,0,1,2,8000,53,53,14,39,0,0,1,25,27,5,1,4,25,23,0,0,4,9,19,5,3,13,40,1,4,2,0,6,53,0,0
2022,Sudeste,3,São Paulo,SP,35,Socorro,3552106,0,Campinas,7,Amparo,33,3,4,FACULDADES XV DE AGOSTO LTDA - EPP,1141,1725,FACULDADE XV DE AGOSTO,FAQ,Avenida Xv de Agosto,1210,-,Centro,13960000.0,9,0,0,0,0,2,1,2,1,2,1,0,0,0,0,1,0,1,1,1,1,1,1,45,23000,13,13,4,9,0,0,0,11,2,12,0,12,1,0,0,1,3,2,2,2,1,2,7,1,5,0,0,0,13,0,0
2022,Sudeste,3,São Paulo,SP,35,Pederneiras,3536703,0,Bauru,4,Jaú,21,3,4,UNICESP - UNIAO CULTURAL E EDUCACIONAL DE SAO PAULO,16526,1732,FACULDADE GENNARI E PEARTREE,FGP,Rua Professor Massud José Nachef,2855,Oeste,Parque da Colina,17280000.0,9,0,0,0,0,4,0,2,0,0,2,0,1,0,0,1,0,0,1,1,1,1,1,2800,5400,35,34,17,17,0,0,6,18,10,15,0,15,14,5,2,8,8,3,5,5,0,3,33,0,0,0,0,1,34,0,1
2022,Sudeste,3,Rio de Janeiro,RJ,33,Niterói,3303302,0,Metropolitana do Rio de Janeiro,6,Rio de Janeiro,18,2,5,ASSOCIACAO BRASILEIRA DE EDUCADORES LASSALISTAS,1150,1736,CENTRO UNIVERSITÁRIO LA SALLE DO RIO DE JANEIRO,UNILASALLE/RJ,Rua Gastão Gonçalves,79,-,Santa Rosa,24240030.0,137,6,14,4,8,26,29,21,9,8,5,2,3,1,1,1,0,1,0,0,1,0,1,42905,534309,116,116,58,58,0,0,2,53,61,25,0,25,22,69,0,11,8,23,20,22,15,17,99,2,8,0,1,6,116,0,1
2022,Sudeste,3,São Paulo,SP,35,São Paulo,3550308,1,Metropolitana de São Paulo,15,São Paulo,61,2,4,SOCIEDADE EDUCACIONAL SOIBRA S/S LTDA,1152,1742,Centro Universitário de Tecnologia Carlos Drummond de Andrade,,Avenida São Miguel,4335,Unidade Ponte Rasa,Ponte Rasa,3620001.0,30,0,1,2,1,15,8,1,1,0,0,1,0,0,0,1,0,1,1,1,1,1,1,14719,18255,72,72,22,50,0,0,6,43,23,12,0,12,60,0,1,1,5,8,14,11,11,21,48,1,8,3,0,12,70,2,0
2022,Sudeste,3,São Paulo,SP,35,São Paulo,3550308,1,Metropolitana de São Paulo,15,São Paulo,61,3,4,PROTECNICA PAULISTA LTDA,1153,1743,FACULDADE DE TECNOLOGIA OSWALDO CRUZ,FATEC OSWALDO CRUZ,Rua Brigadeiro Galvão Prédio,540,Prédio 1 - 7º Andar,Barra Funda,1151000.0,2,0,0,1,0,0,0,0,0,0,0,1,0,0,0,0,0,0,0,1,1,0,1,443,637,24,24,9,15,0,0,9,10,5,1,0,1,10,13,1,0,2,1,6,5,3,6,19,1,3,0,0,1,24,0,0
2022,Sudeste,3,São Paulo,SP,35,São Paulo,3550308,1,Metropolitana de São Paulo,15,São Paulo,61,3,5,ASSOCIACAO PENHENSE DE ENSINO SUPERIOR,17254,1745,Faculdade Interativa de São Paulo,FAISP,Rua Heloísa Penteado,327,-,Vila Esperança,3649010.0,5,0,0,0,0,1,0,3,0,1,0,0,0,0,0,0,0,0,0,1,1,1,0,100,14000,13,13,4,9,0,0,7,4,2,2,0,2,11,0,1,1,2,4,2,1,1,1,9,0,1,0,0,3,13,0,0
2022,Sudeste,3,São Paulo,SP,35,São Paulo,3550308,1,Metropolitana de São Paulo,15,São Paulo,61,3,4,CENTRO EDUCACIONAL ALVES FARIA LTDA.,979,1752,FACULDADE AUTÔNOMA DE DIREITO,FADISP,Rua João Moura,313,Unidade SEDE,Pinheiros,5412001.0,17,1,0,2,0,3,3,3,3,1,0,0,0,0,1,1,0,0,1,1,1,0,1,859,12000,24,24,5,19,0,0,0,2,22,6,0,6,15,3,0,3,3,2,8,5,1,2,16,0,7,1,0,0,24,0,0
2022,Sudeste,3,São Paulo,SP,35,São Paulo,3550308,1,Metropolitana de São Paulo,15,São Paulo,61,3,5,SOCIEDADE BRASILEIRA DE ENSINO SUPERIOR,1161,1756,FACULDADE ASSOCIADA BRASIL,FAB,Rua Tiquatira,243,-,Bosque da Saúde,4137111.0,8,0,0,0,0,3,1,2,1,1,0,0,0,0,0,0,0,0,1,1,1,0,0,50,12000,5,5,4,1,0,0,2,0,3,3,0,3,2,0,0,0,0,0,2,0,1,2,3,1,1,0,0,0,5,0,0
2022,Sudeste,3,São Paulo,SP,35,São Paulo,3550308,1,Metropolitana de São Paulo,15,São Paulo,61,2,4,SOCIEDADE EDUCACIONAL SOIBRA S/S LTDA,1152,1762,Centro Universitário de Tecnologia e Negócios Carlos Drummond de Andrade,UniTen CDA,Av. Penha de França,35,-,Penha,3606010.0,43,1,0,2,2,17,9,6,3,1,0,2,0,0,0,1,0,1,1,1,1,1,1,14719,18255,44,44,16,28,0,0,2,32,10,8,0,8,36,0,0,0,3,4,7,13,6,11,30,1,3,3,0,7,42,2,0
2022,Sudeste,3,Espírito Santo,ES,32,Cariacica,3201308,0,Central Espírito-santense,3,Vitória,9,3,5,UNIAO CAPIXABA DE ENSINO,1171,1766,FACULDADE ESPÍRITO SANTENSE,UNICAPE,Rua São Jorge,2,-,Alto Laje,29151120.0,11,0,1,0,0,0,4,1,4,1,0,0,0,0,0,0,0,0,1,1,1,1,1,6800,180000,15,15,4,11,0,0,3,11,1,1,0,1,11,3,1,0,3,4,2,1,3,1,7,0,4,1,0,3,15,0,0
2022,Sudeste,3,São Paulo,SP,35,Jundiaí,3525904,0,Macro Metropolitana Paulista,12,Jundiaí,47,3,4,ANHANGUERA EDUCACIONAL PARTICIPACOES S/A,16452,1776,Faculdade Anhanguera de Tecnologia de Jundiaí,,Rua do Retiro,3.000,-,Retiro,13209355.0,76,0,0,0,0,10,10,24,4,16,1,4,2,4,1,0,0,1,1,1,1,1,1,60395,238009,39,39,18,21,0,0,7,3,29,2,0,2,29,8,0,0,5,7,4,7,5,11,28,1,8,2,0,0,39,0,0
2022,Sudeste,3,São Paulo,SP,35,Ipaussu,3520905,0,Assis,10,Ourinhos,40,3,5,INSTITUTO TECNOLOGICO DO SUDOESTE PAULISTA SYLVESTRE FERRAZ EGREJA,1181,1781,FACULDADE INTESP,INTESP,Rua Deoclides da Silva Guidio,469,-,Centro,18950000.0,3,0,0,0,0,1,0,1,0,0,0,0,0,0,1,1,0,1,0,1,0,1,0,18,78,11,11,2,9,0,0,6,3,2,3,0,3,3,5,0,0,2,3,1,0,2,3,11,0,0,0,0,0,11,0,0
2022,Sudeste,3,Minas Gerais,MG,31,Machado,3139003,0,Sul/Sudoeste de Minas,10,Alfenas,49,3,5,FUNDACAO MACHADENSE DE COMUNICACAO,1186,1786,INSTITUTO MACHADENSE DE ENSINO SUPERIOR,IMES,Avenida Filhas de Sant Ana - Rod. Br. 267 - Km 03,S/Nº,Distrito Industrial,Distrito Industrial,37750000.0,17,0,0,0,0,2,1,6,3,2,1,0,1,1,0,0,0,0,0,0,1,0,1,0,2410,33,31,7,24,0,0,7,20,4,3,2,1,12,16,1,5,9,9,1,1,3,2,27,2,1,0,0,1,31,0,0
2022,Sudeste,3,São Paulo,SP,35,Limeira,3526902,0,Piracicaba,6,Limeira,27,3,4,PHD CURSOS EDUCACIONAIS LTDA,17996,1788,FACULDADE DE ADMINISTRAÇÃO E ARTES DE LIMEIRA,FAAL,Avenida Engenheiro Antonio Eugênio Lucato,2515,-,Vila Camargo,13486085.0,10,0,0,0,0,3,1,0,1,2,0,2,1,0,0,0,0,0,0,0,0,1,0,0,0,34,33,16,17,0,0,17,11,5,0,0,0,7,26,0,2,5,11,5,4,3,3,29,1,1,2,0,0,33,0,1
2022,Sudeste,3,São Paulo,SP,35,Mauá,3529401,0,Metropolitana de São Paulo,15,São Paulo,61,3,5,UNIESP S.A,16134,1804,FACULDADE DE MAUÁ - FAMA,FAMA,Rua Vitorino Dell'Antônia,349,-,Vila Noemia,9370570.0,15,0,0,5,1,1,3,2,0,2,0,0,1,0,0,1,0,1,0,1,1,1,1,22203,11000,12,12,9,3,0,0,4,6,2,3,0,3,9,0,0,0,1,1,1,5,2,2,7,0,4,0,0,1,12,0,0
2022,Sudeste,3,Espírito Santo,ES,32,Vitória,3205309,1,Central Espírito-santense,3,Vitória,9,4,1,INSTITUTO FEDERAL DE EDUCACAO CIENCIA E TECNOLOGIA DO ESPIRITO SANTO,14112,1808,"INSTITUTO FEDERAL DE EDUCAÇÃO, CIÊNCIA E TECNOLOGIA DO ESPÍRITO SANTO",IFES,Avenida Rio Branco,50,-,Santa Lucia,29056255.0,1349,1,2,0,9,29,85,71,103,348,310,194,151,32,14,1,0,1,1,1,1,1,0,49000,28000,1102,1064,348,716,0,11,56,461,536,1052,918,134,3,9,25,122,226,252,156,129,90,64,662,32,254,2,2,112,1060,4,3
2022,Sudeste,3,São Paulo,SP,35,São Paulo,3550308,1,Metropolitana de São Paulo,15,São Paulo,61,4,1,"INSTITUTO FEDERAL DE EDUCACAO, CIENCIA E TECNOLOGIA DE SAO PAULO",14163,1810,"INSTITUTO FEDERAL DE EDUCAÇÃO, CIÊNCIA E TECNOLOGIA DE SÃO PAULO",IFSP,Rua Pedro Vicente,625,-,Canindé,1109010.0,1932,0,0,3,5,37,102,97,184,478,501,264,163,67,31,1,0,1,1,1,1,1,1,0,15784,2418,2203,727,1476,0,13,112,764,1314,2186,1769,417,17,0,39,230,462,467,349,246,208,202,1761,99,260,75,6,2,2197,6,20
2022,Sudeste,3,São Paulo,SP,35,Bauru,3506003,0,Bauru,4,Bauru,20,3,4,UNIESP S.A,16134,1816,INSTITUTO DE ENSINO SUPERIOR DE BAURU,IESB,Rua Anhangüera,09-19,-,Vila Flores,17013190.0,7,0,0,0,0,2,0,3,1,0,1,0,0,0,0,1,0,1,0,1,1,1,1,22203,11213,20,20,8,12,0,0,6,10,4,2,0,2,7,11,0,0,2,4,6,3,0,5,17,0,1,1,1,0,20,0,1
2022,Sudeste,3,Minas Gerais,MG,31,Belo Horizonte,3106200,1,Metropolitana de Belo Horizonte,7,Belo Horizonte,30,3,4,ORME SERVICOS EDUCACIONAIS LTDA,3167,1818,FACULDADE ANHANGUERA DE BELO HORIZONTE,,Rua dos Timbiras,1.375,Campus Timbiras,Funcionários,30140060.0,694,0,0,0,0,40,26,269,77,141,39,55,16,28,3,0,0,1,1,1,1,1,1,60395,238009,383,383,176,207,0,0,70,211,102,51,0,51,164,168,14,63,80,87,62,36,26,15,259,24,89,9,2,0,382,1,4
2022,Sudeste,3,São Paulo,SP,35,São Paulo,3550308,1,Metropolitana de São Paulo,15,São Paulo,61,3,5,ASSOCIACAO ESCOLA DA CIDADE - ARQUITETURA E URBANISMO,1210,1828,ESCOLA DA CIDADE - FACULDADE DE ARQUITETURA E URBANISMO,ESCOLA DA CIDADE,Rua General Jardim,65/51,-,Vila Buarque,1223011.0,26,0,0,0,0,8,1,7,1,3,0,2,2,1,1,0,0,0,0,0,1,1,0,0,0,54,54,17,37,0,6,3,19,26,8,0,8,19,27,0,4,3,9,17,4,3,14,50,0,0,2,0,2,53,1,0
2022,Sudeste,3,São Paulo,SP,35,Agudos,3500709,0,Bauru,4,Bauru,20,3,5,CENTRO DE ENSINO SUPERIOR DE AGUDOS,1216,1834,FACULDADE DE AGUDOS,FAAG,Avenida Marginal Vereador Delfino Tendolo,D 1200,-,Distrito Industrial Hatsuta,17123220.0,17,0,1,0,0,0,0,2,2,3,1,2,2,4,0,0,0,1,1,1,1,0,1,1310,20000,27,25,13,12,0,0,8,11,6,2,0,2,17,6,3,2,6,3,5,3,2,1,21,1,1,0,0,2,25,0,0
2022,Sudeste,3,São Paulo,SP,35,São João da Boa Vista,3549102,0,Campinas,7,São João da Boa Vista,30,2,5,FUNDACAO DE ENSINO OCTAVIO BASTOS,171,1836,CENTRO UNIVERSITÁRIO FUNDAÇÃO DE ENSINO OCTÁVIO BASTOS - FEOB,UNIFEOB,Av. Dr. Octávio da Silva Bastos,2439,Campus II - Mantiqueira,Jardim Nova São João,13874159.0,205,1,9,16,7,47,35,26,16,25,10,6,4,3,0,0,0,1,1,1,1,1,0,200,26752,197,195,105,90,0,0,73,94,28,30,0,30,77,88,12,30,35,34,27,26,14,17,155,2,5,1,0,32,195,0,0
2022,Sudeste,3,São Paulo,SP,35,São Paulo,3550308,1,Metropolitana de São Paulo,15,São Paulo,61,3,4,UNIAO BANDEIRANTE DE EDUCACAO E CULTURA S.A.,17362,1838,FACULDADES INTEGRADAS RIO BRANCO,FRB,Rua Maria Cândida,1813,Maria Cândida,Vila Guilherme,2071013.0,12,0,0,0,0,3,3,2,1,2,0,1,0,0,0,1,0,1,0,1,1,1,1,0,8000,12,12,3,9,0,0,1,6,5,3,0,3,9,0,0,2,2,1,0,2,3,2,10,0,2,0,0,0,12,0,0
2022,Sudeste,3,Espírito Santo,ES,32,Colatina,3201506,0,Noroeste Espírito-santense,1,Colatina,3,2,5,FUNDACAO EDUCACIONAL ALTO MEDIO SAO FRANCISCO,3521,1840,CENTRO UNIVERSITÁRIO CASTELO BRANCO,UNICB,Avenida Brasil,1303,-,Maria das Graças,29705100.0,69,2,5,3,9,6,4,14,10,5,3,3,4,0,1,0,0,1,0,1,1,1,1,227,3884,42,42,13,29,0,0,6,29,7,7,0,7,25,10,1,7,8,7,7,3,5,4,32,1,9,0,0,0,42,0,0
2022,Sudeste,3,São Paulo,SP,35,Presidente Prudente,3541406,0,Presidente Prudente,8,Presidente Prudente,36,2,5,ASSOCIACAO EDUCACIONAL TOLEDO,957,1841,CENTRO UNIVERSITÁRIO ANTÔNIO EUFRÁSIO DE TOLEDO DE PRESIDENTE PRUDENTE - TOLEDO PRUDENTE,TOLEDO PRUDENTE,Praça Raul Furquim,09,-,Vila Furquim,19030430.0,70,0,0,2,0,14,6,13,9,18,2,5,1,0,0,0,0,1,1,1,1,1,1,510,12439,108,106,44,62,0,0,20,54,32,30,0,30,76,0,9,22,23,13,12,10,7,10,99,1,2,3,0,1,106,0,2
2022,Sudeste,3,Minas Gerais,MG,31,Campo Belo,3111200,0,Oeste de Minas,9,Campo Belo,45,3,5,CEMES CENTRO MINEIRO DO ENSINO SUPERIOR,1220,1843,FACULDADE DE ADMINISTRAÇÃO DE CAMPO BELO,FACAMP,Rua Professora Lady Alvarenga Neves,30,-,Jardim Europa,37270000.0,7,1,0,0,0,2,1,1,0,1,0,0,1,0,0,0,0,0,1,1,1,1,1,0,0,25,25,9,16,0,0,1,19,5,0,0,0,16,9,0,3,8,4,7,2,1,0,16,0,5,0,0,4,25,0,0
2022,Sudeste,3,São Paulo,SP,35,Andradina,3502101,0,Araçatuba,3,Andradina,16,3,5,FUNDACAO EDUCACIONAL DE ANDRADINA,82,1844,FACULDADES INTEGRADAS STELLA MARIS DE ANDRADINA,FISMA,Rua Amazonas,571,-,Stella Maris,16901160.0,8,0,0,0,0,0,5,2,0,1,0,0,0,0,0,1,0,1,1,1,1,0,0,38,0,62,51,29,22,0,1,20,16,14,3,0,3,5,43,2,10,7,10,9,5,4,4,43,1,2,3,0,2,51,0,1
2022,Sudeste,3,São Paulo,SP,35,Lins,3527108,0,Bauru,4,Lins,19,2,5,FUNDACAO PAULISTA DE TECNOLOGIA E EDUCACAO,232,1846,CENTRO UNIVERSITÁRIO DE LINS,UNILINS,Avenida Nicolau Zarvos,1925,-,Jardim Aeroporto,16401371.0,113,0,0,8,15,26,16,16,3,6,5,6,5,1,6,0,0,0,1,1,1,1,1,0,15604,75,71,25,46,0,1,12,38,20,22,2,20,28,21,1,6,6,11,13,4,8,22,66,0,4,1,0,0,71,0,0
2022,Sudeste,3,Rio de Janeiro,RJ,33,Rio de Janeiro,3304557,1,Metropolitana do Rio de Janeiro,6,Rio de Janeiro,18,3,5,FUNDACAO GETULIO VARGAS,110,1851,ESCOLA BRASILEIRA DE ADMINISTRAÇÃO PÚBLICA E DE EMPRESAS,EBAPE,Rua Jornalista Orlando Dantas,30,EBAPE (Nova sede),Botafogo,22231010.0,56,0,0,0,0,1,2,12,6,16,3,9,4,3,0,1,0,1,1,1,1,1,1,20931,269,64,64,17,47,0,0,0,2,62,55,0,55,9,0,1,3,6,9,11,9,10,15,51,2,7,0,0,4,55,9,0
2022,Sudeste,3,Espírito Santo,ES,32,Vitória,3205309,1,Central Espírito-santense,3,Vitória,9,3,4,SABERES INSTITUTO DE ENSINO LTDA - EPP,1222,1852,FACULDADE SABERES,SABERES,Av. Cezar Helal,1180,"Ed. São Jorge, 2º e 3º pavimentos",Praia do Suá,,5,0,0,0,0,0,0,4,0,0,0,0,0,1,0,0,0,0,0,0,1,0,0,4,3,6,6,4,2,0,0,0,3,3,1,1,0,0,5,0,0,1,2,0,2,0,1,1,0,0,0,0,5,6,0,0
2022,Sudeste,3,São Paulo,SP,35,São Paulo,3550308,1,Metropolitana de São Paulo,15,São Paulo,61,2,4,OYA EDUCACIONAL LTDA,18055,1853,Centro Universitário UNIBTA,,Rua Cubatão,726,Centro Universitário UNIBTA,Vila Mariana,4013003.0,30,0,0,0,0,11,3,7,8,0,1,0,0,0,0,0,0,1,0,1,1,1,1,0,0,52,47,23,24,0,0,15,24,8,13,2,11,34,0,1,7,7,10,5,8,6,3,30,0,3,2,0,12,47,0,0
2022,Sudeste,3,São Paulo,SP,35,Rio Claro,3543907,0,Piracicaba,6,Rio Claro,26,2,5,ACAO EDUCACIONAL CLARETIANA,780,1854,CLARETIANO - CENTRO UNIVERSITÁRIO,,Avenida Santo Antonio Maria Claret,1724,- de 1144/1145 a 1723/1724,Jardim Claret,13503257.0,160,1,4,6,3,28,19,36,21,13,9,6,8,1,5,0,0,1,1,1,1,0,1,3011,43239,120,120,50,70,0,0,33,46,41,21,0,21,76,23,3,9,15,28,22,13,12,18,110,1,3,0,0,6,120,0,0
2022,Sudeste,3,São Paulo,SP,35,Taubaté,3554102,0,Vale do Paraíba Paulista,13,São José dos Campos,50,3,5,ASSOCIACAO DEHONIANA BRASIL MERIDIONAL,15028,1857,FACULDADE DEHONIANA,DEHONIANA,Avenida Francisco Barreto Leme,550,-,Vila São Geraldo,12062000.0,12,0,0,0,2,1,1,4,4,0,0,0,0,0,0,0,0,0,0,1,1,1,1,0,9,24,24,3,21,0,0,1,13,10,5,0,5,10,9,1,1,1,3,5,1,7,5,21,1,2,0,0,0,23,1,1
2022,Sudeste,3,Espírito Santo,ES,32,Santa Maria de Jetibá,3204559,0,Central Espírito-santense,3,Santa Teresa,8,3,4,INSTITUTO DE ENSINO SUPERIOR DA REGIAO SERRANA LTDA,1226,1862,FACULDADE DA REGIÃO SERRANA,FARESE,Rua Jequitibá,121,-,Centro,29645000.0,12,0,0,0,0,1,0,0,2,4,2,0,2,1,0,0,0,1,1,1,1,1,1,19,27818,33,29,12,17,0,0,12,15,2,3,0,3,26,0,2,7,6,5,3,5,0,1,21,1,4,0,0,3,29,0,0
2022,Sudeste,3,Minas Gerais,MG,31,Mantena,3139607,0,Vale do Rio Doce,8,Mantena,38,3,4,INTERVALE ENSINO E PESQUISA EIRELI,1227,1863,FACULDADE INTERVALE,INTERVALE,RUA MIGUEL ROAS HUEBRA,360,NOVA SEDE - CENTRO,CENTRO,35290000.0,9,0,0,0,0,5,0,2,1,0,1,0,0,0,0,0,0,0,0,1,1,0,1,10,10,5,5,4,1,0,0,2,3,0,0,0,0,0,5,0,1,1,1,1,0,1,0,2,0,3,0,0,0,5,0,0
2022,Sudeste,3,Minas Gerais,MG,31,Santos Dumont,3160702,0,Zona da Mata,12,Juiz de Fora,65,3,5,FUNDACAO EDUCACIONAL SAO JOSE,686,1867,FACULDADE SANTOS DUMONT,FSD,Avenida Getúlio Vargas,547,-,Centro,36240000.0,20,4,0,0,0,3,2,5,1,2,3,0,0,0,0,0,0,0,0,0,1,0,1,0,0,28,18,10,8,0,0,6,10,2,0,0,0,12,6,0,1,2,4,4,3,0,4,10,1,7,0,0,0,18,0,0
2022,Sudeste,3,Minas Gerais,MG,31,Itajubá,3132404,0,Sul/Sudoeste de Minas,10,Itajubá,56,2,5,FUNDACAO DE ENSINO E PESQUISA DE ITAJUBA,40,1869,CENTRO UNIVERSITÁRIO DE ITAJUBÁ,FEPI,Avenida Dr. Antonio Braga Filho,687,-,Varginha,37501002.0,71,0,0,0,0,11,8,25,10,14,3,0,0,0,0,0,0,0,0,1,1,0,1,0,11271,101,100,39,61,0,0,3,61,36,23,0,23,77,0,5,19,24,19,10,10,4,9,87,1,2,0,0,10,100,0,0
2022,Sudeste,3,São Paulo,SP,35,Avaré,3504503,0,Bauru,4,Avaré,22,3,3,FUNDACAO REGIONAL EDUCACIONAL DE AVARE,50,1870,FACULDADES INTEGRADAS REGIONAIS DE AVARÉ,FIRA,Praça Prefeito Romeu Bretas,163,-,CENTRO,18700902.0,51,0,0,3,0,19,3,7,12,5,0,0,1,1,0,1,0,0,1,1,1,1,1,0,0,38,38,21,17,0,0,14,19,5,3,0,3,0,35,1,1,4,5,5,7,8,7,32,2,3,1,0,0,38,0,0
2022,Sudeste,3,São Paulo,SP,35,Ourinhos,3534708,0,Assis,10,Ourinhos,40,3,2,CENTRO ESTADUAL DE EDUCACAO TECNOLOGICA PAULA SOUZA,33,1874,FACULDADE DE TECNOLOGIA DE OURINHOS,FATEC,Avenida Vitalina Marcusso,1400,-,Campus Universitário,19910206.0,22,0,0,0,0,2,4,5,4,1,6,0,0,0,0,0,0,0,0,1,0,0,0,0,0,74,67,15,52,0,0,15,34,18,15,1,14,30,22,5,5,6,11,13,14,4,9,55,1,6,0,0,5,67,0,0
2022,Sudeste,3,São Paulo,SP,35,Ibitinga,3519600,0,Araraquara,5,Araraquara,24,3,3,FUNDACAO EDUCACIONAL MUNICIPAL DE IBITINGA - FEMIB,1232,1875,"FACULDADE DE FILOSOFIA, CIÊNCIAS E LETRAS DE IBITINGA",FAIBI,Rua Roque Raineri,81,-,Jardim Centenário,14940000.0,16,0,0,0,0,4,2,1,0,3,3,0,1,1,1,0,0,0,0,0,1,1,1,0,0,25,23,13,10,0,0,5,13,5,2,0,2,0,21,0,0,0,5,8,4,3,3,21,0,0,0,0,2,23,0,0
2022,Sudeste,3,São Paulo,SP,35,Mogi Guaçu,3530706,0,Campinas,7,Mogi Mirim,31,3,3,FUNDACAO EDUCACIONAL GUACUANA,1233,1876,FACULDADE MUNICIPAL PROFESSOR FRANCO MONTORO DE MOGI GUAÇU,FMPFM,Estrada da Cachoeira de Cima,s/n,-,Centro,,35,0,0,0,0,7,11,4,4,3,3,1,1,0,1,0,0,1,0,0,1,1,1,100,10000,71,71,35,36,0,0,23,17,31,1,0,1,5,65,1,10,10,11,14,8,7,10,47,0,2,0,0,22,71,0,0
2022,Sudeste,3,São Paulo,SP,35,São Bernardo do Campo,3548708,0,Metropolitana de São Paulo,15,São Paulo,61,2,5,FUNDACAO EDUCACIONAL INACIANA PADRE SABOIA DE MEDEIROS,166,1878,CENTRO UNIVERSITÁRIO DA FUNDAÇÃO EDUCACIONAL INACIANA PE SABÓIA DE MEDEIROS,FEI,Avenida Humberto Alencar Castelo Branco,3972,-,Assunção,9850901.0,298,0,7,0,10,58,92,48,30,34,16,0,2,0,1,1,0,1,1,0,1,1,1,421,323,235,234,55,179,0,0,4,57,173,65,0,65,12,157,2,17,23,30,40,47,40,35,170,3,13,14,1,33,229,5,1
2022,Sudeste,3,Espírito Santo,ES,32,Aracruz,3200607,0,Litoral Norte Espírito-santense,2,Linhares,6,3,4,SOCIEDADE DE ENSINO SUPERIOR DE ARACRUZ LTDA - EPP,1236,1880,FACULDADE CASA DO ESTUDANTE,FACE,RUA FLOR DE ESTUDANTE,213,-,JARDINS,29190390.0,5,0,0,0,0,0,2,0,0,0,3,0,0,0,0,0,0,0,0,1,1,0,1,20,0,11,9,3,6,0,0,4,5,0,0,0,0,2,7,0,0,0,3,4,0,2,0,5,0,3,0,0,1,9,0,0
2022,Sudeste,3,São Paulo,SP,35,Guarulhos,3518800,0,Metropolitana de São Paulo,15,Guarulhos,59,2,4,EDVAC SERVICOS EDUCACIONAIS LTDA,1243,1892,Centro Universitário de Excelência Eniac,ENIAC,Rua Força Pública,89,-,Centro,7012030.0,125,0,0,0,0,24,32,13,19,12,14,0,0,4,7,0,0,1,1,1,1,0,0,154,1945,63,57,16,41,0,0,0,39,18,19,1,18,28,10,0,1,4,7,12,12,10,11,28,0,5,0,0,24,56,1,0
2022,Sudeste,3,São Paulo,SP,35,Praia Grande,3541000,0,Metropolitana de São Paulo,15,Santos,63,3,4,SERVICOS EDUCACIONAIS DO LITORAL PAULISTA LTDA.,1247,1898,FACULDADE DO LITORAL SUL PAULISTA,FALS,Rua Marechal Eurico Gaspar Dutra,836,-,Canto do Forte,11700330.0,15,0,0,0,0,3,2,5,2,1,1,0,0,0,1,0,0,0,0,1,1,0,0,1,0,30,30,14,16,0,0,8,14,8,20,1,19,10,0,1,1,6,8,4,3,2,5,21,0,3,0,0,6,30,0,0
2022,Sudeste,3,Espírito Santo,ES,32,Serra,3205002,0,Central Espírito-santense,3,Vitória,9,3,5,CENTRO DE ENSINO SUPERIOR FABRA,1256,1908,FACULDADE BRASILEIRA CRISTÃ,FBC,Rua Pouso Alegre,49,-,Barcelona,29166160.0,53,0,0,0,0,13,4,2,6,4,7,8,2,3,4,0,0,1,1,1,1,1,1,200,2000,41,41,21,20,0,0,3,27,11,11,0,11,30,0,2,10,4,8,8,5,2,2,19,4,18,0,0,0,41,0,0
2022,Sudeste,3,Minas Gerais,MG,31,Ipatinga,3131307,0,Vale do Rio Doce,8,Ipatinga,39,3,5,INSTITUTO ENSINAR BRASIL,218,1909,FACULDADES DOCTUM DE IPATINGA,,Rua Potiguar,150,-,Iguaçu,35162110.0,14,0,2,0,1,5,3,1,0,1,1,0,0,0,0,0,0,0,1,0,1,0,0,10,9000,50,50,16,34,0,0,6,28,16,0,0,0,50,0,3,7,8,16,10,1,4,1,23,5,16,0,0,6,50,0,0
2022,Sudeste,3,Minas Gerais,MG,31,Muriaé,3143906,0,Zona da Mata,12,Muriaé,63,2,4,LAEL VARELLA EDUCACAO E CULTURA LTDA,1260,1913,CENTRO UNIVERSITÁRIO FAMINAS,UNIFAMINAS,Av Avenida Cristiano Ferreira Varella,655,Rodovia BR 116 Km 701,Universitário,36888233.0,222,2,8,10,8,44,25,45,23,18,8,17,5,4,5,0,0,1,1,1,1,1,1,30000,10000,182,174,101,73,0,0,35,83,56,69,0,69,90,15,7,43,46,36,21,9,8,4,144,2,27,0,0,1,174,0,0
2022,Sudeste,3,São Paulo,SP,35,São Paulo,3550308,1,Metropolitana de São Paulo,15,São Paulo,61,3,5,MOSTEIRO DE SAO BENTO DE SAO PAULO,1265,1921,FACULDADE DE SÃO BENTO,FSB,Largo de São Bento,S/N,-,Centro,1029010.0,7,0,0,1,0,1,3,1,1,0,0,0,0,0,0,0,0,0,1,1,1,1,0,0,0,22,22,3,19,0,0,0,6,16,3,0,3,5,14,0,0,0,3,5,2,2,10,21,1,0,0,0,0,21,1,0
2022,Sudeste,3,Minas Gerais,MG,31,Belo Horizonte,3106200,1,Metropolitana de Belo Horizonte,7,Belo Horizonte,30,3,5,ASSOCIACAO PROPAGADORA ESDEVA,235,1923,FACULDADE  ARNALDO JANSSEN,FAJANSSEN,Praça João Pessoa,200,CAMPUS  - BELO HORIZONTE - FUNCIONÁRIOS,Funcionários,30140020.0,77,1,1,2,0,20,8,13,6,4,4,4,9,3,2,0,0,1,0,1,1,0,1,0,12372,212,196,92,104,0,1,25,104,66,11,0,11,15,170,1,17,33,33,45,28,22,17,96,5,26,0,0,69,196,0,0
2022,Sudeste,3,Rio de Janeiro,RJ,33,Rio de Janeiro,3304557,1,Metropolitana do Rio de Janeiro,6,Rio de Janeiro,18,3,5,CAMPANHA NACIONAL DE ESCOLAS DA COMUNIDADE,407,1928,Faculdade CNEC Capitão Lemos Cunha,,Estrada do Galeão,s/n,-,Jardim Guanabara - Ilha do Governador,21931000.0,1,0,0,0,0,0,0,1,0,0,0,0,0,0,0,1,0,1,1,1,1,1,1,19,7485,11,6,4,2,0,0,2,4,0,1,0,1,0,5,0,0,0,2,1,1,1,1,5,0,0,0,0,1,6,0,0
2022,Sudeste,3,São Paulo,SP,35,São Paulo,3550308,1,Metropolitana de São Paulo,15,São Paulo,61,3,5,INSTITUTO SUPERIOR DE EDUCACAO DE SAO PAULO - ISESP,1267,1930,INSTITUTO SUPERIOR DE EDUCAÇÃO DE SÃO PAULO,SINGULARIDADES/ISESP,Rua Deputado Lacerda Franco,88,- até 299/300,Pinheiros,5418000.0,50,0,0,0,0,10,5,21,3,6,1,0,1,3,0,0,0,1,0,1,1,0,0,134,2720,37,37,29,8,0,0,1,24,12,3,0,3,14,20,0,1,6,11,3,6,6,4,32,3,1,1,0,0,37,0,1
2022,Sudeste,3,São Paulo,SP,35,Birigui,3506508,0,Araçatuba,3,Birigui,18,3,4,UNIESP S.A,16134,1933,FACULDADE BIRIGUI,FABI,Rua João Escanhuela,133,-,Jardim Capuano,16204142.0,11,0,0,0,0,1,5,1,1,1,0,1,1,0,0,1,0,1,0,1,1,1,1,22203,11213,8,8,2,6,0,0,2,5,1,2,0,2,6,0,0,1,0,2,1,0,3,1,6,0,1,0,0,1,8,0,0
2022,Sudeste,3,Minas Gerais,MG,31,Nova Serrana,3145208,0,Oeste de Minas,9,Divinópolis,43,3,5,FUNDACAO EDUCACIONAL FAUSTO PINTO DA FONSECA,1276,1940,FACULDADE DE NOVA SERRANA,FANS,Rua Lígia Rodrigues,600,-,Fausto Pinto da Fonseca,35519000.0,19,0,2,1,0,1,3,3,0,3,0,1,5,0,0,0,0,1,0,0,1,0,0,0,0,26,25,9,16,0,0,9,16,0,1,1,0,17,7,0,0,4,4,9,3,2,3,19,0,3,0,0,3,25,0,0
2022,Sudeste,3,São Paulo,SP,35,São Paulo,3550308,1,Metropolitana de São Paulo,15,São Paulo,61,3,4,LEGALE EDUCACIONAL S.A.,14483,1946,FACULDADE LEGALE,LEGALE,Rua da Consolação,65,"Subsolo, 1º, 2º, 4º, 5º, 6º e 8º andares",Centro,1301911.0,40,0,0,0,0,10,6,9,2,5,2,0,6,0,0,1,0,0,1,1,1,1,1,10,9438,6,6,0,6,0,0,0,6,0,0,0,0,3,3,0,0,0,1,1,1,2,1,4,2,0,0,0,0,6,0,0
2022,Sudeste,3,São Paulo,SP,35,Paulínia,3536505,0,Campinas,7,Campinas,32,2,4,INSTITUTO DE EDUCACAO SUPERIOR SAO PAULO LTDA - EPP,1283,1949,CENTRO UNIVERSITÁRIO DE PAULÍNIA,UNIFACP,Rua Nelson Prodócimo,495,-,Bela Vista,13145004.0,48,3,0,1,0,7,11,17,4,4,0,1,0,0,0,0,0,0,1,0,0,0,0,40,14241,129,129,55,74,0,0,46,45,38,22,1,21,43,64,2,11,13,25,25,11,16,26,106,2,9,4,0,8,129,0,0
2022,Sudeste,3,Rio de Janeiro,RJ,33,Campos dos Goytacazes,3301009,0,Norte Fluminense,2,Campos dos Goytacazes,3,3,5,CENTRO EDUCACIONAL NOSSA SENHORA AUXILIADORA,1288,1961,INSTITUTO TECNOLÓGICO E DAS CIÊNCIAS SOCIAIS APLICADAS E DA SAÚDE DO CENTRO EDUC. N. SRª AUXILIADORA,ITCSAS/CENSA,Rua Salvador Correa,139,-,Centro,28035310.0,61,0,0,0,8,7,7,13,4,5,1,6,3,1,6,0,0,1,0,0,1,0,0,0,0,130,127,55,72,0,0,32,76,19,34,0,34,34,59,2,10,23,25,22,12,11,22,106,5,14,0,0,2,126,1,2
2022,Sudeste,3,Rio de Janeiro,RJ,33,Campos dos Goytacazes,3301009,0,Norte Fluminense,2,Campos dos Goytacazes,3,3,5,CENTRO EDUCACIONAL NOSSA SENHORA AUXILIADORA,1288,1962,INSTITUTO SUPERIOR DE EDUCAÇÃO DO CENTRO EDUCACIONAL NOSSA SENHORA AUXILIADORA,ISECENSA,Rua Salvador Correa,139,-,Centro,28035310.0,62,0,0,0,8,7,7,13,4,5,1,6,3,2,6,0,0,1,0,0,1,0,0,0,0,12,12,9,3,0,0,3,6,3,4,1,3,2,6,0,0,1,3,0,1,3,4,9,1,2,0,0,0,12,0,0
2022,Sudeste,3,São Paulo,SP,35,São Paulo,3550308,1,Metropolitana de São Paulo,15,São Paulo,61,3,4,SOCIEDADE EDUCACIONAL PINTO E MENEZES LTDA - ME,1289,1964,"FACULDADE DE TECNOLOGIA EM HOTELARIA, GASTRONOMIA E TURISMO DE SÃO PAULO",HOTEC,Rua das Palmeiras,184,-,Santa Cecília,1226010.0,23,0,0,3,1,7,2,6,0,2,0,2,0,0,0,1,0,0,1,1,1,1,1,500,1000,20,19,12,7,0,0,9,7,3,6,0,6,7,6,2,2,1,3,5,0,4,2,15,0,3,0,0,1,19,0,0
2022,Sudeste,3,Espírito Santo,ES,32,Cachoeiro de Itapemirim,3201209,0,Sul Espírito-santense,4,Cachoeiro de Itapemirim,12,3,4,"MULTIVIX CACHOEIRO  ENSINO, PESQUISA E EXTENSAO LTDA",833,1970,Faculdade Multivix de Cachoeiro,Multivix Cachoeiro,Rua Moreira,23,-,Independência,29306320.0,87,0,0,4,1,9,11,19,3,15,9,7,3,3,3,0,0,1,1,1,1,0,0,5000,23000,82,82,42,40,0,0,34,34,14,18,0,18,47,17,7,18,30,13,5,7,2,0,41,0,8,1,0,32,82,0,0
2022,Sudeste,3,Minas Gerais,MG,31,Barbacena,3105608,0,Campo das Vertentes,11,Barbacena,59,3,4,CENTRO EDUCACIONAL APRENDIZ LTDA,1296,1977,CENTRO DE ESTUDOS SUPERIORES APRENDIZ,CESA,Avenida Bias Fortes,02,-,Centro,36200068.0,5,0,0,0,0,1,0,2,0,0,1,1,0,0,0,0,0,1,0,1,0,0,0,0,9256,23,23,6,17,0,0,3,19,1,15,3,12,1,7,0,2,2,5,6,3,5,0,18,1,4,0,0,0,23,0,0
2022,Sudeste,3,Minas Gerais,MG,31,Manhuaçu,3139409,0,Zona da Mata,12,Manhuaçu,61,2,4,CENTRO SUPERIOR DE ESTUDOS DE MANHUACU LTDA,1301,1984,Centro Universitário Unifacig,,Rua Darcy César de Oliveira Leite,600,-,Alfa Sul,36900000.0,78,0,0,0,3,11,12,18,6,6,2,11,6,2,1,1,0,0,1,1,1,1,1,870,13015,137,137,79,58,0,0,14,103,20,61,29,32,62,14,12,30,38,28,15,7,5,2,79,2,32,2,0,22,137,0,1
2022,Sudeste,3,Minas Gerais,MG,31,Juiz de Fora,3136702,0,Zona da Mata,12,Juiz de Fora,65,2,4,SOCIEDADE DE ENSINO SUPERIOR ESTACIO DE SA LTDA,119,1986,CENTRO UNIVERSITÁRIO ESTÁCIO JUIZ DE FORA - ESTÁCIO JUIZ DE FORA,,Avenida Presidente João Goulart,600,Rio Branco,Cruzeiro do Sul,36030900.0,155,0,0,0,0,3,7,12,9,25,20,29,19,17,14,0,0,1,1,0,1,0,1,36000,25981,105,105,71,34,0,0,5,43,57,33,0,33,41,31,3,20,30,20,14,6,6,6,24,2,6,1,0,72,105,0,0
2022,Sudeste,3,Minas Gerais,MG,31,Virginópolis,3171808,0,Vale do Rio Doce,8,Guanhães,35,3,4,EDUCARE SISTEMA EDUCACIONAL DE ENSINO SUPERIOR LTDA,18068,1998,INSTITUTO SUPERIOR DE EDUCAÇÃO ELVIRA DAYRELL,ISEED,Rodovia de Ligação da Br 120a Br 256,S/N,Trevo de Correntinho,Centro,39730000.0,13,0,0,0,1,3,3,3,3,0,0,0,0,0,0,1,0,0,1,0,1,1,1,2300,8000,17,8,2,6,1,0,5,2,0,0,0,0,0,8,0,1,2,3,0,2,0,0,3,0,5,0,0,0,8,0,0
2022,Sudeste,3,São Paulo,SP,35,Taquaritinga,3553708,0,Ribeirão Preto,2,Jaboticabal,13,3,4,UNIESP S.A,16134,2009,FACULDADE DE TAQUARITINGA,FTGA,Fazenda Contendas,s/n,-,Zona Rural,15900000.0,11,0,0,1,1,2,3,1,1,1,0,0,1,0,0,1,0,1,0,1,1,1,1,22203,11213,12,11,9,2,0,0,3,6,2,2,0,2,8,1,0,0,5,2,0,3,0,1,9,0,2,0,0,0,11,0,0
2022,Sudeste,3,Minas Gerais,MG,31,Belo Horizonte,3106200,1,Metropolitana de Belo Horizonte,7,Belo Horizonte,30,3,5,ASSOCIACAO SANTO TOMAS DE AQUINO,16145,2015,INSTITUTO SANTO TOMÁS DE AQUINO,ISTA,Rua Itutinga,340,-,Minas Brasil,30535640.0,17,0,0,0,0,4,1,4,6,2,0,0,0,0,0,0,0,1,1,1,1,1,1,80,1225,37,37,9,28,1,0,1,15,20,0,0,0,4,33,0,2,2,6,9,3,6,9,21,2,6,0,0,8,36,1,0
2022,Sudeste,3,São Paulo,SP,35,Ilha Solteira,3520442,0,Araçatuba,3,Andradina,16,3,4,UNIESP S.A,16134,2039,FACULDADE CIDADE LUZ,FACILUZ,Alameda Bahia,490D,-,Centro,15385000.0,10,0,0,0,0,5,0,1,0,2,0,2,0,0,0,1,0,1,0,1,1,1,1,22023,11218,7,7,5,2,0,0,2,3,2,2,0,2,5,0,0,0,0,3,0,1,2,1,4,0,0,0,0,3,7,0,0
2022,Sudeste,3,Minas Gerais,MG,31,Manhuaçu,3139409,0,Zona da Mata,12,Manhuaçu,61,3,4,SOCIEDADE DE ENSINO SUPERIOR DE MANHUACU LTDA,1341,2040,FACULDADE DO FUTURO,FAF,Rua Duarte Peixoto,259,-,Coqueiro,36900371.0,156,1,2,4,8,16,5,36,24,0,0,18,22,14,6,0,0,1,1,1,1,1,0,3000,8200,69,64,35,29,0,0,23,27,14,11,2,9,53,0,2,12,18,17,10,2,3,0,44,2,10,1,0,7,64,0,0
2022,Sudeste,3,Minas Gerais,MG,31,Cataguases,3115300,0,Zona da Mata,12,Cataguases,66,3,5,INSTITUTO NACIONAL,16060,2041,FACULDADE SUDAMÉRICA,SUDAMÉRICA,Rua Ofélia Resende,101,-,Menezes,36773082.0,16,0,0,0,0,3,1,3,0,1,2,1,3,2,0,0,0,1,0,1,1,0,0,122,0,44,44,27,17,0,0,9,27,8,6,0,6,19,19,0,12,10,3,7,8,1,3,35,0,4,0,0,5,44,0,0
2022,Sudeste,3,São Paulo,SP,35,Tupã,3555000,0,Marília,9,Tupã,37,3,4,INSTITUICAO DOM BOSCO DE ENSINO E CULTURA LTDA,191,2056,FACULDADE DA ALTA PAULISTA,FAP,Rua Mandaguaris,1010,-,Centro,17600050.0,18,0,0,0,0,2,1,7,0,3,3,1,0,1,0,0,0,0,1,1,1,1,1,400,8000,90,83,52,31,0,0,21,48,14,7,0,7,43,33,8,17,18,15,8,6,3,8,71,0,4,5,1,2,83,0,1
2022,Sudeste,3,Rio de Janeiro,RJ,33,Rio de Janeiro,3304557,1,Metropolitana do Rio de Janeiro,6,Rio de Janeiro,18,3,5,CENTRO DE ESTUDOS PSICO PEDAGOGICOS PRO-SABER,1374,2091,INSTITUTO SUPERIOR DE EDUCAÇÃO PRÓ-SABER,ISEPS,Rua Largo dos Leões,70,Parte,Humaitá,22260210.0,8,0,0,0,0,0,0,3,1,2,0,2,0,0,0,0,0,0,1,1,1,0,1,22,32,21,17,15,2,0,0,8,6,3,5,0,5,4,8,0,1,2,3,3,3,1,4,14,2,0,0,0,1,17,0,0
2022,Sudeste,3,Minas Gerais,MG,31,Manhuaçu,3139409,0,Zona da Mata,12,Manhuaçu,61,3,5,INSTITUTO ENSINAR BRASIL,218,2096,FACULDADE DOCTUM DE MANHUAÇU - DOCTUM,FCM,Avenida Getúlio Vargas,700,4º andar,Bairro Coqueiro,36900000.0,14,0,0,1,0,5,3,2,1,0,1,0,0,0,1,0,0,0,1,0,1,0,0,10,9000,38,38,12,26,0,0,2,19,17,0,0,0,38,0,1,2,5,12,7,1,4,6,21,3,8,0,0,6,38,0,0
2022,Sudeste,3,São Paulo,SP,35,Indaiatuba,3520509,0,Campinas,7,Campinas,32,2,4,INSTITUTO DE ENSINO SUPERIOR DE INDAIATUBA LTDA,1399,2123,CENTRO UNIVERSITÁRIO MAX PLANCK,UniMAX,Avenida Nove de Dezembro,460,-,Jardim Pedroso,13343060.0,107,0,2,3,2,31,26,24,10,8,0,0,0,1,0,0,0,1,1,1,1,0,1,7000,10000,349,349,196,153,0,0,138,135,76,35,0,35,73,241,15,56,59,73,51,36,27,32,250,0,6,2,0,91,348,1,1
2022,Sudeste,3,Minas Gerais,MG,31,São Sebastião do Paraíso,3164704,0,Sul/Sudoeste de Minas,10,São Sebastião do Paraíso,48,3,4,MARCIO CALAFIORI RESENDE EIRELI - EPP,1400,2124,FACULDADE CALAFIORI,CALAFIORI,Avenida José Pio de Oliveira,10,-,Cidade Jardim Industrial,37950000.0,7,0,0,0,0,0,0,3,1,2,1,0,0,0,0,0,0,1,1,1,1,1,1,300,10000,62,43,22,21,0,0,11,18,14,9,0,9,11,23,8,11,7,8,2,2,2,3,32,0,5,0,0,6,43,0,0
2022,Sudeste,3,Rio de Janeiro,RJ,33,Rio de Janeiro,3304557,1,Metropolitana do Rio de Janeiro,6,Rio de Janeiro,18,3,5,FUNDACAO GETULIO VARGAS,110,2126,ESCOLA DE DIREITO DO RIO DE JANEIRO,DIREITO RIO,Praia de Botafogo,190,13º  Andar,Botafogo,22250900.0,50,0,0,0,0,6,2,13,3,14,4,6,2,0,0,1,0,1,1,1,1,1,1,20931,269,47,47,14,33,0,0,0,0,47,25,0,25,22,0,0,2,7,17,10,6,2,3,44,2,1,0,0,0,45,2,0
2022,Sudeste,3,São Paulo,SP,35,São Paulo,3550308,1,Metropolitana de São Paulo,15,São Paulo,61,3,5,FUNDACAO GETULIO VARGAS,110,2128,Escola de Direito de São Paulo - FGV DIREITO SP,FGV DIREITO SP,Avenida Nove de Julho,2029,"Rua Rocha 220, 233, 245 e 247, Avenida Paulista 548 e Rua Itapeva 286 - 10º Andar",Bela Vista,1313902.0,63,0,0,0,0,1,0,13,10,18,2,8,2,6,3,1,0,1,1,1,1,1,1,265,20286,81,81,39,42,0,0,0,3,78,33,15,18,48,0,0,5,16,17,16,10,9,8,62,2,0,2,0,15,80,1,0
2022,Sudeste,3,São Paulo,SP,35,São Paulo,3550308,1,Metropolitana de São Paulo,15,São Paulo,61,3,5,FUNDACAO GETULIO VARGAS,110,2129,ESCOLA DE ECONOMIA DE SÃO PAULO,EESP,Rua Itapeva,474,13º andar,Bela Vista,1332000.0,26,0,0,0,0,0,0,9,1,12,2,2,0,0,0,1,0,1,1,1,1,1,1,265,20286,66,65,11,54,0,0,0,0,65,46,43,3,11,8,0,6,8,13,16,6,8,8,36,0,1,1,0,27,61,4,2
2022,Sudeste,3,São Paulo,SP,35,São Bernardo do Campo,3548708,0,Metropolitana de São Paulo,15,São Paulo,61,3,4,UNIESP S.A,16134,2131,FACULDADE DE SÃO BERNARDO DO CAMPO,FAPAN,Rua Marechal Deodoro,1928,-,Centro,9710201.0,9,1,0,2,0,0,0,4,0,0,0,1,0,1,0,1,0,1,0,1,1,1,1,22203,11213,7,7,2,5,0,0,0,5,2,2,0,2,2,3,0,0,0,0,0,3,1,3,5,2,0,0,0,0,7,0,0
2022,Sudeste,3,Minas Gerais,MG,31,Belo Horizonte,3106200,1,Metropolitana de Belo Horizonte,7,Belo Horizonte,30,3,4,SEIM - SOCIEDADE EDUCACIONAL IRMAOS MUNIZ LTDA,17160,2145,FACULDADE PROMOVE DE TECNOLOGIA,FPTEC,Rua dos Timbiras,1.532,14° andar,Lourdes,30140061.0,136,7,6,8,3,46,28,17,14,3,1,2,0,0,1,1,0,1,1,1,1,1,1,108273,14000,24,24,8,16,0,0,1,11,12,16,0,16,8,0,0,0,2,8,3,2,4,5,18,0,4,0,0,2,24,0,0
2022,Sudeste,3,Rio de Janeiro,RJ,33,São Gonçalo,3304904,0,Metropolitana do Rio de Janeiro,6,Rio de Janeiro,18,3,4,INSTITUTO CULTURAL BRASIL E E U U LTDA - ME,1418,2154,INSTITUTO SUPERIOR DE CIÊNCIAS HUMANAS E SOCIAIS ANÍSIO TEIXEIRA,ISAT,Rua Dr. Francisco Portela,2.772,-,Zé Garoto,24435000.0,3,0,0,0,0,0,0,2,0,1,0,0,0,0,0,0,0,0,0,0,1,1,1,0,0,20,20,16,4,0,0,2,11,7,1,1,0,0,19,0,1,2,6,2,4,1,4,10,0,3,0,0,7,20,0,0
2022,Sudeste,3,Minas Gerais,MG,31,Belo Horizonte,3106200,1,Metropolitana de Belo Horizonte,7,Belo Horizonte,30,3,4,ASSUPERO ENSINO SUPERIOR LTDA.,2415,2171,INSTITUTO BELO HORIZONTE DE ENSINO SUPERIOR,IBHES,Rua Padre Pedro Pinto,1388 / 1410,Venda Nova III,Venda Nova,31615310.0,47,7,0,2,0,12,7,14,1,1,2,0,1,0,0,0,0,0,1,1,1,1,1,354,23000,15,15,6,9,0,0,8,7,0,0,0,0,8,7,0,0,0,5,3,3,3,1,9,0,1,0,0,5,15,0,0
2022,Sudeste,3,São Paulo,SP,35,Santo André,3547809,0,Metropolitana de São Paulo,15,São Paulo,61,2,5,FUNDACAO SANTO ANDRE,149,2183,CENTRO UNIVERSITÁRIO FUNDAÇÃO SANTO ANDRÉ,CUFSA,Avenida Príncipe de Gales,821,-,-,9060650.0,113,0,0,0,0,21,23,27,19,17,5,0,1,0,0,0,0,0,1,0,1,0,1,0,1209,207,201,77,124,0,0,21,99,81,38,0,38,21,142,3,16,21,21,30,25,35,50,175,3,15,2,0,6,199,2,1
2022,Sudeste,3,Minas Gerais,MG,31,Nova Porteirinha,3145059,0,Norte de Minas,2,Janaúba,4,3,4,ASSOCIACAO DE ENSINO VALE DO GORUTUBA S/S LTDA,1444,2200,FACULDADE VALE DO GORUTUBA,FAVAG,Avenida Tancredo  de Almeida Neves,302,-,Centro,39525000.0,27,1,1,1,2,5,0,6,2,6,1,1,0,1,0,0,0,0,1,1,1,1,1,0,10060,35,35,18,17,0,0,9,21,5,6,0,6,20,9,1,6,7,5,9,2,3,2,18,1,12,0,0,4,35,0,1
2022,Sudeste,3,São Paulo,SP,35,Tupi Paulista,3555109,0,Presidente Prudente,8,Dracena,34,3,5,CENTRO DE ENSINO SUPERIOR DE TUPI PAULISTA (CESTUPI),1449,2205,Faculdade REGES de Tupi Paulista,,Rua Arcebispo Lemieux,250,-,Centro,17930000.0,4,0,0,0,0,0,2,2,0,0,0,0,0,0,0,0,0,1,0,0,0,0,1,49,0,15,15,10,5,0,0,1,10,4,0,0,0,14,1,0,3,3,3,3,2,1,0,12,1,2,0,0,0,15,0,0
2022,Sudeste,3,Minas Gerais,MG,31,Juiz de Fora,3136702,0,Zona da Mata,12,Juiz de Fora,65,3,5,INSTITUTO ENSINAR BRASIL,218,2220,Faculdade Doctum de Juiz de Fora,DOCTUM,Estrada Dom Orione,s/n,-,Dom Bosco,36025660.0,42,0,0,0,1,14,16,5,2,1,2,1,0,0,0,0,0,0,1,0,1,0,0,10,9000,75,75,28,47,0,0,3,49,23,0,0,0,75,0,3,12,12,18,16,3,5,6,44,1,13,0,0,17,75,0,0
2022,Sudeste,3,Minas Gerais,MG,31,São Lourenço,3163706,0,Sul/Sudoeste de Minas,10,São Lourenço,54,3,4,FUNDACAO DE ENSINO E PESQUISA DO SUL DE MINAS,2124,2229,FACULDADE UNIS SÃO LOURENÇO,,Rua Dr. Olavo Gomes Pinto,290,Endereço SEDE,Centro,37470000.0,8,0,0,0,0,2,0,1,2,0,1,1,1,0,0,1,0,0,1,0,1,0,1,866,15774,34,34,13,21,0,0,12,13,9,2,0,2,18,14,1,4,7,8,5,3,3,3,23,0,0,0,0,11,34,0,0
2022,Sudeste,3,Minas Gerais,MG,31,Juiz de Fora,3136702,0,Zona da Mata,12,Juiz de Fora,65,2,4,ASSUPERO ENSINO SUPERIOR LTDA.,2415,2241,CENTRO UNIVERSITÁRIO DO SUDESTE MINEIRO,UNICSUM,Avenida Presidente Itamar Franco,3180,Presidente Itamar Franco,São Mateus,36025290.0,55,7,1,0,0,14,9,10,4,6,1,3,0,0,0,0,0,0,0,1,1,1,1,354,23000,91,85,58,27,0,0,23,50,12,16,0,16,1,68,0,11,26,22,8,5,10,3,72,1,8,1,0,3,85,0,0
2022,Sudeste,3,São Paulo,SP,35,Diadema,3513801,0,Metropolitana de São Paulo,15,São Paulo,61,3,5,UNIESP S.A,16134,2257,FACULDADE DIADEMA,FAD,Rua João Caetano de Souza,109,Sede,Centro,9910570.0,25,3,0,5,3,7,3,0,2,0,2,0,0,0,0,1,0,1,0,1,1,1,1,22203,11213,8,8,2,6,0,0,1,6,1,2,0,2,3,3,0,0,0,0,2,2,2,2,3,0,3,0,0,2,8,0,0
2022,Sudeste,3,Espírito Santo,ES,32,Guarapari,3202405,0,Central Espírito-santense,3,Guarapari,10,3,4,EDITORA E DISTRIBUIDORA EDUCACIONAL S/A,14514,2264,FACULDADE DE COMUNICAÇÃO ANHANGUERA UNIDADE GUARAPARI,,Rodovia Jones dos Santos Neves,1000,-,Lagoa Funda,29214005.0,95,0,0,0,0,9,9,37,8,16,4,5,5,0,2,0,0,1,1,1,1,1,1,60395,238009,29,29,14,15,0,0,0,1,28,2,0,2,26,1,0,0,6,4,3,5,2,9,20,2,7,0,0,0,29,0,0
2022,Sudeste,3,Minas Gerais,MG,31,Extrema,3125101,0,Sul/Sudoeste de Minas,10,Pouso Alegre,52,3,5,SOCIEDADE UNIFICADA DE EDUCACAO DE EXTREMA,1477,2270,FACULDADE DE CIÊNCIAS SOCIAIS APLICADAS DE EXTREMA,FAEX,Estrada Municipal Pedro Rosa da Silva,s/n,-,Vila Rica,37640000.0,73,5,3,1,0,25,10,13,6,4,4,0,2,0,0,1,0,1,1,1,1,1,1,562,15915,69,69,28,41,0,0,26,36,7,0,0,0,0,69,5,8,15,13,11,8,6,3,53,2,3,1,0,10,69,0,1
2022,Sudeste,3,Minas Gerais,MG,31,Ipatinga,3131307,0,Vale do Rio Doce,8,Ipatinga,39,3,4,ORME SERVICOS EDUCACIONAIS LTDA,3167,2271,FACULDADE ANHANGUERA DE IPATINGA,,Rua Jequitibá,401,Unidade SEDE,Horto,35160036.0,295,0,0,0,0,15,11,109,48,63,20,19,2,6,2,0,0,1,1,1,1,1,1,60395,238009,175,175,87,88,0,0,62,63,50,21,0,21,84,70,7,27,34,37,26,18,14,12,112,5,53,5,0,0,175,0,1
2022,Sudeste,3,Minas Gerais,MG,31,Montes Claros,3143302,0,Norte de Minas,2,Montes Claros,7,3,4,SOCIEDADE PADRAO DE EDUCACAO SUPERIOR LTDA,1040,2275,FACULDADE SANTO AGOSTINHO,FASA,Avenida Osmani Barbosa,937,UNIDADE SEDE,Conjunto Residencial JK,39404006.0,29,0,0,0,0,3,2,8,4,5,3,1,2,0,1,0,0,1,1,1,1,0,1,18391,11068,61,61,33,28,0,0,8,40,13,3,1,2,29,29,1,9,20,16,6,4,2,3,30,2,27,0,0,2,61,0,0
2022,Sudeste,3,São Paulo,SP,35,Campinas,3509502,0,Campinas,7,Campinas,32,2,4,IBMEC EDUCACIONAL LTDA.,1223,2279,Centro Universitário Metrocamp Wyden,UniMetrocamp Wyden,Rua Doutor Sales de Oliveira,1661,-,Vila Industrial,13035270.0,178,3,0,8,0,13,9,24,9,16,16,31,27,14,8,0,0,1,1,1,1,0,1,36000,25981,101,101,56,45,0,0,1,43,57,21,0,21,50,30,0,15,28,24,12,9,7,6,30,1,12,1,0,57,101,0,2
2022,Sudeste,3,São Paulo,SP,35,Araçatuba,3502804,0,Araçatuba,3,Araçatuba,17,3,5,UNIAO CULTURAL E EDUCACIONAL DE ANGELES,1488,2289,FACULDADE UNIÃO CULTURAL DO ESTADO DE SÃO PAULO,UCESP,Estrada Municipal Caram Rezek,Km 1.35,- lado ímpar,Chácaras Sossego,16078035.0,9,0,0,1,0,2,0,5,1,0,0,0,0,0,0,1,0,1,1,1,1,1,1,195,1040,12,12,4,8,0,0,3,7,2,1,0,1,11,0,0,1,6,0,1,0,2,2,9,1,0,1,0,1,11,1,0
2022,Sudeste,3,Minas Gerais,MG,31,Belo Horizonte,3106200,1,Metropolitana de Belo Horizonte,7,Belo Horizonte,30,3,4,SEIM - SOCIEDADE EDUCACIONAL IRMAOS MUNIZ LTDA,17160,2311,FACULDADE KENNEDY DE MINAS GERAIS - FKMG,FKMG,Rua José Dias Vieira,46,-,Visconde do Rio Branco,31535040.0,136,7,6,8,3,46,28,17,14,3,1,2,0,0,1,1,0,1,1,1,1,1,1,108273,14000,20,20,11,9,0,0,1,10,9,12,0,12,8,0,1,1,6,8,3,0,0,1,10,1,2,0,0,7,20,0,0
2022,Sudeste,3,Espírito Santo,ES,32,Vila Velha,3205200,0,Central Espírito-santense,3,Vitória,9,3,4,"INSTITUICAO SUPERIOR DE ENSINO, PESQUISA E EXTENSAO LTDA",17056,2320,INSTITUTO SUPERIOR DE EDUCAÇÃO ATENEU,ISEAT,Rua Professor Annor Silva,106,CAMPUS  - VILA VELHA - COQUEIRAL DE ITAPARICA,Coqueiral de Itaparica,29102160.0,5,0,0,0,0,2,1,0,0,1,0,1,0,0,0,0,0,1,0,1,1,1,0,0,8000,7,5,1,4,0,0,0,4,1,0,0,0,5,0,0,0,1,0,1,1,2,0,3,1,1,0,0,0,5,0,0
2022,Sudeste,3,São Paulo,SP,35,Botucatu,3507506,0,Bauru,4,Botucatu,23,3,5,INSTITUICAO TOLEDO DE ENSINO,700,2328,FACULDADE ITEANA DE BOTUCATU,FITB,Avenida Alcides Cagliari,2.601,-,Jardim Evelyn,18606855.0,22,0,0,3,2,3,4,2,0,0,1,0,2,1,4,1,0,1,1,1,1,1,1,294,5948,52,50,15,35,0,0,8,29,13,3,0,3,14,33,1,1,8,14,12,7,2,5,50,0,0,0,0,0,50,0,0
2022,Sudeste,3,Rio de Janeiro,RJ,33,Rio das Ostras,3304524,0,Baixadas,4,Bacia de São João,9,3,5,CAMPANHA NACIONAL DE ESCOLAS DA COMUNIDADE,407,2334,FACULDADE CNEC RIO DAS OSTRAS,,Rua Renascer da Terceira Idade,s/n,-,Jardim Campomar,28890386.0,16,2,1,0,0,3,2,4,2,0,1,0,1,0,0,1,0,0,1,1,1,0,1,70,160000,30,27,13,14,0,0,9,17,1,3,0,3,10,14,2,7,3,7,5,3,0,0,17,0,7,0,0,3,27,0,0
2022,Sudeste,3,Espírito Santo,ES,32,Cariacica,3201308,0,Central Espírito-santense,3,Vitória,9,3,5,ASS. DE ENSINO INTEGRADO E ORGANIZADO UNIVERSITARIO,829,2351,FACULDADE ESPÍRITO SANTENSE DE CIÊNCIAS JURÍDICAS,PIO XII - DIR,Rua Bolívar de Abreu,48,-,Campo Grande,29146330.0,78,1,1,2,2,2,1,3,2,12,22,9,15,1,5,0,0,1,1,1,1,1,1,0,1840,8,5,2,3,0,0,3,2,0,0,0,0,0,5,0,0,1,1,1,2,0,0,4,0,0,0,0,1,5,0,0
2022,Sudeste,3,São Paulo,SP,35,Matão,3529302,0,Araraquara,5,Araraquara,24,3,4,ANHANGUERA EDUCACIONAL PARTICIPACOES S/A,16452,2355,FACULDADE ANHANGUERA DE MATÃO,,Via Augusto Bambozzi,100,-,Boa Vista,15993200.0,2,0,0,0,0,0,0,0,0,0,0,1,1,0,0,0,0,1,1,1,1,1,1,60395,238009,37,37,18,19,0,0,5,6,26,2,0,2,29,6,2,3,7,5,4,4,2,10,28,2,7,0,0,0,37,0,0
2022,Sudeste,3,São Paulo,SP,35,Campinas,3509502,0,Campinas,7,Campinas,32,3,4,SOCIEDADE REGIONAL DE ENSINO E SAUDE S/S LTDA,1547,2368,FACULDADE SÃO LEOPOLDO MANDIC,,Rua José Rocha Junqueira,13,-,Ponte Preta,13045755.0,299,1,4,3,5,99,53,65,35,18,13,1,0,1,1,1,0,1,1,1,1,1,1,8000,14095,196,196,93,103,0,0,4,30,162,81,0,81,92,23,1,7,15,39,57,24,16,37,179,0,3,2,1,11,196,0,0
2022,Sudeste,3,São Paulo,SP,35,Mogi das Cruzes,3530607,0,Metropolitana de São Paulo,15,Mogi das Cruzes,62,3,5,ASSOCIACAO CULTURAL PAULO VI,1557,2389,FACULDADE DE FILOSOFIA E TEOLOGIA PAULO VI,FFTP,Rodovia Pedro Eroles,S/N,km 42,Itapety,,6,0,0,0,0,2,1,1,2,0,0,0,0,0,0,0,0,0,1,1,0,1,1,0,0,29,27,3,24,0,0,2,17,8,6,6,0,11,10,1,2,4,3,3,3,4,7,20,0,5,0,0,2,26,1,0
2022,Sudeste,3,Espírito Santo,ES,32,Vitória,3205309,1,Central Espírito-santense,3,Vitória,9,3,4,FUCAPE PESQUISA E ENSINO S/A,17008,2397,FACULDADE FUCAPE,FUCAPE,Avenida Fernando Ferrari,1358,-,Boa Vista,29075010.0,69,0,0,0,0,16,11,26,5,3,2,3,3,0,0,1,0,1,1,1,1,0,1,5106,7349,42,42,11,31,0,0,0,11,31,32,29,3,5,5,3,5,7,10,3,6,7,1,33,0,8,0,0,1,42,0,0
2022,Sudeste,3,São Paulo,SP,35,Santos,3548500,0,Metropolitana de São Paulo,15,Santos,63,3,4,"ESACOM - ESCOLA SUPERIOR DE ADMINISTRACAO, COMUNICACAO E MARKETING S/C LTDA",1567,2408,FACULDADE ESAMC SANTOS,ESAMC,Rua Dr. Egydio Martins,181,-,Ponta da Praia,11030161.0,44,0,0,1,1,20,17,1,1,2,1,0,0,0,0,0,0,0,0,1,1,0,1,455,6138,138,137,40,97,0,2,70,48,17,0,0,0,137,0,4,6,21,23,29,21,15,18,124,1,8,1,0,3,137,0,0
2022,Sudeste,3,Minas Gerais,MG,31,Campos Gerais,3111606,0,Sul/Sudoeste de Minas,10,Varginha,50,3,4,CENTRO EDUCACIONAL DYLLA LTDA,1580,2428,FACULDADE DE CIÊNCIAS E TECNOLOGIAS DE CAMPOS GERAIS,FACICA,Rua Santa Terezinha,389,casa,Centro,37160000.0,10,0,0,0,0,3,0,3,3,1,0,0,0,0,0,1,0,1,1,1,1,1,1,1000,20000,37,37,21,16,0,0,2,23,12,15,7,8,19,3,1,13,5,6,6,2,0,4,19,1,5,0,0,12,36,1,0
2022,Sudeste,3,Minas Gerais,MG,31,João Pinheiro,3136306,0,Noroeste de Minas,1,Paracatu,2,3,5,ASSOCIACAO EDUCACIONAL DE JOAO PINHEIRO,1590,2440,FACULDADE CIDADE DE JOÃO PINHEIRO,FCJP,Avenida Zico Dornelas,380,-,Santa Cruz II,38770000.0,44,0,3,2,3,8,3,8,3,5,2,2,3,2,0,0,0,1,1,1,1,0,1,412,10000,57,33,15,18,0,0,13,15,5,11,1,10,21,1,3,6,9,6,3,4,0,2,17,1,14,1,0,0,33,0,1
2022,Sudeste,3,Espírito Santo,ES,32,Cariacica,3201308,0,Central Espírito-santense,3,Vitória,9,3,5,ASS. DE ENSINO INTEGRADO E ORGANIZADO UNIVERSITARIO,829,2442,FACULDADE DE CIÊNCIAS BIOMÉDICAS DO ESPÍRITO SANTO,PIO XII - BIO,Rua Bolívar de Abreu,48,-,Campo Grande,29146330.0,78,1,1,2,2,2,1,3,2,12,22,9,15,1,5,0,0,1,1,1,1,1,1,0,1840,9,7,1,6,0,0,0,5,2,0,0,0,0,7,0,0,1,2,1,0,2,1,6,0,1,0,0,0,7,0,0
2022,Sudeste,3,Minas Gerais,MG,31,Janaúba,3135100,0,Norte de Minas,2,Janaúba,4,3,4,SOCIEDADE NORTE MINEIRA DE ENSINO E COMUNICACAO LTDA,17161,2443,FACULDADE FUNORTE DE JANAÚBA,,Rua Pio XII,100,-,Centro,39448503.0,28,2,4,0,3,5,5,5,1,1,1,0,1,0,0,0,0,1,1,1,1,1,1,279,6230,23,23,7,16,0,0,1,8,14,7,0,7,16,0,0,2,6,5,6,2,1,1,8,3,8,0,0,4,22,1,0
2022,Sudeste,3,Minas Gerais,MG,31,Belo Horizonte,3106200,1,Metropolitana de Belo Horizonte,7,Belo Horizonte,30,3,4,SEIM - SOCIEDADE EDUCACIONAL IRMAOS MUNIZ LTDA,17160,2450,FACULDADE PROMOVE DE BELO HORIZONTE,PROMOVE,Rua Sarzedo,31,UNIDADE PRADO 2,Prado,30411034.0,136,7,6,8,3,46,28,17,14,3,1,2,0,0,1,1,0,0,1,1,1,1,1,108273,14000,54,53,30,23,0,0,10,19,24,22,0,22,31,0,1,3,10,13,10,5,5,6,34,2,6,0,0,11,53,0,0
2022,Sudeste,3,São Paulo,SP,35,São Paulo,3550308,1,Metropolitana de São Paulo,15,São Paulo,61,3,4,IBMEC EDUCACIONAL LTDA.,1223,2465,FACULDADE IBMEC SÃO PAULO,IBMEC SP,Alameda Santos,2356,Campus Paulista,Cerqueira César,1418200.0,129,4,0,0,1,10,7,13,17,7,5,4,22,9,30,0,0,1,1,0,1,0,1,36000,25981,50,50,12,38,0,0,0,7,43,18,0,18,21,11,0,6,10,16,7,6,2,3,21,0,4,0,0,25,49,1,0
2022,Sudeste,3,Rio de Janeiro,RJ,33,Petrópolis,3303906,0,Metropolitana do Rio de Janeiro,6,Serrana,15,3,5,CASA DE NOSSA SENHORA DA PAZ ACAO SOCIAL FRANCISCANA,442,2468,INSTITUTO TEOLÓGICO FRANCISCANO,ITF,Rua Coronel Veiga,550,-,Centro,25655151.0,19,0,1,0,0,1,7,3,4,2,1,0,0,0,0,1,0,1,0,1,1,1,1,7125,12618,16,16,0,16,0,0,1,4,11,0,0,0,2,14,0,0,1,2,1,0,2,10,14,1,0,0,0,1,16,0,0
2022,Sudeste,3,Minas Gerais,MG,31,Mariana,3140001,0,Metropolitana de Belo Horizonte,7,Ouro Preto,33,3,5,FUNDACAO MARIANENSE DE EDUCACAO,1615,2475,FACULDADE DOM LUCIANO MENDES,FDLM,Avenida Geraldo Gonçalves da Cunha,21,-,São José,35426094.0,5,0,0,0,0,1,0,1,1,1,0,1,0,0,0,0,0,0,0,0,1,0,1,1,0,10,9,1,8,0,0,2,4,3,2,1,1,4,3,0,0,5,1,2,0,1,0,2,1,3,0,1,2,9,0,0
2022,Sudeste,3,São Paulo,SP,35,Pindamonhangaba,3538006,0,Vale do Paraíba Paulista,13,São José dos Campos,50,2,5,FUNDACAO UNIVERSITARIA VIDA CRISTA,3450,2494,Centro Universitário FUNVIC,UNIFUNVIC,ESTRADA RADIALISTA PERCY LACERDA,1.000,KM 99 SP - RJ,PINHÃO DO BORDA,12412825.0,46,0,0,0,0,12,5,8,11,4,4,0,2,0,0,1,0,1,1,1,1,1,1,1000,15000,84,76,40,36,0,0,11,45,20,17,9,8,42,17,1,7,6,10,25,13,5,9,67,1,7,0,0,1,76,0,0
2022,Sudeste,3,Espírito Santo,ES,32,Guarapari,3202405,0,Central Espírito-santense,3,Guarapari,10,3,4,EDITORA E DISTRIBUIDORA EDUCACIONAL S/A,14514,2511,FACULDADE DE DIREITO ANHANGUERA UNIDADE GUARAPARI,,Avenida Governador Jones dos Santos Neves,1000,-,Lagoa Funda,29214005.0,95,0,0,0,0,9,9,37,8,16,4,5,5,0,2,0,0,1,1,1,1,1,1,60395,238009,37,37,17,20,0,0,4,7,26,2,0,2,32,3,0,3,7,5,5,6,2,9,25,3,9,0,0,0,37,0,1
2022,Sudeste,3,Espírito Santo,ES,32,Cariacica,3201308,0,Central Espírito-santense,3,Vitória,9,3,4,"MULTIVIX CARIACICA - ENSINO, PESQUISA E EXTENSAO LTDA",1654,2537,Faculdade Multivix Cariacica,MULTIVIX CARIAC,Rua 13 de Maio,40,-,São Geraldo,29146672.0,35,0,0,0,0,16,6,11,0,1,1,0,0,0,0,0,0,1,1,1,1,0,0,5000,23000,56,56,31,25,0,0,14,32,10,14,0,14,35,7,6,19,13,8,4,4,1,1,27,1,20,1,0,7,56,0,0
2022,Sudeste,3,Espírito Santo,ES,32,Venda Nova do Imigrante,3205069,0,Central Espírito-santense,3,Afonso Cláudio,7,3,4,INSTITUTO DE EDUCACAO SECULO XXI LTDA,1655,2538,FACULDADE VENDA NOVA DO IMIGRANTE,FAVENI,Avenida  Ângelo Altoé,888,-,santa Cruz,29375000.0,12,0,0,0,0,4,0,2,2,3,1,0,0,0,0,0,0,0,1,0,1,1,0,100,17150,56,49,23,26,0,0,23,20,6,7,3,4,36,6,4,10,12,11,5,4,1,2,38,2,8,0,0,1,49,0,0
2022,Sudeste,3,São Paulo,SP,35,São Paulo,3550308,1,Metropolitana de São Paulo,15,São Paulo,61,2,5,FACULDADES METROPOLITANAS UNIDAS EDUCACIONAIS LTDA.,262,2556,FIAM-FAAM - CENTRO UNIVERSITÁRIO,UNIFIAM-FAAM,Avenida Morumbi,501,FIAM-FAAM - Morumbi - Reitoria (Sede),Morumbi,5606010.0,37,0,0,0,0,10,7,6,6,2,3,1,0,0,2,1,0,1,1,1,1,0,1,29317,27917,162,162,74,88,0,0,19,104,39,41,0,41,39,82,1,8,30,28,29,27,16,23,103,2,10,3,0,44,160,2,0
2022,Sudeste,3,Rio de Janeiro,RJ,33,Belford Roxo,3300456,0,Metropolitana do Rio de Janeiro,6,Rio de Janeiro,18,2,5,ASSOCIACAO BRASILEIRA DE ENSINO UNIVERSITARIO ABEU,323,2565,ABEU - CENTRO UNIVERSITÁRIO,UNIABEU,Rua Itaiara,301,-,Centro,26113400.0,73,0,0,0,0,23,14,19,6,2,1,4,1,2,1,0,0,0,1,0,1,0,1,20,15656,172,172,72,100,0,0,38,89,45,51,0,51,112,9,5,22,38,36,26,16,12,17,84,9,29,0,0,50,171,1,1
2022,Sudeste,3,Espírito Santo,ES,32,Vitória,3205309,1,Central Espírito-santense,3,Vitória,9,3,4,JAPANN SERVICOS EDUCACIONAIS LTDA,1669,2569,FACULDADE DE TECNOLOGIA FAESA,CET-FAESA,Rua Anselmo Serrat,199,-,Monte Belo,29053250.0,8,0,0,0,0,0,0,2,2,1,2,0,1,0,0,0,0,1,1,1,1,1,1,102,19836,5,5,0,5,0,0,0,5,0,0,0,0,5,0,0,0,1,1,3,0,0,0,2,0,3,0,0,0,5,0,0
2022,Sudeste,3,Rio de Janeiro,RJ,33,Itaperuna,3302205,0,Noroeste Fluminense,1,Itaperuna,1,2,4,SOCIEDADE UNIVERSITARIA REDENTOR S.A.,1671,2571,CENTRO UNIVERSITÁRIO REDENTOR,FACREDENTOR,Avenida Presidente Dutra,1155,CAMPUS - ITAPERUNA - CIDADE NOVA,Cidade Nova,28300000.0,154,0,0,2,9,43,35,14,15,13,7,7,5,3,1,0,0,1,1,1,1,0,1,18780,25601,163,156,76,80,0,0,78,58,20,24,0,24,132,0,6,25,38,42,21,15,4,5,86,1,55,0,0,14,156,0,2
2022,Sudeste,3,São Paulo,SP,35,Barretos,3505500,0,Ribeirão Preto,2,Barretos,9,3,5,ASSOCIACAO CULTURAL E EDUCACIONAL DE BARRETOS - ACEB,94,2575,FACULDADES INTEGRADAS SOARES DE OLIVEIRA,FISO,Avenida Vinte e Nove,783,Térreo,Centro,14780070.0,2,0,0,0,0,0,0,1,1,0,0,0,0,0,0,1,0,1,1,1,1,1,1,100,300,15,14,6,8,0,0,8,4,2,3,0,3,5,6,0,2,3,4,1,1,0,3,11,0,2,0,0,1,14,0,0
2022,Sudeste,3,Espírito Santo,ES,32,Guarapari,3202405,0,Central Espírito-santense,3,Guarapari,10,3,4,EDITORA E DISTRIBUIDORA EDUCACIONAL S/A,14514,2576,FACULDADE ANHANGUERA UNIDADE GUARAPARI,,Rodovia Jones dos Santos Neves,1000,-,Lagoa Funda,29214005.0,95,0,0,0,0,9,9,37,8,16,4,5,5,0,2,0,0,1,1,1,1,1,1,60395,238009,85,85,40,45,0,0,18,25,42,16,0,16,52,17,5,16,15,19,9,8,3,10,53,5,24,2,1,0,85,0,1
2022,Sudeste,3,Minas Gerais,MG,31,Paracatu,3147006,0,Noroeste de Minas,1,Paracatu,2,2,4,CENTRO EDUCACIONAL HYARTE-ML LTDA,1675,2579,CENTRO UNIVERSITÁRIO ATENAS,UniAtenas,Rua Euridamas Avelino de Barros,1.400,-,Prado,38602002.0,236,6,23,3,22,54,45,4,19,28,6,17,6,0,3,1,0,1,1,1,1,1,1,5002,2800,105,102,57,45,0,0,23,57,22,34,2,32,68,0,10,27,19,11,10,8,10,7,52,6,23,4,1,16,102,0,1
2022,Sudeste,3,Rio de Janeiro,RJ,33,Rio de Janeiro,3304557,1,Metropolitana do Rio de Janeiro,6,Rio de Janeiro,18,3,5,FUNDACAO GETULIO VARGAS,110,2591,EPGE Escola Brasileira de Economia e Finanças,FGV EPGE,Praia de Botafogo,190,- até 284 - lado par,Botafogo,22250145.0,14,0,0,0,0,0,2,5,6,0,0,1,0,0,0,1,0,1,1,1,1,1,1,20931,269,61,61,14,47,0,0,0,0,61,45,0,45,16,0,1,8,6,9,11,8,6,12,51,0,1,0,0,9,54,7,0
2022,Sudeste,3,Rio de Janeiro,RJ,33,Santo Antônio de Pádua,3304706,0,Noroeste Fluminense,1,Santo Antônio de Pádua,2,3,4,SOCIEDADE EDUCACIONAL DESEMBARGADOR PLINIO PINTO COELHO LTDA,1698,2616,FACULDADE SANTO ANTÔNIO DE PÁDUA,FASAP,Rua Deomar Jaegger,s/n°,-,Alequicis,28470000.0,11,0,0,0,0,2,4,3,0,2,0,0,0,0,0,0,0,1,0,1,1,0,1,498,10000,41,31,17,14,0,0,3,23,5,3,0,3,18,10,1,3,8,12,1,4,1,1,23,0,0,0,0,8,31,0,0
2022,Sudeste,3,Rio de Janeiro,RJ,33,Rio de Janeiro,3304557,1,Metropolitana do Rio de Janeiro,6,Rio de Janeiro,18,3,5,MOSTEIRO DE SAO BENTO DO RIO DE JANEIRO,1699,2617,FACULDADE SÃO BENTO DO RIO DE JANEIRO,FSB/RJ,Rua Dom Gerardo,68,-,Centro,20090030.0,6,0,0,0,0,0,1,4,0,1,0,0,0,0,0,0,0,0,0,0,1,1,1,0,0,18,17,3,14,0,0,3,4,10,5,5,0,1,11,0,1,2,1,2,2,5,4,16,0,1,0,0,0,17,0,0
2022,Sudeste,3,São Paulo,SP,35,São José dos Campos,3549904,0,Vale do Paraíba Paulista,13,São José dos Campos,50,2,4,APRIMORAR EDUCACIONAL LTDA,17384,2625,CENTRO UNIVERSITÁRIO UFBRA,UFBRA,Rua Dolzani Ricardo,335,SEDE,Centro,12210110.0,7,0,0,0,0,2,1,1,1,1,1,0,0,0,0,1,0,1,0,0,1,0,0,500,14365,19,9,3,6,0,0,3,3,3,9,4,5,0,0,0,3,3,2,0,0,1,0,7,0,1,0,0,1,9,0,0
2022,Sudeste,3,Minas Gerais,MG,31,Ponte Nova,3152105,0,Zona da Mata,12,Ponte Nova,60,3,4,SESP SOCIEDADE EDUCACIONAL SUPERIOR DE PONTE NOVA LTDA,1711,2636,FACULDADE DINÂMICA DO VALE DO PIRANGA,FADIP,Rua G,205,Quadra E,Paraíso,35430302.0,56,1,0,3,1,25,7,13,3,1,2,0,0,0,0,1,0,1,1,1,1,1,1,92,4590,105,105,56,49,0,0,26,50,29,19,0,19,62,24,3,20,26,26,12,8,6,4,25,3,6,0,1,70,105,0,0
2022,Sudeste,3,Espírito Santo,ES,32,Vitória,3205309,1,Central Espírito-santense,3,Vitória,9,3,5,CEE-CENTRO DE ESTUDOS ESPECIALIZADOS,1724,2652,FACULDADE UNIDA DE VITÓRIA,FACULDADE UNIDA,Rua Engenheiro Fábio Ruschi,161,-,Bento Ferreira,29050670.0,13,0,0,0,0,2,0,3,2,2,2,2,0,0,0,1,0,0,1,1,1,1,1,39,15801,14,14,2,12,0,0,0,2,12,11,1,10,3,0,0,0,1,3,0,3,2,5,11,0,2,0,0,1,13,1,0
2022,Sudeste,3,São Paulo,SP,35,Jacareí,3524402,0,Vale do Paraíba Paulista,13,São José dos Campos,50,3,4,IADEB-MODULO DE EDUCACAO AVANCADA LTDA,16396,2688,FACULDADE INESP - INSTITUTO NACIONAL DE ENSINO E PESQUISA,INESP,Rua Santa Rosa,168,-,Centro,12308390.0,3,0,0,0,0,0,0,2,0,0,0,1,0,0,0,1,0,1,1,1,1,1,1,25,6500,19,18,7,11,0,0,3,12,3,2,0,2,16,0,0,1,1,4,2,2,5,3,15,1,1,1,0,0,18,0,0
2022,Sudeste,3,Minas Gerais,MG,31,Contagem,3118601,0,Metropolitana de Belo Horizonte,7,Belo Horizonte,30,3,5,SERVICO NACIONAL DE APRENDIZAGEM COMERCIAL - SENAC MINAS,1756,2703,FACULDADE SENAC MINAS,FSM,Rua das Paineiras,1300,-,Jardim Eldorado,32310400.0,46,1,0,0,0,16,5,9,4,7,1,1,2,0,0,0,0,1,1,0,1,0,1,5766,12290,17,17,7,10,0,0,1,15,1,1,0,1,13,3,1,0,3,2,1,4,2,4,8,0,9,0,0,0,17,0,0
2022,Sudeste,3,São Paulo,SP,35,São José dos Campos,3549904,0,Vale do Paraíba Paulista,13,São José dos Campos,50,3,4,CETEC EDUCACIONAL S.A.,3082,2726,FACULDADE BILAC DE SÃO JOSÉ DOS CAMPOS,BILAC,Rua Francisco Paes,89,-,Centro,12210100.0,5,0,0,0,0,1,2,1,0,1,0,0,0,0,0,0,0,1,0,1,1,1,1,0,0,7,3,2,1,0,0,0,0,3,0,0,0,3,0,0,0,1,2,0,0,0,0,1,0,2,0,0,0,3,0,0
2022,Sudeste,3,São Paulo,SP,35,São Paulo,3550308,1,Metropolitana de São Paulo,15,São Paulo,61,3,5,ASSOCIACAO UNIVERSITARIA INTERAMERICANA,1785,2744,INSTITUTO SUPERIOR DE EDUCAÇÃO VERA CRUZ,ISE VERA CRUZ,Rua Baumann,73,-,Vila Leopoldina,5318000.0,7,0,0,0,0,1,1,2,0,2,0,1,0,0,0,0,0,1,0,1,1,0,1,0,0,19,19,14,5,0,0,3,10,6,1,1,0,3,15,0,1,0,0,6,3,6,3,15,2,1,0,0,1,19,0,1
2022,Sudeste,3,Minas Gerais,MG,31,São Gotardo,3162104,0,Triângulo Mineiro/Alto Paranaíba,5,Patos de Minas,20,3,4,CENTRO DE ENSINO SUPERIOR DE SAO GOTARDO LTDA - EPP,1318,2763,FACULDADE DE CIÊNCIAS GERENCIAIS DE SÃO GOTARDO,CESG,Avenida Francisco Resende Filho,35,-,Boa Esperança,38800000.0,10,0,0,0,0,1,1,0,3,1,1,2,0,1,0,0,0,0,1,1,1,1,1,0,0,37,37,15,22,0,0,2,21,14,8,1,7,21,8,1,6,5,12,5,3,0,5,33,1,2,0,0,1,37,0,1
2022,Sudeste,3,São Paulo,SP,35,Bebedouro,3506102,0,Ribeirão Preto,2,Jaboticabal,13,2,5,ASSOCIACAO DE EDUCACAO E CULTURA DO NORTE PAULISTA,96,2774,Centro Universitário UNIFAFIBE,FAFIBE,Rua Professor Orlando França de Carvalho,110/325 / 326,-,Centro,14701070.0,69,0,0,0,0,22,6,10,8,13,3,4,1,0,2,0,0,1,1,0,1,1,0,65,13388,165,160,64,96,0,0,24,84,52,26,0,26,58,76,11,29,41,35,21,9,11,3,145,1,5,3,0,6,160,0,0
2022,Sudeste,3,São Paulo,SP,35,São Paulo,3550308,1,Metropolitana de São Paulo,15,São Paulo,61,3,5,IGREJA EVANGELICA ASSEMBLEIA DE DEUS EM SAO PAULO,1827,2806,FACULDADE EVANGÉLICA DE SÃO PAULO,,Avenida Celso Garcia,2.210,-,Belenzinho,3014000.0,7,0,0,0,0,2,0,0,3,2,0,0,0,0,0,0,0,0,0,1,1,1,0,65,84,15,14,4,10,0,0,3,4,7,2,0,2,4,8,0,1,1,1,3,3,2,3,5,3,3,0,0,3,14,0,0
2022,Sudeste,3,São Paulo,SP,35,São Paulo,3550308,1,Metropolitana de São Paulo,15,São Paulo,61,3,5,PIA SOCIEDADE DE SAO PAULO,1832,2811,FACULDADE PAULUS DE TECNOLOGIA E COMUNICAÇÃO,FAPCOM,Rua Major Maragliano,191,-,Vila Mariana,4017030.0,40,1,2,2,1,8,8,5,6,3,4,0,0,0,0,0,0,1,1,1,1,1,1,81,15399,45,45,14,31,0,0,5,19,21,13,0,13,9,23,0,1,9,9,11,7,7,1,30,2,4,2,0,7,44,1,0
2022,Sudeste,3,São Paulo,SP,35,São Sebastião,3550704,0,Vale do Paraíba Paulista,13,Caraguatatuba,54,3,4,INSTITUTO DE ENSINO SAO SEBASTIAO LTDA,1834,2814,FACULDADE SÃO SEBASTIÃO,,Rua Agripino José do Nascimento,177,-,Vila Amélia,11609012.0,16,0,1,0,0,7,3,4,0,0,0,1,0,0,0,0,0,1,1,0,1,0,1,19594,32668,29,29,18,11,0,0,8,12,9,2,0,2,9,18,2,0,3,1,4,5,6,8,22,0,6,1,0,0,29,0,0
2022,Sudeste,3,Minas Gerais,MG,31,Juiz de Fora,3136702,0,Zona da Mata,12,Juiz de Fora,65,3,4,SUPREMA-SOCIEDADE UNIVERSITARIA PARA O ENSINO MEDICO ASSISTENCIAL LTDA,1852,2843,FACULDADE DE CIÊNCIAS MÉDICAS E DA SAÚDE DE JUIZ DE FORA,FCMS/JF,Alameda Salvaterra,200,-,Salvaterra,36033003.0,129,7,6,8,8,33,20,30,7,9,1,0,0,0,0,0,0,1,1,1,1,1,1,1200,14,172,171,84,87,0,0,30,59,82,39,0,39,89,43,0,9,13,32,27,31,22,37,153,1,3,0,0,14,171,0,1
2022,Sudeste,3,Minas Gerais,MG,31,Belo Horizonte,3106200,1,Metropolitana de Belo Horizonte,7,Belo Horizonte,30,3,5,FUNDACAO MOVIMENTO DIREITO E CIDADANIA - FUNDACAO MDC,1856,2849,ESCOLA SUPERIOR DOM HELDER CÂMARA,ESDHC,Rua Alvares Maciel,628,-,SANTA EFIGÊNIA,30150250.0,146,6,3,5,3,16,33,28,24,6,6,0,7,4,5,0,0,1,1,1,1,1,1,6000,1500,122,122,37,85,0,0,3,67,52,34,4,30,79,9,1,5,15,28,34,15,10,14,98,1,15,0,0,8,121,1,1
2022,Sudeste,3,São Paulo,SP,35,Caieiras,3509007,0,Metropolitana de São Paulo,15,Franco da Rocha,58,3,5,UNIESP S.A,16134,2879,FACULDADE DE CAIEIRAS,,Rua México,100,-,Centro,7700630.0,4,0,0,0,0,0,0,2,0,2,0,0,0,0,0,1,0,1,0,1,1,1,1,22203,11213,12,5,1,4,0,0,2,2,1,1,0,1,3,1,0,0,1,0,1,0,1,2,4,0,0,0,0,1,5,0,0
2022,Sudeste,3,Minas Gerais,MG,31,Belo Horizonte,3106200,1,Metropolitana de Belo Horizonte,7,Belo Horizonte,30,3,5,SER EDUCACIONAL S.A.,1847,2885,Faculdade Uninassau Belo Horizonte,,Avenida Assis Chateaubriand,218,-,Floresta,30150100.0,20,0,0,0,0,3,5,4,2,2,0,1,2,1,0,1,0,1,0,0,0,1,0,57000,28000,69,69,47,22,0,0,0,48,21,33,0,33,21,15,4,19,17,10,10,4,2,3,44,0,25,0,0,0,69,0,0
2022,Sudeste,3,São Paulo,SP,35,São Paulo,3550308,1,Metropolitana de São Paulo,15,São Paulo,61,3,5,INSTITUTO AFROBRASILEIRO DE ENSINO SUPERIOR,1875,2886,FACULDADE ZUMBI DOS PALMARES,FAZP,Avenida Santos Dumont,843,-,Ponte Pequena,1101000.0,10,0,0,0,0,2,0,8,0,0,0,0,0,0,0,1,0,1,0,0,0,0,0,0,1000,34,34,6,28,0,0,6,16,12,22,0,22,12,0,1,1,4,3,7,6,6,6,13,6,5,0,0,10,34,0,0
2022,Sudeste,3,Minas Gerais,MG,31,Mato Verde,3141009,0,Norte de Minas,2,Janaúba,4,3,4,SOCIEDADE EDUCACIONAL VERDE NORTE LTDA  - ME,1887,2910,FACULDADE VERDE NORTE,FAVENORTE,Avenida José Alves Miranda,500,Faculdade Verde Norte,Alto São João,39527000.0,48,5,5,0,0,6,7,7,3,7,4,2,2,0,0,0,0,1,1,1,1,1,1,191,0,52,52,21,31,0,0,25,23,4,24,0,24,28,0,12,11,14,7,4,2,1,1,6,5,6,0,0,35,52,0,0
2022,Sudeste,3,Minas Gerais,MG,31,Patos de Minas,3148004,0,Triângulo Mineiro/Alto Paranaíba,5,Patos de Minas,20,3,5,ASSOCIACAO EDUCACIONAL DE PATOS DE MINAS - AEPM,1891,2915,FACULDADE CIDADE DE PATOS DE MINAS,FPM,Avenida Juscelino Kubitschek de Oliveira,1200,Unidade JK,Cidade Nova,38706401.0,163,11,11,17,4,39,14,14,6,7,10,10,12,6,2,0,0,1,1,1,1,0,1,181,10000,99,97,52,45,0,0,31,48,18,14,0,14,69,14,5,17,20,18,16,7,8,6,70,0,11,0,0,16,97,0,0
2022,Sudeste,3,Minas Gerais,MG,31,Uberaba,3170107,0,Triângulo Mineiro/Alto Paranaíba,5,Uberaba,22,2,4,INSTITUTO EDUCACIONAL GUILHERME DORCA S/S LTDA,1904,2935,Centro Universitário de Talentos Humanos,Facthus,Rua Manoel Gonçalves de Rezende,230,CAMPUS  SÃO CRISTOVÃO,Vila São Cristóvão,38040240.0,18,2,2,3,0,1,2,5,3,0,0,0,0,0,0,0,0,1,1,1,1,0,1,442,12906,98,88,43,45,0,0,18,51,19,0,0,0,37,51,1,15,17,22,15,8,7,3,61,2,14,0,0,11,88,0,0
2022,Sudeste,3,São Paulo,SP,35,Barretos,3505500,0,Ribeirão Preto,2,Barretos,9,3,4,CENTRO UNIFICADO DE EDUCACAO BARRETOS LTDA,1924,2971,FACULDADE BARRETOS,FB,AVENIDA C 12,1555,-,CRISTIANO DE CARVALHO,14781454.0,13,0,1,0,1,2,2,2,2,2,0,1,0,0,0,0,0,1,1,1,1,0,1,0,15723,81,80,39,41,0,0,32,36,12,16,7,9,47,17,2,15,18,20,9,9,4,3,70,2,2,4,0,2,80,0,0
2022,Sudeste,3,São Paulo,SP,35,São José dos Campos,3549904,0,Vale do Paraíba Paulista,13,São José dos Campos,50,3,4,INPG - INSTITUTO NACIONAL DE POS-GRADUACAO LTDA,1947,3008,FACULDADE DO INSTITUTO NACIONAL DE PÓS-GRADUAÇÃO DE SÃO JOSÉ DOS CAMPOS,FACULDADE INPG - SJC,Avenida Alfredo Ignácio Nogueira Penido,678,-,Parque Residencial Aquarius,12246000.0,7,0,1,0,0,1,1,1,2,1,0,0,0,0,0,0,0,1,0,0,1,0,0,0,0,31,30,11,19,0,0,6,15,9,1,1,0,7,22,0,2,1,8,5,5,1,8,26,0,2,0,0,2,30,0,0
2022,Sudeste,3,São Paulo,SP,35,Marília,3529005,0,Marília,9,Marília,38,3,5,ASSOCIACAO CULTURAL E EDUCACIONAL INTERDIOCESANA,1950,3012,FAJOPA - FACULDADE JOÃO PAULO II,FAJOPA,Rua Bartolomeu de Gusmão,531,-,Jardim  América,17506280.0,16,0,0,0,0,1,1,2,8,2,1,0,1,0,0,0,0,0,1,1,1,1,1,8,9495,29,29,4,25,0,0,2,16,11,2,0,2,10,17,0,0,6,8,3,2,4,6,25,0,3,0,0,1,28,1,0
2022,Sudeste,3,São Paulo,SP,35,São Paulo,3550308,1,Metropolitana de São Paulo,15,São Paulo,61,3,5,CETHEL - CENTRO DE EDUCACAO TEOLOGICA E HUMANISTICA LOGOS,1977,3051,FACULDADE TEOLÓGICA DE CIÊNCIAS HUMANAS E SOCIAIS LOGOS,FAETEL,Rua Padre Adelino,700,-,Belenzinho,3303000.0,24,0,3,3,2,3,2,3,2,3,2,0,1,0,0,0,0,0,1,1,1,1,1,5,3,9,9,2,7,0,0,2,4,3,7,4,3,1,1,0,0,0,1,1,0,2,5,7,0,2,0,0,0,9,0,0
2022,Sudeste,3,Minas Gerais,MG,31,Divinópolis,3122306,0,Oeste de Minas,9,Divinópolis,43,3,4,UNIAO DE ENSINO UNOPAR S.A.,1176,3149,Faculdade Anhanguera De Divinópolis,,Rua Santos Dumont,1.001,-,Do Carmo,35500286.0,68,0,0,0,0,12,2,15,5,16,4,7,3,4,0,0,0,1,1,1,1,1,1,60395,238009,145,145,69,76,0,0,29,69,47,10,0,10,77,58,7,17,29,32,25,15,7,13,108,6,28,3,0,0,145,0,2
2022,Sudeste,3,Rio de Janeiro,RJ,33,Rio de Janeiro,3304557,1,Metropolitana do Rio de Janeiro,6,Rio de Janeiro,18,4,1,"INSTITUTO FEDERAL DE EDUCACAO, CIENCIA E TECNOLOGIA DO RIO DE JANEIRO",9113,3163,"INSTITUTO FEDERAL DE EDUCAÇÃO, CIÊNCIA E TECNOLOGIA DO RIO DE JANEIRO",IFRJ,Rua Senador Furtado,121 - 125,-,Maracanã,20270021.0,857,0,2,1,4,31,109,77,83,158,163,115,71,34,9,1,0,1,1,0,1,1,1,0,0,758,758,378,380,0,0,23,284,451,745,650,95,13,0,2,44,150,219,138,84,65,56,126,15,32,0,0,585,758,0,0
2022,Sudeste,3,Minas Gerais,MG,31,Uberaba,3170107,0,Triângulo Mineiro/Alto Paranaíba,5,Uberaba,22,4,1,"INSTITUTO FEDERAL DE EDUCACAO, CIENCIA E TECNOLOGIA DO TRIANGULO MINEIRO",9069,3165,"INSTITUTO FEDERAL DE EDUCAÇÃO, CIÊNCIA E TECNOLOGIA  DO TRIÂNGULO MINEIRO",IFTM,Avenida Doutor Randolfo Borges Júnior,2900,-,Univerdecidade,38064300.0,530,0,1,1,1,8,27,47,54,124,94,96,62,11,4,1,0,0,1,1,1,1,0,0,0,383,371,134,237,0,7,23,134,207,361,354,7,10,0,2,38,92,88,56,39,34,22,270,12,61,3,0,25,371,0,2
2022,Sudeste,3,Minas Gerais,MG,31,Montes Claros,3143302,0,Norte de Minas,2,Montes Claros,7,4,1,"INSTITUTO FEDERAL DE EDUCACAO, CIENCIA E TECNOLOGIA DO NORTE DE MINAS GERAIS",5001,3188,"INSTITUTO FEDERAL DE EDUCAÇÃO, CIÊNCIA E TECNOLOGIA DO NORTE DE MINAS GERAIS",IFNMG,Rua Professor Monteiro Fonseca,216,-,Vila Brasília,39400149.0,678,0,0,0,0,11,29,18,37,199,187,95,85,9,8,1,0,1,0,1,1,1,1,96079,0,522,492,175,317,0,30,41,241,180,472,395,77,7,13,12,95,123,121,69,41,19,12,165,31,151,1,0,144,492,0,3
2022,Sudeste,3,Minas Gerais,MG,31,Belo Horizonte,3106200,1,Metropolitana de Belo Horizonte,7,Belo Horizonte,30,4,1,"INSTITUTO FEDERAL DE EDUCACAO, CIENCIA E TECNOLOGIA DE MINAS GERAIS",15642,3189,"INSTITUTO FEDERAL DE EDUCAÇÃO, CIÊNCIA E TECNOLOGIA DE MINAS GERAIS",IFMG,Av. Professor Mário Werneck,2590,-,Buritis,30575180.0,835,0,2,0,2,5,27,49,69,198,181,154,118,18,12,1,0,0,0,1,1,1,1,45,15810,742,717,245,472,0,15,36,327,339,667,576,91,48,2,23,124,177,164,96,71,39,23,426,39,181,6,0,65,712,5,1
2022,Sudeste,3,Minas Gerais,MG,31,Belo Horizonte,3106200,1,Metropolitana de Belo Horizonte,7,Belo Horizonte,30,3,4,LAEL VARELLA EDUCACAO E CULTURA LTDA,2025,3194,FACULDADE DE MINAS BH,FAMINAS-BH,Avenida Cristiano Machado,12001,- de 11001 a 12999 - lado ímpar,Vila Cloris,31744007.0,152,0,0,1,1,29,14,32,19,11,9,11,4,15,6,0,0,1,1,1,1,1,1,30000,10000,184,175,101,74,0,0,9,83,83,68,0,68,104,3,3,19,26,50,37,19,13,8,124,4,37,0,0,10,175,0,1
2022,Sudeste,3,Minas Gerais,MG,31,Viçosa,3171303,0,Zona da Mata,12,Viçosa,62,2,4,UNIVICOSA - UNIAO DE ENSINO SUPERIOR DE VICOSA LTDA,2033,3205,CENTRO UNIVERSITÁRIO DE VIÇOSA,UNIVIÇOSA,Avenida Maria de Paula Santana,3.815,Faculdade Ciências e Tecnologia de Viçosa,Silvestre,36576340.0,229,7,5,5,5,18,10,19,21,24,11,42,23,24,15,0,0,1,0,1,1,1,1,1,0,76,76,52,24,0,0,3,38,35,33,0,33,29,14,2,9,19,23,13,3,6,1,54,1,10,0,11,0,76,0,0
2022,Sudeste,3,Minas Gerais,MG,31,Juiz de Fora,3136702,0,Zona da Mata,12,Juiz de Fora,65,4,1,"INSTITUTO FEDERAL DE EDUCACAO, CIENCIA E TECNOLOGIA DO SUDESTE DE MINAS GERAIS",9064,3279,"INSTITUTO FEDERAL DE EDUCAÇÃO, CIÊNCIA E TECNOLOGIA DO SUDESTE DE MINAS GERAIS",IFSEMG,Rua Luz Interior,360,-,Estrela Sul - Santa Luzia,36030776.0,641,0,2,0,1,5,34,35,45,179,171,86,67,12,4,1,0,1,0,1,1,1,1,0,12000,592,566,235,331,0,3,33,216,314,560,505,55,6,0,11,50,118,131,91,81,50,34,368,21,71,2,2,102,564,2,13
2022,Sudeste,3,São Paulo,SP,35,Guarulhos,3518800,0,Metropolitana de São Paulo,15,Guarulhos,59,2,4,UNIFAVENI  CENTRO UNIVERSITARIO FAVENI LTDA,17427,3294,CENTRO UNIVERSITÁRIO FAVENI,UNIFAVENI,Rua do Rosário,313,-,Macedo,7111080.0,8,0,0,0,0,2,1,4,0,1,0,0,0,0,0,0,0,0,1,0,1,0,1,250,26000,99,99,46,53,0,0,26,46,27,26,1,25,73,0,5,17,29,18,10,8,5,7,53,5,23,0,0,18,98,1,1
2022,Sudeste,3,São Paulo,SP,35,Junqueirópolis,3526001,0,Presidente Prudente,8,Dracena,34,3,5,UNIAO DAS INSTITUICOES EDUCACIONAIS DA ALTA PAULISTA,2088,3302,Faculdade REGES de Junqueirópolis,,Rua Piauí,801,-,Distrito Comercial e Industrial,17890000.0,3,0,0,0,0,0,0,2,0,0,0,0,0,1,0,0,0,1,0,1,1,1,1,49,10518,11,11,7,4,0,0,1,7,3,0,0,0,8,3,0,1,1,2,3,0,2,2,11,0,0,0,0,0,11,0,0
2022,Sudeste,3,São Paulo,SP,35,São Bernardo do Campo,3548708,0,Metropolitana de São Paulo,15,São Paulo,61,3,5,FUNDACAO SALVADOR ARENA,2092,3308,FACULDADE ENGENHEIRO SALVADOR ARENA,FESA,Estrada dos Alvarengas,4001,-,Alvarenga,9850550.0,95,0,0,0,1,8,22,26,13,19,6,0,0,0,0,0,0,0,0,0,1,1,0,106,0,62,62,11,51,0,0,1,37,24,4,0,4,24,34,3,3,5,11,11,14,10,5,52,2,5,3,0,0,61,1,0
2022,Sudeste,3,São Paulo,SP,35,Campinas,3509502,0,Campinas,7,Campinas,32,3,4,SOCIEDADE DE EDUCACAO E CULTURA RAPHAEL DI SANTO LTDA - EPP,2098,3323,INSTITUTO DE EDUCAÇÃO E ENSINO SUPERIOR DE CAMPINAS,IESCAMP,Rua Antônio Ferreira Laranja,57,-,Jardim García,13061090.0,22,0,0,0,0,1,0,2,0,0,4,10,2,2,1,0,0,0,1,1,1,1,0,2646,1280,14,14,9,5,0,0,1,9,4,0,0,0,0,14,0,2,4,1,5,0,1,1,13,0,0,1,0,0,14,0,0
2022,Sudeste,3,Rio de Janeiro,RJ,33,Rio de Janeiro,3304557,1,Metropolitana do Rio de Janeiro,6,Rio de Janeiro,18,3,5,SERVICO NACIONAL DE APRENDIZAGEM COMERCIAL - SENAC ARRJ,2085,3332,FACULDADE DE TECNOLOGIA SENAC RIO,FATEC,Rua Santa Luzia,735,- de 407 ao fim - lado ímpar,Centro,20030041.0,27,0,0,0,0,5,2,8,0,8,1,2,1,0,0,0,0,1,0,0,1,0,1,0,2581,47,44,12,32,0,0,0,25,19,2,0,2,9,33,0,0,8,8,7,10,10,1,29,1,4,1,0,9,42,2,0
2022,Sudeste,3,Minas Gerais,MG,31,Varginha,3170701,0,Sul/Sudoeste de Minas,10,Varginha,50,2,5,FUNDACAO DE ENSINO E PESQUISA DO SUL DE MINAS,2124,3368,CENTRO UNIVERSITÁRIO DO SUL DE MINAS,UNIS-MG,Avenda Alzira Barra Gazzola,650,UNIS - Cidade Universitária,Aeroporto,37031099.0,119,1,0,3,1,18,14,17,9,18,8,11,11,4,4,1,0,0,1,0,1,0,1,866,17137,218,218,93,125,0,0,71,103,44,51,0,51,99,68,8,39,41,46,33,19,21,11,133,2,7,1,0,75,218,0,0
2022,Sudeste,3,Minas Gerais,MG,31,Patos de Minas,3148004,0,Triângulo Mineiro/Alto Paranaíba,5,Patos de Minas,20,2,5,FUNDACAO EDUCACIONAL DE PATOS DE MINAS,2128,3371,CENTRO UNIVERSITÁRIO DE PATOS DE MINAS,UNIPAM,Rua Major Gote,808,-,Caiçaras,38702054.0,629,19,34,30,27,150,130,103,50,45,26,6,5,2,2,0,0,1,1,0,1,0,1,20830,14890,328,321,168,153,0,1,88,157,75,93,0,93,92,136,13,49,51,55,52,42,23,36,297,0,24,0,0,0,319,2,4
2022,Sudeste,3,Minas Gerais,MG,31,Lavras,3138203,0,Campo das Vertentes,11,Lavras,57,2,5,FUNDACAO EDUCACIONAL DE LAVRAS,2129,3372,CENTRO UNIVERSITÁRIO DE LAVRAS,UNILAVRAS,Rua Padre José Poggel,506,-,Padre Dehon,37203593.0,326,11,12,11,7,93,66,51,19,32,7,10,5,2,0,0,0,1,1,1,1,0,0,7150,12500,179,179,92,87,0,0,9,110,60,33,0,33,74,72,18,40,37,31,28,9,9,7,135,4,19,1,0,20,179,0,1
2022,Sudeste,3,São Paulo,SP,35,Praia Grande,3541000,0,Metropolitana de São Paulo,15,Santos,63,3,4,FACULDADE PLAY LTDA,2173,3428,FACULDADE ALFA AMÉRICA,,Avenida Presidente Kennedy,7954,Sede Acadêmica e Administrativa,Ocian,11705000.0,16,0,0,0,0,2,6,0,0,3,4,0,0,1,0,0,0,1,1,1,1,1,0,0,63355,12,11,7,4,0,0,0,10,1,2,0,2,0,9,0,0,2,3,2,3,1,0,5,0,3,0,0,3,11,0,0
2022,Sudeste,3,Minas Gerais,MG,31,Uberlândia,3170206,0,Triângulo Mineiro/Alto Paranaíba,5,Uberlândia,18,3,5,INSTITUTO PATER DE EDUCACAO E CULTURA,15602,3430,"Faculdade Uberlandense de Núcleos Integrados de Ensino, Serviço Social e Aprendizagem",FAESSA,Rua Bocaiúva,82,-,Morada da Colina,38411126.0,49,1,1,2,1,18,4,6,5,4,0,3,3,0,1,0,0,1,1,0,1,1,0,504,2400,72,72,42,30,0,0,4,52,16,9,2,7,41,22,3,13,17,14,7,10,6,2,61,3,8,0,0,0,72,0,0
2022,Sudeste,3,São Paulo,SP,35,Guarulhos,3518800,0,Metropolitana de São Paulo,15,Guarulhos,59,3,5,ASSOCIACAO EDUCACIONAL PRESIDENTE KENNEDY,402,3432,"FACULDADES INTEGRADAS DE CIÊNCIAS HUMANAS, SAÚDE E EDUCAÇÃO DE GUARULHOS",FG,Rua Barão de Mauá,95,-,Centro,7012040.0,6,0,0,0,0,0,2,0,3,0,1,0,0,0,0,0,0,0,1,1,1,1,1,1000,20000,26,26,16,10,0,0,0,18,8,7,0,7,12,7,0,3,1,4,3,3,4,8,16,1,6,0,0,3,26,0,0
2022,Sudeste,3,Minas Gerais,MG,31,Montes Claros,3143302,0,Norte de Minas,2,Montes Claros,7,3,4,SISTEMA DE ENSINO SUPERIOR IBITURUNA LTDA,2177,3434,FACULDADE DE SAÚDE E HUMANIDADES IBITURUNA,FASI,Avenida Nice,99,-,Ibituruna,39400089.0,19,0,0,2,0,4,5,5,3,0,0,0,0,0,0,1,0,1,1,1,1,1,1,330,6230,88,88,50,38,0,0,0,52,36,8,0,8,80,0,1,10,16,32,14,8,4,3,22,3,43,0,0,20,87,1,0
2022,Sudeste,3,São Paulo,SP,35,Araraquara,3503208,0,Araraquara,5,Araraquara,24,3,4,UNIESP S.A,16134,3436,Faculdade de Araraquara,FARA,Rua Mahiba Barcha,1169,-,Jardim das Flores,14801786.0,14,2,1,0,0,1,1,3,1,2,1,0,1,1,0,1,0,1,0,1,1,1,1,22203,11213,7,7,4,3,0,0,2,4,1,1,0,1,6,0,1,0,1,3,0,1,0,1,5,0,1,0,0,1,7,0,1
2022,Sudeste,3,Minas Gerais,MG,31,Montes Claros,3143302,0,Norte de Minas,2,Montes Claros,7,3,4,FACULDADE MONTES CLAROS LTDA,2314,3448,INSTITUTO SUPERIOR DE EDUCAÇÃO IBITURUNA,,Rua Lírio Brant,511,-,Melo,39401063.0,18,0,0,0,0,2,2,10,1,2,0,1,0,0,0,0,0,1,1,1,1,0,1,106,27841,36,36,19,17,0,0,17,13,6,19,0,19,10,7,4,9,11,7,3,2,0,0,11,0,19,0,0,6,36,0,0
2022,Sudeste,3,São Paulo,SP,35,Campinas,3509502,0,Campinas,7,Campinas,32,3,5,UNIESP S.A,16134,3456,FACULDADE POLITÉCNICA DE CAMPINAS,POLICAMP,Rua Luiz Otávio,1.281,-,Fazenda Santa Cândida,13087018.0,2,0,0,0,0,0,0,0,0,1,0,1,0,0,0,1,0,1,0,1,1,1,1,22000,11000,14,14,8,6,0,0,4,8,2,3,0,3,7,4,1,1,0,4,2,3,1,2,12,0,1,0,0,1,14,0,0
2022,Sudeste,3,Minas Gerais,MG,31,Conselheiro Lafaiete,3118304,0,Metropolitana de Belo Horizonte,7,Conselheiro Lafaiete,34,3,5,FUNDACAO MUNICIPAL DE ENSINO SUPERIOR DE CONS LAFAIETE,77,3488,Centro de Ensino Superior de Conselheiro Lafaiete,CES-CL,Rua Lopes Franco,1001,-,Carijós,36400000.0,13,2,1,0,0,4,1,4,0,0,1,0,0,0,0,0,0,0,0,0,1,1,0,10,0,34,30,8,22,0,0,12,14,4,2,2,0,2,26,4,6,5,5,3,3,1,3,22,2,4,0,0,2,30,0,0
2022,Sudeste,3,São Paulo,SP,35,Presidente Venceslau,3541505,0,Presidente Prudente,8,Presidente Prudente,36,3,4,UNIESP S.A,16134,3513,FACULDADE DE PRESIDENTE VENCESLAU,FAPREV,Rua Piracicaba,47,-,Jardim Coroados,19400000.0,10,1,2,0,1,1,1,0,0,4,0,0,0,0,0,1,0,1,0,1,1,1,1,22203,11213,5,5,3,2,0,0,2,2,1,2,0,2,3,0,0,1,1,3,0,0,0,0,4,0,1,0,0,0,5,0,0
2022,Sudeste,3,Minas Gerais,MG,31,Além Paraíba,3101508,0,Zona da Mata,12,Cataguases,66,3,5,FUNDACAO EDUCACIONAL DE ALEM PARAIBA,401,3514,FACULDADE DE CIÊNCIAS GERENCIAIS ALVES FORTES,FACE - ALFOR,BR 116 - Km 820,305,CAMPUS ÁREA INDUSTRIAL,São Luiz,36660000.0,5,0,0,0,0,1,0,1,0,1,2,0,0,0,0,1,0,0,1,0,1,1,1,30,40,35,35,8,27,0,0,23,8,4,0,0,0,0,35,0,0,5,6,7,4,6,7,22,2,3,0,0,8,35,0,0
2022,Sudeste,3,Minas Gerais,MG,31,Além Paraíba,3101508,0,Zona da Mata,12,Cataguases,66,3,5,FUNDACAO EDUCACIONAL DE ALEM PARAIBA,401,3516,FACULDADE DE CIÊNCIAS DA SAÚDE ARCHIMEDES THEODORO,FAC - SAUDE ARTHE,PRAÇA LAROCA,29,-,VILA  LAROCA,36660000.0,5,0,0,0,0,1,0,1,0,1,2,0,0,0,0,1,0,0,1,0,1,1,1,0,0,26,24,9,15,0,0,18,5,1,0,0,0,0,24,0,3,8,5,4,1,1,2,11,0,1,0,0,12,24,0,0
2022,Sudeste,3,Minas Gerais,MG,31,Pouso Alegre,3152501,0,Sul/Sudoeste de Minas,10,Pouso Alegre,52,3,5,FUNDACAO EDUCACIONAL DOM JOSE D'ANGELO NETO,2228,3522,FACULDADE CATÓLICA DE POUSO ALEGRE,FACAPA,Av Avenida Mauro Tomasini,75,-,São Carlos,37557007.0,14,0,0,0,0,3,0,2,0,1,0,3,3,0,2,0,0,0,0,1,1,1,1,1,0,24,22,1,21,0,0,3,14,5,2,0,2,8,12,0,1,4,8,2,3,3,1,21,0,1,0,0,0,22,0,0
2022,Sudeste,3,Rio de Janeiro,RJ,33,Rio de Janeiro,3304557,1,Metropolitana do Rio de Janeiro,6,Rio de Janeiro,18,3,5,FUNDACAO EVANGELICA DE COMUNICACAO FUNEC,2231,3525,"FACULDADE EVANGÉLICA DE TECNOLOGIA, CIÊNCIAS E BIOTECNOLOGIA DA CGADB",FAECAD,Avenida Vicente de Carvalho,1.083,-,Vicente de Carvalho,21210002.0,19,1,0,0,1,1,2,2,4,2,1,1,1,0,3,0,0,0,1,1,1,0,0,0,6410,6,6,1,5,0,0,1,2,3,4,0,4,1,1,0,1,0,1,0,2,0,2,5,0,0,0,0,1,6,0,0
2022,Sudeste,3,São Paulo,SP,35,Marília,3529005,0,Marília,9,Marília,38,2,5,FUNDACAO DE ENSINO EURIPIDES SOARES DA ROCHA,298,3529,CENTRO UNIVERSITÁRIO EURÍPEDES DE MARÍLIA,UNIVEM,Avenida Higyno Muzzy Filho,529,-,Campus Universitário,17525901.0,76,1,0,0,1,15,10,11,9,18,9,2,0,0,0,1,0,1,1,0,1,0,0,40,5044,92,88,22,66,0,0,20,46,22,23,0,23,24,41,2,6,11,14,15,22,8,10,79,0,6,2,0,1,88,0,0
2022,Sudeste,3,São Paulo,SP,35,São José do Rio Preto,3549805,0,São José do Rio Preto,1,São José do Rio Preto,4,3,4,ANBAR ENSINO TECNICO E SUPERIOR LTDA,1533,3533,FACULDADE CERES,FACERES,Avenida Anísio Haddad,6.751,-,Jardim Morumbi,15093000.0,88,3,1,2,2,31,8,20,7,4,0,5,0,4,1,0,0,1,1,1,1,0,1,2114,15695,69,69,40,29,0,0,11,21,37,25,5,20,44,0,0,6,9,22,11,10,7,4,59,0,3,0,0,7,69,0,1
2022,Sudeste,3,São Paulo,SP,35,Guarulhos,3518800,0,Metropolitana de São Paulo,15,Guarulhos,59,3,4,ANHANGUERA EDUCACIONAL PARTICIPACOES S/A,16452,3603,FACULDADE ANHANGUERA DE GUARULHOS,,Rua do Rosário,300,-,Macedo,7111080.0,137,0,0,0,0,15,8,43,15,25,11,6,7,7,0,0,0,1,1,1,1,1,1,60395,238009,133,133,58,75,0,0,22,54,57,26,0,26,80,27,4,12,20,24,22,19,15,17,102,4,23,3,1,0,133,0,2
2022,Sudeste,3,São Paulo,SP,35,Valinhos,3556206,0,Campinas,7,Campinas,32,3,4,ANHANGUERA EDUCACIONAL PARTICIPACOES S/A,16452,3612,FACULDADE ANHANGUERA DE VALINHOS,,Avenida Invernada,595,-,Vera Cruz,13271450.0,22,0,0,0,0,5,4,1,2,5,3,1,1,0,0,0,0,1,1,1,1,1,1,60395,238009,60,60,28,32,0,0,15,12,33,4,0,4,35,21,1,5,9,9,9,9,8,10,46,2,10,2,0,0,59,1,1
2022,Sudeste,3,Rio de Janeiro,RJ,33,Rio de Janeiro,3304557,1,Metropolitana do Rio de Janeiro,6,Rio de Janeiro,18,3,5,FUNDACAO GETULIO VARGAS,110,3614,Escola de Ciências Sociais FGV CPDOC,FGV CPDOC,Praia de Botafogo,190,-,Botafogo,22250900.0,57,0,0,0,0,2,5,17,3,18,6,4,2,0,0,1,0,1,1,1,1,1,1,20931,269,23,23,10,13,0,0,1,1,21,23,0,23,0,0,1,1,2,9,3,3,2,2,17,1,0,0,0,5,23,0,0
2022,Sudeste,3,São Paulo,SP,35,Cotia,3513009,0,Metropolitana de São Paulo,15,Itapecerica da Serra,60,3,4,COMPLEXO DE ENSINO SUPERIOR DE SAO PAULO LTDA - CESUSP,2294,3618,FACULDADE LUSÓFONA DE SÃO PAULO,FL-SP,Estrada Municipal  Walter Steurer,1.413,-,Granja Viana,6710500.0,18,0,2,0,0,1,2,5,1,6,1,0,0,0,0,0,0,0,0,1,1,1,0,5000,2000,41,35,11,24,0,0,6,22,7,0,0,0,0,35,0,3,3,3,7,9,4,6,30,1,2,1,0,1,35,0,0
2022,Sudeste,3,São Paulo,SP,35,Barretos,3505500,0,Ribeirão Preto,2,Barretos,9,2,5,FUNDACAO EDUCACIONAL DE BARRETOS,51,3641,CENTRO UNIVERSITÁRIO DA FUNDAÇÃO EDUCACIONAL DE BARRETOS,UNIFEB,Avenida Professor Roberto Frade Monte,389,-,Aeroporto,14783226.0,79,0,1,1,0,21,14,21,14,4,3,0,0,0,0,0,0,0,1,1,1,1,1,389,0,165,146,51,95,0,0,35,67,44,4,3,1,26,116,8,22,27,30,25,13,10,11,126,1,8,4,1,6,146,0,0
2022,Sudeste,3,Minas Gerais,MG,31,Montes Claros,3143302,0,Norte de Minas,2,Montes Claros,7,3,4,FACULDADE MONTES CLAROS LTDA,2314,3657,Faculdade Montes Claros,FACULMONTES,Rua Lírio Brant,511,-,Melo,39401063.0,18,0,0,0,0,2,2,10,1,2,0,1,0,0,0,0,0,1,1,1,1,0,1,106,27841,7,7,2,5,0,0,1,6,0,3,0,3,3,1,0,0,2,1,3,1,0,0,1,0,6,0,0,0,7,0,0
2022,Sudeste,3,Rio de Janeiro,RJ,33,Itaperuna,3302205,0,Noroeste Fluminense,1,Itaperuna,1,3,3,FUNDACAO UNIVERSITARIA DE ITAPERUNA,2331,3682,INSTITUTO SUPERIOR DE EDUCAÇÃO DO MUNICÍPIO DE ITAPERUNA,ISEMI,Rua Luis Carlos Ferreira Tirado,148,-,Cidade Nova,28300000.0,18,0,0,0,0,1,1,5,3,0,0,2,5,0,1,0,0,0,0,1,1,1,0,0,0,8,7,2,5,0,0,0,6,1,7,0,7,0,0,0,0,1,2,1,3,0,0,3,0,1,0,0,3,7,0,0
2022,Sudeste,3,São Paulo,SP,35,Campinas,3509502,0,Campinas,7,Campinas,32,3,5,INSTITUTO PAULISTA DE ENSINO E PESQUISA-IPEP,766,3692,FACULDADE DE TECNOLOGIA IPEP DE CAMPINAS,FATEC CAMPINAS,Rua José de Alencar,470,-,Centro,13013040.0,56,8,1,5,4,16,2,12,4,2,2,0,0,0,0,0,0,1,0,0,0,0,0,0,561,5,4,1,3,0,0,3,0,1,0,0,0,0,4,0,0,0,1,1,0,1,1,3,0,0,0,0,1,4,0,0
2022,Sudeste,3,Rio de Janeiro,RJ,33,Rio de Janeiro,3304557,1,Metropolitana do Rio de Janeiro,6,Rio de Janeiro,18,3,5,FUNDACAO ESCOLA NACIONAL DE SEGUROS FUNENSEG,2347,3710,ESCOLA SUPERIOR NACIONAL DE SEGUROS,ESNS,Rua Senador Dantas,74,"Subsolo, Loja, 2°, 3° e 4° andares",Centro,20031205.0,7,0,0,0,0,2,2,1,0,2,0,0,0,0,0,1,0,1,1,1,1,1,1,54,23052,24,23,8,15,0,0,5,12,6,1,1,0,5,17,0,0,1,0,3,3,11,5,17,0,2,0,0,4,23,0,0
2022,Sudeste,3,Minas Gerais,MG,31,Sete Lagoas,3167202,0,Metropolitana de Belo Horizonte,7,Sete Lagoas,27,3,4,CENTRO DE ESTUDOS III MILLENIUM LTDA,2351,3716,FACULDADE CIÊNCIAS DA VIDA,FCV,Avenida Prefeito Alberto Moura,12632,-,Distrito Industrial,35702051.0,23,0,0,5,3,4,0,7,2,0,0,0,0,1,1,0,0,1,1,1,1,0,1,0,0,71,70,38,32,0,0,19,38,13,1,0,1,8,61,0,7,19,17,9,5,10,3,25,0,12,0,0,33,70,0,0
2022,Sudeste,3,São Paulo,SP,35,São Paulo,3550308,1,Metropolitana de São Paulo,15,São Paulo,61,3,4,SIBRA - SISTEMA IBRA DE ENSINO LTDA,18157,3746,FACULDADE IBRA DA GRANDE SÃO PAULO,FACULDADE FAGRAN,Rua João Martins,448,SEDE - FAGRAN,Parque Cruzeiro do Sul,8070330.0,62,0,0,0,0,22,10,10,11,5,1,3,0,0,0,1,0,1,1,1,1,1,1,22000,22000,7,7,1,6,0,0,2,4,1,3,3,0,4,0,0,1,1,0,0,1,3,1,6,0,1,0,0,0,7,0,0
2022,Sudeste,3,Minas Gerais,MG,31,Lavras,3138203,0,Campo das Vertentes,11,Lavras,57,3,5,INSTITUICAO ADV DE EDUC E ASSIST SOCIAL ESTE BRASILEIRA,735,3754,FACULDADES INTEGRADAS ADVENTISTAS DE MINAS GERAIS,FADMINAS,Rua Joaquim Gomes Guerra,590,Caixa Postal 144,Nossa Senhora do Líbano,37203700.0,15,0,0,2,0,3,2,2,1,1,0,1,1,2,0,0,0,1,1,1,1,1,1,253,27571,26,26,17,9,0,0,8,13,5,8,8,0,6,12,3,3,6,4,4,3,1,2,15,1,6,0,0,4,26,0,1
2022,Sudeste,3,Minas Gerais,MG,31,Almenara,3101706,0,Jequitinhonha,3,Almenara,14,3,4,INSTITUTO EDUCACIONAL ALFAUNIPAC LTDA,2371,3756,Faculdade ALFAUNIPAC de Almenara,,Rua Vereador Virgílio Mendes Lima,847,-,São Pedro,39900000.0,28,2,1,0,0,2,1,10,1,9,1,1,0,0,0,0,0,0,1,1,1,1,1,10,10,28,28,18,10,0,0,15,8,5,10,0,10,8,10,2,5,5,2,6,3,3,2,15,2,11,0,0,0,28,0,0
2022,Sudeste,3,São Paulo,SP,35,São Paulo,3550308,1,Metropolitana de São Paulo,15,São Paulo,61,3,5,JUNTA DE EDUCACAO DA CONVENCAO BATISTA DO ESTADO DE SAO PAULO,18105,3770,FACULDADE TEOLÓGICA BATISTA DE SÃO PAULO,FTBSP,Rua João Ramalho,466,-,Perdizes,5008001.0,36,1,1,0,0,7,2,2,4,1,2,1,7,2,6,0,0,1,0,1,1,0,1,14,28,17,15,4,11,0,0,0,8,7,2,0,2,1,12,0,0,0,3,1,2,3,6,13,0,1,1,0,0,15,0,0
2022,Sudeste,3,São Paulo,SP,35,Santo André,3547809,0,Metropolitana de São Paulo,15,São Paulo,61,3,4,"IREP SOCIEDADE DE ENSINO SUPERIOR, MEDIO E FUNDAMENTAL LTDA.",545,3779,FACULDADE ESTÁCIO DE SANTO ANDRÉ,ESTÁCIO SANTO ANDRÉ,Rua Delfim Moreira,40,Faculdade Estácio de Santo André,Centro,9015070.0,66,0,0,0,0,1,7,8,9,9,8,12,6,3,3,0,0,1,1,0,1,0,1,36000,25981,34,34,16,18,0,0,0,16,18,10,0,10,10,14,0,7,4,9,4,5,1,4,9,0,2,0,0,23,34,0,0
2022,Sudeste,3,Espírito Santo,ES,32,Cachoeiro de Itapemirim,3201209,0,Sul Espírito-santense,4,Cachoeiro de Itapemirim,12,3,4,FACI - FACULDADE CACHOEIRO DE ITAPEMIRIM LTDA - EPP,2236,3782,FACULDADE DE TECNOLOGIA CACHOEIRO DE ITAPEMIRIM,FACI,Rua Amâncio Silva,40,-,Arariguaba,29305470.0,5,0,0,0,0,2,1,0,0,1,1,0,0,0,0,0,0,1,0,0,1,1,1,12,48,11,9,4,5,0,0,2,6,1,1,0,1,3,5,1,1,1,2,2,1,0,1,4,1,3,0,0,1,9,0,0
2022,Sudeste,3,Minas Gerais,MG,31,Belo Horizonte,3106200,1,Metropolitana de Belo Horizonte,7,Belo Horizonte,30,3,4,ASSUPERO ENSINO SUPERIOR LTDA.,2415,3786,FACULDADE DE ENSINO DE MINAS GERAIS,FACEMG,Rua Padre Pedro Pinto,1388/1410,Venda Nova III,Venda Nova,31615310.0,47,7,0,2,0,12,7,14,1,1,2,0,1,0,0,0,0,0,1,1,1,1,1,354,23000,57,57,34,23,0,0,17,29,11,5,0,5,34,18,0,5,14,16,9,4,5,4,19,2,7,0,0,29,57,0,0
2022,Sudeste,3,Minas Gerais,MG,31,Frutal,3127107,0,Triângulo Mineiro/Alto Paranaíba,5,Frutal,21,3,4,UNIESP S.A,16134,3793,FACULDADE DE FRUTAL,FAF,Rua Tiradentes,325,SEDE NOVA,Centro,38200000.0,5,0,0,0,0,1,1,1,1,0,0,0,0,1,0,1,0,1,0,1,1,1,1,22203,11213,2,2,2,0,0,0,0,1,1,1,0,1,1,0,0,0,0,1,0,0,0,1,1,0,1,0,0,0,2,0,0
2022,Sudeste,3,Minas Gerais,MG,31,Pouso Alegre,3152501,0,Sul/Sudoeste de Minas,10,Pouso Alegre,52,3,4,"UNISEPE UNIAO DAS INSTITUICOES DE SERVICO, ENSINO E PESQUISA LTDA",715,3823,INSTITUTO DE EDUCAÇÃO SUPERIOR DE POUSO ALEGRE,,Rua Santa Catarina,95,-,Centro,37550149.0,5,0,0,1,0,0,1,2,0,1,0,0,0,0,0,0,0,1,1,1,1,0,1,5,2216,12,12,5,7,0,0,3,9,0,3,0,3,6,3,2,2,3,2,1,1,1,0,11,0,0,0,0,1,12,0,0
2022,Sudeste,3,São Paulo,SP,35,São Paulo,3550308,1,Metropolitana de São Paulo,15,São Paulo,61,3,4,IEFE INSTITUTO DE EVOLUCAO FUNCIONAL EDUCACIONAL LTDA,18449,3837,FACULDADE EVOLUÇÃO,FAEV,Rua Airi,20 a,FAETI - AIRI,Vila Gomes Cardim,3310010.0,9,0,0,0,0,1,2,3,1,1,1,0,0,0,0,1,0,1,1,1,1,1,1,16,9850,5,5,0,5,0,0,0,4,1,2,0,2,3,0,0,0,0,1,1,2,0,1,3,1,1,0,0,0,5,0,0
2022,Sudeste,3,Minas Gerais,MG,31,Belo Horizonte,3106200,1,Metropolitana de Belo Horizonte,7,Belo Horizonte,30,3,4,INSTITUTO DE PESQUISA E ENSINO MEDICO DO ESTADO DE MINAS GERAIS LTDA,16263,3839,Faculdade IPEMED de Ciências Médicas,IPEMED,Avenida do Contorno,2073 e 2075,-,Santa Tereza,30110009.0,107,0,0,0,0,4,7,56,14,13,3,4,3,2,1,0,0,1,1,1,1,0,1,9583,12708,7,7,5,2,0,0,2,2,3,0,0,0,0,7,0,0,0,4,2,0,1,0,2,1,4,0,0,0,7,0,0
2022,Sudeste,3,Minas Gerais,MG,31,Guaxupé,3128709,0,Sul/Sudoeste de Minas,10,São Sebastião do Paraíso,48,2,5,FUNDACAO EDUCACIONAL GUAXUPE,353,3875,CENTRO UNIVERSITÁRIO DA FUNDAÇÃO EDUCACIONAL GUAXUPÉ,UNIFEG,Avenida Dona Floriana,463,TÉRREO,CENTRO,37800000.0,197,9,6,11,10,30,17,37,7,18,6,13,20,7,6,0,0,1,1,1,1,1,0,422,14150,137,135,55,80,0,0,25,80,30,7,7,0,40,88,4,16,23,27,15,14,19,17,77,1,6,0,0,51,135,0,0
2022,Sudeste,3,Rio de Janeiro,RJ,33,Rio de Janeiro,3304557,1,Metropolitana do Rio de Janeiro,6,Rio de Janeiro,18,3,4,UNYEAD EDUCACIONAL S.A.,16674,3876,Faculdade Unyleya,,Rua do Carmo,66,-,Centro,20011020.0,381,0,0,6,3,115,56,116,59,21,3,1,1,0,0,0,0,1,1,1,1,1,1,133,31210,59,59,41,18,0,0,3,26,30,30,0,30,29,0,0,2,8,11,9,12,9,8,53,2,4,0,0,0,58,1,0
2022,Sudeste,3,São Paulo,SP,35,São Paulo,3550308,1,Metropolitana de São Paulo,15,São Paulo,61,3,5,FUNDACAO MUNDIAL,2462,3896,Faculdade Paulista de Comunicação,FEPAC,Avenida Paulista,2.200,Edifício Central Park - 7º Andar,Cerqueira César,1310300.0,4,0,0,0,0,2,2,0,0,0,0,0,0,0,0,1,0,1,1,1,1,1,1,35,0,21,21,6,15,0,0,3,13,5,3,0,3,18,0,0,1,2,3,4,2,6,3,14,2,0,0,0,5,21,0,0
2022,Sudeste,3,São Paulo,SP,35,São Paulo,3550308,1,Metropolitana de São Paulo,15,São Paulo,61,3,4,CENTRO DE ENSINO METODO - EIRELI,2486,3933,FACULDADE MÉTODO DE SÃO PAULO,FAMESP,Avenida Jabaquara,1.314,-,Mirandópolis,4046200.0,60,0,0,0,0,10,16,18,9,3,2,1,0,0,1,1,0,1,1,1,1,1,1,15785,384,36,36,25,11,0,0,7,17,12,8,0,8,28,0,0,4,6,6,9,2,4,5,31,0,4,1,0,0,36,0,0
2022,Sudeste,3,São Paulo,SP,35,Limeira,3526902,0,Piracicaba,6,Limeira,27,3,4,ANHANGUERA EDUCACIONAL PARTICIPACOES S/A,16452,3936,FACULDADE ANHANGUERA DE LIMEIRA,,Rua Clarino Peixoto de Oliveira,280,-,Jardim Maria Brushi Modeneis,13482231.0,1,0,0,0,0,1,0,0,0,0,0,0,0,0,0,0,0,1,1,1,1,1,1,60395,238009,5,5,1,4,0,0,0,1,4,2,0,2,3,0,0,1,1,0,1,0,1,1,5,0,0,0,0,0,5,0,0
2022,Sudeste,3,São Paulo,SP,35,Indaiatuba,3520509,0,Campinas,7,Campinas,32,3,4,ANHANGUERA EDUCACIONAL PARTICIPACOES S/A,16452,3937,Faculdade Anhanguera de Indaiatuba,,Rua Cláudio Dal Canton,89,-,Cidade Nova II,13334390.0,50,0,0,0,0,5,5,11,4,19,2,2,1,0,1,0,0,1,1,1,1,1,1,60395,238009,84,84,41,43,0,0,34,15,35,4,0,4,46,34,3,11,21,12,10,9,7,11,69,3,11,1,0,0,84,0,2
2022,Sudeste,3,São Paulo,SP,35,Tatuí,3554003,0,Itapetininga,11,Tatuí,43,3,5,ASSOCIACAO DE ENSINO JULIAN CARVALHO - AEJC,2491,3940,FACULDADE DE ENSINO SUPERIOR SANTA BARBARA,FAESB,Rua XI de Agosto,2.900,-,Valinho,18277000.0,30,0,0,4,2,7,6,4,4,3,0,0,0,0,0,0,0,1,0,1,1,1,1,0,15000,81,79,41,38,0,0,29,30,20,5,2,3,26,48,5,8,20,22,11,9,1,3,52,2,5,1,0,19,79,0,1
2022,Sudeste,3,Minas Gerais,MG,31,Oliveira,3145604,0,Oeste de Minas,9,Oliveira,46,3,5,FUNDACAO EDUCACIONAL DE OLIVEIRA,2126,3954,FACULDADE EDUCACIONAL JURÍDICA E GERENCIAL DE OLIVEIRA,FEJUGO,Rua Benjamim Guimarães,27,-,Centro,35540000.0,18,0,0,0,0,2,1,5,0,1,1,3,3,1,1,0,0,0,0,0,0,1,0,2,2,32,32,12,20,0,0,7,23,2,3,2,1,12,17,4,3,3,7,9,5,1,0,27,2,3,0,0,0,32,0,0
2022,Sudeste,3,Minas Gerais,MG,31,Cataguases,3115300,0,Zona da Mata,12,Cataguases,66,3,5,FUNDACAO DE ENSINO E PESQUISA DO SUL DE MINAS,2124,3955,FACULDADES INTEGRADAS DE CATAGUASES,FIC,Rua Romualdo Menezes,701,-,Menezes,36773084.0,13,0,0,0,0,1,0,3,1,2,1,1,3,0,1,1,0,0,1,0,1,0,1,866,15774,47,47,16,31,0,0,14,25,8,1,0,1,30,16,1,8,10,8,7,4,4,5,33,0,0,0,0,14,47,0,0
2022,Sudeste,3,Minas Gerais,MG,31,Caratinga,3113404,0,Vale do Rio Doce,8,Caratinga,40,2,5,FUNDACAO EDUCACIONAL DE CARATINGA FUNEC,384,3966,CENTRO UNIVERSITÁRIO DE CARATINGA,UNEC,Av. Moacyr de Mattos,87,-,Centro,35300047.0,902,79,68,18,12,298,131,129,44,60,43,6,11,2,1,1,0,1,1,1,1,1,1,500,13756,196,196,86,110,0,0,87,71,38,100,0,100,60,36,8,21,37,34,37,23,15,21,151,10,33,0,1,1,196,0,2
2022,Sudeste,3,Minas Gerais,MG,31,Machado,3139003,0,Sul/Sudoeste de Minas,10,Alfenas,49,3,5,FUNDACAO EDUCACIONAL DE MACHADO,76,3972,CENTRO SUPERIOR DE ENSINO E PESQUISA DE MACHADO,CESEP,Av Dr Athayde Pereira de Souza,730,-,Centro,37750000.0,14,0,0,1,0,3,3,4,0,1,2,0,0,0,0,0,0,0,0,0,1,1,0,0,0,35,35,22,13,0,0,8,14,13,13,0,13,18,4,0,5,6,9,7,2,2,4,28,3,3,0,0,1,35,0,0
2022,Sudeste,3,São Paulo,SP,35,Santo André,3547809,0,Metropolitana de São Paulo,15,São Paulo,61,3,4,INSTITUTO PENTAGONO DE ENSINO SUPERIOR LTDA - EPP,2506,3978,FACULDADE DE TECNOLOGIA PENTÁGONO,FATEP,Rua Coronel Fernando Prestes,326,-,Centro,9020110.0,10,0,0,0,1,0,2,2,0,1,0,0,2,0,2,1,0,1,1,1,1,1,1,200,0,32,31,6,25,0,0,16,10,5,6,0,6,16,9,0,0,1,4,2,8,9,7,25,2,2,1,0,1,31,0,0
2022,Sudeste,3,Minas Gerais,MG,31,Formiga,3126109,0,Oeste de Minas,9,Formiga,44,2,5,FUNDACAO EDUCACIONAL DE FORMIGA-MG - FUOM,215,3983,CENTRO UNIVERSITÁRIO DE FORMIGA,UNIFORMG,Avenida Doutor Arnaldo de Senna,328,-,Palmeiras,35574530.0,111,0,2,0,1,17,9,16,12,15,7,14,10,2,6,0,0,1,1,0,1,0,1,675,12000,110,105,56,49,0,0,15,60,30,23,0,23,31,51,1,10,21,24,19,18,8,4,93,0,8,0,0,4,105,0,0
2022,Sudeste,3,São Paulo,SP,35,São Paulo,3550308,1,Metropolitana de São Paulo,15,São Paulo,61,2,5,SERVICO NACIONAL DE APRENDIZAGEM COMERCIAL SENAC,543,3985,CENTRO UNIVERSITÁRIO SENAC,SENACSP,Av. Engenheiro Eusébio Stevaux,nº 823,-,Jurubatuba,4696000.0,635,39,15,11,5,117,80,142,74,76,55,13,5,2,1,1,0,1,1,1,1,1,1,9435,20067,411,410,156,254,0,0,102,210,98,105,0,105,107,198,5,28,54,88,78,63,54,40,352,11,34,7,1,5,407,3,1
2022,Sudeste,3,Rio de Janeiro,RJ,33,Rio de Janeiro,3304557,1,Metropolitana do Rio de Janeiro,6,Rio de Janeiro,18,3,4,INFNET EDUCACAO LTDA.,2519,3998,INSTITUTO INFNET RIO DE JANEIRO,INFNET,Rua São José,90,2º andar,Centro,20010020.0,72,0,0,0,0,13,9,15,13,5,9,0,4,1,3,0,0,1,0,1,1,0,1,300000,36000,187,127,36,91,0,0,28,55,44,5,3,2,122,0,1,16,28,35,19,13,11,4,87,2,12,0,0,26,126,1,2
2022,Sudeste,3,São Paulo,SP,35,Marília,3529005,0,Marília,9,Marília,38,3,4,SOCIEDADE CULTURAL E EDUCACIONAL DO INTERIOR PAULISTA S/S LTDA,2394,4000,FACULDADE DE ENSINO SUPERIOR DO INTERIOR PAULISTA,FAIP,Avenida Antonieta Altenfelder,65,-,Jardim Santa Antonieta,17512130.0,24,1,1,1,1,4,2,7,3,1,1,1,1,0,0,0,0,1,1,1,1,1,1,50,14500,63,62,33,29,0,0,21,31,10,14,14,0,48,0,6,16,12,12,7,4,3,2,47,2,4,2,0,7,62,0,0
2022,Sudeste,3,São Paulo,SP,35,Pirassununga,3539301,0,Campinas,7,Pirassununga,29,3,4,DIDACIEBE CENTRO INTEGRADO DE EDUCACAO BRASIL - EUROPA LTDA,2523,4007,"FATECE - FACULDADE DE TECNOLOGIA, CIÊNCIAS E EDUCAÇÃO",FATECE,Avenida Painguás,225/243,-,Vila Urupês,13630272.0,19,0,0,1,1,4,0,1,1,3,2,0,1,2,3,0,0,0,1,0,1,1,1,468,12500,30,30,11,19,0,0,10,8,12,14,0,14,16,0,1,5,8,7,2,6,0,1,23,0,1,0,0,6,30,0,0
2022,Sudeste,3,São Paulo,SP,35,Rio Claro,3543907,0,Piracicaba,6,Rio Claro,26,3,4,ANHANGUERA EDUCACIONAL PARTICIPACOES S/A,16452,4013,FACULDADE ANHANGUERA DE RIO CLARO,,Rua 22 Be,669,-,Chácara Luza,13501388.0,6,0,0,0,0,0,0,2,1,1,0,2,0,0,0,0,0,1,1,1,1,1,1,60395,238009,48,48,21,27,0,0,13,5,30,2,0,2,29,17,0,5,8,6,8,7,3,11,35,1,12,0,0,0,48,0,0
2022,Sudeste,3,Rio de Janeiro,RJ,33,Rio de Janeiro,3304557,1,Metropolitana do Rio de Janeiro,6,Rio de Janeiro,18,3,1,MINISTERIO DA EDUCACAO,391,4016,INSTITUTO NACIONAL DE EDUCAÇÃO DE SURDOS,INES,Rua das Laranjeiras,232,Unidade SEDE,Laranjeiras,,50,0,0,0,0,5,4,6,6,11,9,7,2,0,0,1,0,0,1,1,1,1,1,30,1,40,37,28,9,0,0,1,3,33,37,37,0,0,0,0,1,4,7,7,4,5,9,14,4,1,0,0,18,36,1,5
2022,Sudeste,3,São Paulo,SP,35,Jundiaí,3525904,0,Macro Metropolitana Paulista,12,Jundiaí,47,2,4,ESCOLAS PADRE ANCHIETA LTDA,2500,4017,CENTRO UNIVERSITÁRIO PADRE ANCHIETA,UNIANCHIETA,Avenida Dr. Adoniro Ladeira,94,CAMPUS UNIVERSITÁRIO PROF. PEDRO C. FORNARI,Vila Jundiainopolis,13210800.0,265,19,9,9,12,91,39,28,10,20,9,7,6,4,2,0,0,0,1,1,1,1,1,0,12794,249,237,105,132,0,0,57,101,79,34,0,34,26,177,8,19,38,52,38,29,31,22,226,2,6,1,0,2,237,0,1
2022,Sudeste,3,São Paulo,SP,35,Botucatu,3507506,0,Bauru,4,Botucatu,23,3,2,CENTRO ESTADUAL DE EDUCACAO TECNOLOGICA PAULA SOUZA,33,4020,FACULDADE DE TECNOLOGIA DE BOTUCATU,FATEC BT,Avenida José Ítalo Bachi,s/n,-,Jardim Aeroporto,18606855.0,14,0,0,0,0,1,0,3,2,3,2,0,3,0,0,0,0,0,0,0,1,1,1,0,0,61,61,20,41,0,0,8,22,31,4,0,4,34,23,1,1,10,13,13,8,7,8,47,0,2,1,0,11,60,1,1
2022,Sudeste,3,São Paulo,SP,35,Garça,3516705,0,Marília,9,Marília,38,3,2,CENTRO ESTADUAL DE EDUCACAO TECNOLOGICA PAULA SOUZA,33,4021,FACULDADE DE TECNOLOGIA DE GARÇA,FATECGA,Av. Presidente Vargas,2331,-,Vila José Ribeiro,17400000.0,18,0,0,0,0,1,1,5,1,2,5,0,2,1,0,0,0,0,1,1,1,1,1,0,0,60,52,20,32,0,1,8,23,20,0,0,0,0,52,1,3,2,7,9,10,6,14,41,0,3,4,0,4,52,0,0
2022,Sudeste,3,São Paulo,SP,35,Jundiaí,3525904,0,Macro Metropolitana Paulista,12,Jundiaí,47,3,2,CENTRO ESTADUAL DE EDUCACAO TECNOLOGICA PAULA SOUZA,33,4022,FACULDADE DE TECNOLOGIA DE JUNDIAÍ,FATEC/JD,Avenida União dos Ferroviários,1760,-,Centro,13201160.0,10,0,0,0,0,1,0,2,2,5,0,0,0,0,0,0,0,0,1,0,1,0,1,0,0,78,76,28,48,0,0,15,43,18,5,1,4,38,33,0,3,6,7,10,15,14,21,43,0,5,2,0,26,74,2,0
2022,Sudeste,3,São Paulo,SP,35,Mauá,3529401,0,Metropolitana de São Paulo,15,São Paulo,61,3,2,CENTRO ESTADUAL DE EDUCACAO TECNOLOGICA PAULA SOUZA,33,4023,FACULDADE DE TECNOLOGIA DE MAUÁ,FATEC MAUÁ,Avenida Antônia Rosa Fioravanti,804,-,Jardim Rosina,9390120.0,14,0,0,0,0,1,2,2,5,1,2,0,1,0,0,0,0,0,0,1,1,0,0,3,3,141,122,31,91,0,1,21,65,35,2,0,2,50,70,1,4,10,14,13,23,25,32,86,2,13,2,0,19,122,0,0
2022,Sudeste,3,São Paulo,SP,35,Mococa,3530508,0,Campinas,7,São João da Boa Vista,30,3,2,CENTRO ESTADUAL DE EDUCACAO TECNOLOGICA PAULA SOUZA,33,4024,FACULDADE DE TECNOLOGIA DE MOCOCA,FATEC,Avenida Américo Pereira Lima,S/N,-,Jardim Lavínia,13736260.0,12,0,0,0,0,0,0,3,5,2,1,0,1,0,0,0,0,0,0,0,0,0,0,0,0,46,43,19,24,0,0,7,20,16,8,3,5,23,12,0,2,8,8,10,8,3,4,35,1,1,1,0,5,42,1,0
2022,Sudeste,3,São Paulo,SP,35,São José do Rio Preto,3549805,0,São José do Rio Preto,1,São José do Rio Preto,4,3,2,CENTRO ESTADUAL DE EDUCACAO TECNOLOGICA PAULA SOUZA,33,4025,FACULDADE DE TECNOLOGIA DE SÃO JOSÉ DO RIO PRETO,FATECRP,Rua Fernandópolis,2510,-,Eldorado,15043020.0,6,0,0,0,0,0,0,1,3,2,0,0,0,0,0,0,0,0,0,1,0,0,1,0,0,50,50,19,31,0,0,4,20,26,9,2,7,27,14,1,1,7,6,11,10,8,6,46,0,3,0,0,1,50,0,0
2022,Sudeste,3,São Paulo,SP,35,São Paulo,3550308,1,Metropolitana de São Paulo,15,São Paulo,61,3,2,CENTRO ESTADUAL DE EDUCACAO TECNOLOGICA PAULA SOUZA,33,4026,FACULDADE DE TECNOLOGIA ZONA LESTE,FATEC-ZL,Avenida Águia de Haia,2983,Faculdade de Tecnologia da Zona Leste,Parque Paineiras,3694000.0,22,0,0,1,2,2,2,8,2,0,0,2,3,0,0,0,0,0,1,1,1,1,1,42,0,156,143,48,95,0,2,26,80,35,10,0,10,67,66,2,7,9,19,20,26,30,30,102,5,23,4,0,9,142,1,0
2022,Sudeste,3,São Paulo,SP,35,Santa Bárbara d'Oeste,3545803,0,Campinas,7,Campinas,32,3,4,UNIESP S.A,16134,4029,FACULDADE DE SANTA BÁRBARA D'OESTE,FAP,Rua da Agricultura,4.000,-,Gerivá,13454005.0,6,0,0,0,2,0,1,1,0,1,0,1,0,0,0,1,0,1,0,1,1,1,1,22203,11213,7,7,4,3,0,0,2,3,2,4,0,4,3,0,0,0,1,1,0,2,0,3,6,0,0,0,0,1,7,0,0
2022,Sudeste,3,Rio de Janeiro,RJ,33,Campos dos Goytacazes,3301009,0,Norte Fluminense,2,Campos dos Goytacazes,3,2,5,FUNDACAO CULTURAL DE CAMPOS,347,4030,CENTRO UNIVERSITÁRIO FLUMINENSE,UNIFLU,Rua Tenente-Coronel Cardoso,349,CAMPUS I,Centro,28010801.0,59,1,2,4,4,13,12,13,5,2,3,0,0,0,0,0,0,1,1,1,1,1,1,0,0,100,100,50,50,0,0,33,50,17,22,0,22,56,22,0,5,16,20,19,8,5,27,77,6,14,0,0,3,100,0,0
2022,Sudeste,3,Minas Gerais,MG,31,Belo Horizonte,3106200,1,Metropolitana de Belo Horizonte,7,Belo Horizonte,30,3,5,SKEMA ESCOLA DE NEGOCIOS EIRELI,17108,4053,FACULDADE SKEMA BUSINESS SCHOOL,SKEMA,Avenida do Contorno,5456,Sede,Funcionários,30110036.0,42,0,0,0,0,0,4,13,9,5,1,3,3,2,2,0,0,1,1,1,1,1,1,52000,57000,23,23,9,14,0,0,3,11,9,7,1,6,14,2,0,0,0,9,5,3,3,3,18,1,3,0,0,1,22,1,0
2022,Sudeste,3,São Paulo,SP,35,São Joaquim da Barra,3549409,0,Ribeirão Preto,2,São Joaquim da Barra,10,3,4,ERICA SMARGIASSI EDUCACAO SUPERIOR,17953,4059,"FACULDADE DE SAÚDE, CIÊNCIAS E TECNOLOGIA - FACESB",FACESB,Rua Maria Rosa da Silva,151,-,Jardim Paraíso,14600000.0,8,0,0,0,0,2,0,2,2,0,1,1,0,0,0,0,0,1,0,1,1,0,1,2800,17,31,31,11,20,0,0,19,9,3,7,4,3,20,4,2,7,6,7,4,3,2,0,21,0,8,0,0,2,31,0,0
2022,Sudeste,3,Rio de Janeiro,RJ,33,Campos dos Goytacazes,3301009,0,Norte Fluminense,2,Campos dos Goytacazes,3,3,5,JUNTA DE EDUCACAO E ACAO SOCIAL DA CONVENCAO BATISTA FLUMINENSE,3560,4066,FACULDADE BATISTA DO ESTADO DO RIO DE JANEIRO - FABERJ,FABERJ,Avenida Alberto Torres,249/261,- de 103 a 407 - lado ímpar,Centro,28035581.0,16,0,1,1,0,3,4,2,1,1,2,0,0,1,0,0,0,1,0,0,1,1,1,111,117,20,19,2,17,0,0,7,9,3,2,2,0,0,17,0,2,2,2,5,2,3,3,6,2,9,0,0,2,19,0,0
2022,Sudeste,3,Minas Gerais,MG,31,Belo Horizonte,3106200,1,Metropolitana de Belo Horizonte,7,Belo Horizonte,30,3,4,CENTRO DE ENSINO SUPERIOR INAP LTDA - ME,2561,4079,FACULDADE TECNOLÓGICA INAP,FAT- INAP,Avenida Carandaí,507,-,Funcionários,30130060.0,4,0,0,0,1,1,0,1,1,0,0,0,0,0,0,0,0,0,1,1,1,1,0,0,0,12,8,2,6,0,1,2,5,0,0,0,0,4,4,0,0,3,1,1,2,0,1,4,0,2,1,0,1,7,1,0
2022,Sudeste,3,São Paulo,SP,35,Santo André,3547809,0,Metropolitana de São Paulo,15,São Paulo,61,3,4,A.B. INSTITUTO INTERNACIONAL DE CIENCIAS SOCIAIS LTDA  - ME,2567,4086,FACULDADE DE TECNOLOGIA JARDIM,FATEJ,Rua Almirante Protógenes,68,-,Bairro Jardim,9090760.0,16,2,0,3,0,3,3,1,0,2,0,2,0,0,0,0,0,1,1,1,1,1,1,5000,5000,25,23,8,15,0,0,7,13,3,6,6,0,7,10,1,1,5,3,5,6,1,1,16,0,4,1,0,2,23,0,0
2022,Sudeste,3,São Paulo,SP,35,Roseira,3544301,0,Vale do Paraíba Paulista,13,Guaratinguetá,51,3,4,ESCOLA TECNICA DA REGIAO PAULISTA LTDA.,17540,4090,FACULDADE DE ROSEIRA,FARO,Rodovia Presidente Dutra - Km 77,s/n,-,Roseira Velha,12580000.0,29,1,0,0,3,1,2,0,1,2,1,4,10,3,1,0,0,1,1,1,1,1,0,60,9000,19,19,9,10,0,0,1,13,5,4,0,4,13,2,0,0,3,5,6,1,1,3,14,1,0,0,0,4,19,0,0
2022,Sudeste,3,São Paulo,SP,35,São Paulo,3550308,1,Metropolitana de São Paulo,15,São Paulo,61,3,4,Etapa Educacional - Eireli,2577,4104,ESCOLA SUPERIOR DE ENGENHARIA E GESTÃO DE SÃO PAULO - ESEG,ESEG,Rua Vergueiro,1951,-,Vila Mariana,4101000.0,33,0,0,0,0,4,2,20,7,0,0,0,0,0,0,0,0,0,0,0,1,0,0,0,12072,63,63,12,51,0,0,3,25,35,6,6,0,3,54,2,6,13,12,10,7,6,7,53,0,3,6,0,1,62,1,0
2022,Sudeste,3,São Paulo,SP,35,Santa Bárbara d'Oeste,3545803,0,Campinas,7,Campinas,32,3,4,ANHANGUERA EDUCACIONAL PARTICIPACOES S/A,16452,4138,FACULDADE ANHANGUERA DE SANTA BÁRBARA,,Rua Juscelino Kubitschek de Oliveira,1450,-,2º Distrito Industrial,13456401.0,59,0,0,0,0,8,3,12,6,18,3,5,2,1,1,0,0,1,1,1,1,1,1,60395,238009,118,118,60,58,0,0,36,39,43,7,0,7,47,64,4,17,25,25,13,10,11,13,99,2,15,2,0,0,117,1,3
2022,Sudeste,3,São Paulo,SP,35,Taubaté,3554102,0,Vale do Paraíba Paulista,13,São José dos Campos,50,3,4,UNIAO DE ENSINO UNOPAR S.A.,1176,4141,FACULDADE ANHANGUERA DE TAUBATÉ,,Av. Charles Schnneider,585,Unidade II,Pq. Senhor Bonfim,12040000.0,2,0,0,0,0,0,0,1,0,0,1,0,0,0,0,0,0,1,1,1,1,1,1,60395,238009,149,149,70,79,0,0,40,56,53,18,0,18,61,70,11,15,17,29,28,25,12,12,126,2,17,3,1,0,149,0,3
2022,Sudeste,3,São Paulo,SP,35,Piracicaba,3538709,0,Piracicaba,6,Piracicaba,28,3,4,INSTITUTO DE DESENVOLVIMENTO TECNOLOGICO E EDUCACIONAL DE PIRACICABA LTDA,2605,4150,FACULDADE DE TECNOLOGIA DE PIRACICABA,FATEP,Rua Silva Jardim,1.763,-,Cidade Alta,13419140.0,12,0,0,0,0,1,1,5,0,2,2,0,1,0,0,0,0,1,1,0,1,0,1,0,15691,69,69,29,40,0,0,11,30,28,15,1,14,35,19,2,6,11,8,11,12,13,6,58,0,2,0,0,9,69,0,0
2022,Sudeste,3,Minas Gerais,MG,31,Uberaba,3170107,0,Triângulo Mineiro/Alto Paranaíba,5,Uberaba,22,3,5,ASSOCIACAO EDUCACIONAL DR. ODILON FERNANDES,3484,4166,FACULDADE UNIBRASÍLIA DE MINAS GERAIS,BRASÍLIA,Rua Ronan Martins Marques,487,-,Santa Maria,38050600.0,12,2,1,0,1,1,0,4,1,1,1,0,0,0,0,0,0,0,1,1,1,0,1,350,12000,47,44,22,22,0,0,9,23,12,0,0,0,38,6,1,11,8,5,10,2,5,2,21,0,7,0,0,16,44,0,0
2022,Sudeste,3,São Paulo,SP,35,Carapicuíba,3510609,0,Metropolitana de São Paulo,15,Osasco,57,3,4,CENTRO EDUCACIONAL NOSSA CIDADE LTDA.,2617,4169,Faculdade Estácio de Carapicuíba,ESTÁCIO CARAPICUÍBA,AV. FRANCISCO PIGNATARI,630,-,VILA GUSTAVO CORREIA,6310330.0,112,0,0,0,0,9,11,9,3,17,21,15,18,6,3,0,0,1,1,0,1,0,1,36000,25981,103,103,46,57,0,0,4,64,35,33,0,33,36,34,2,18,15,20,18,11,7,12,28,3,13,0,0,59,103,0,1
2022,Sudeste,3,São Paulo,SP,35,Peruíbe,3537602,0,Litoral Sul Paulista,14,Itanhaém,56,3,4,"UNISEPE UNIAO DAS INSTITUICOES DE SERVICO, ENSINO E PESQUISA LTDA",715,4185,FACULDADE PERUIBE,FPBE,Avenida Darcy Fonseca,530,-,Jardim dos Prados,11750000.0,9,0,0,0,0,1,2,3,1,2,0,0,0,0,0,0,0,0,1,1,1,0,0,0,0,26,26,13,13,0,0,10,11,5,4,4,0,3,19,0,4,4,6,3,5,3,1,19,0,2,0,0,5,26,0,0
2022,Sudeste,3,São Paulo,SP,35,São Paulo,3550308,1,Metropolitana de São Paulo,15,São Paulo,61,3,4,CENTRO DE ESTUDOS DE ADMINISTRACAO E MARKETING CEAM LTDA,918,4211,Faculdade ESAMC São Paulo - ESAMC,ESAMC,Rua Caiubi,127,-,Perdizes,5010000.0,16,0,0,0,0,0,0,9,6,1,0,0,0,0,0,0,0,0,1,1,1,0,1,824,16500,10,10,4,6,0,0,3,4,3,0,0,0,6,4,0,2,2,4,2,0,0,0,1,0,1,0,0,8,10,0,0
2022,Sudeste,3,Minas Gerais,MG,31,Pedro Leopoldo,3149309,0,Metropolitana de Belo Horizonte,7,Belo Horizonte,30,3,5,FUNDACAO CULTURAL DR PEDRO LEOPOLDO,450,4218,FACULDADE PEDRO LEOPOLDO,FPL,Avenida Lincoln Diogo Viana,830,-,Doutor Lund,33600000.0,31,0,0,3,4,6,1,5,7,0,0,0,3,2,0,1,0,1,1,1,1,1,0,0,0,34,25,8,17,0,0,4,9,12,3,0,3,12,10,0,0,2,2,2,4,5,10,12,0,5,0,0,8,25,0,0
2022,Sudeste,3,Minas Gerais,MG,31,Além Paraíba,3101508,0,Zona da Mata,12,Cataguases,66,3,5,FUNDACAO EDUCACIONAL DE ALEM PARAIBA,401,4219,INSTITUTO SUPERIOR DE EDUCAÇÃO PROFESSORA NAIR FORTES ABU-MERHY,ISEFOR,Rua Isabel Herdy Alves,305,PRÉDIO DO CAP,SAO JOSÉ,36660000.0,5,0,0,0,0,1,0,1,0,1,2,0,0,0,0,1,0,0,1,0,1,1,1,30,40,18,18,6,12,0,0,14,2,2,0,0,0,0,18,0,1,2,3,2,4,4,2,15,0,0,0,0,3,18,0,0
2022,Sudeste,3,Minas Gerais,MG,31,Belo Horizonte,3106200,1,Metropolitana de Belo Horizonte,7,Belo Horizonte,30,3,4,ORME SERVICOS EDUCACIONAIS LTDA,3167,4251,FACULDADE ANHANGUERA DE TECNOLOGIA DE BELO HORIZONTE,,Rua dos Guajajaras,591,UNIDADE GUAJAJARAS (SEDE),Centro,30180100.0,191,0,0,0,0,10,9,68,21,43,13,16,5,6,0,0,0,1,1,1,1,1,1,60395,238009,35,35,17,18,0,0,5,4,26,2,0,2,30,3,0,0,6,6,5,6,3,9,26,1,8,0,0,0,35,0,0
2022,Sudeste,3,Minas Gerais,MG,31,Montes Claros,3143302,0,Norte de Minas,2,Montes Claros,7,2,4,SOCIEDADE PADRAO DE EDUCACAO SUPERIOR LTDA,1040,4256,Centro Universitário FIP-MOC,UNIFIPMoc,Avenida Professora Aida Mainartina Paraíso,80,-,Ibituruna,39408007.0,202,4,2,6,8,54,41,34,11,12,9,4,8,6,3,0,0,1,1,1,1,1,1,11583,12708,238,235,123,112,0,0,66,118,51,71,0,71,75,89,4,22,45,59,44,30,16,15,52,4,170,2,0,7,235,0,1
2022,Sudeste,3,Minas Gerais,MG,31,Virginópolis,3171808,0,Vale do Rio Doce,8,Guanhães,35,3,4,EDUCARE SISTEMA EDUCACIONAL DE ENSINO SUPERIOR LTDA,18068,4289,FACULDADE DO VALE ELVIRA DAYRELL - FAVED,FAVED,Rodovia de Ligação da Br 259 À Br 120,s/n,KM 001,Centro,39730000.0,13,0,0,0,1,3,3,3,3,0,0,0,0,0,0,1,0,0,1,0,1,1,1,2300,8000,20,9,3,6,0,0,7,2,0,0,0,0,1,8,0,1,3,1,0,3,1,0,4,0,5,0,0,0,9,0,0
2022,Sudeste,3,São Paulo,SP,35,São Paulo,3550308,1,Metropolitana de São Paulo,15,São Paulo,61,3,4,UNIAO NACIONAL DE EDUCACAO E TECNOLOGIA UNITEC EIRELI,17243,4357,FACULDADE QUALITTAS,QUALITTAS,Avenida Paulista,302/306,"Conjuntos 10,50,60,70,80,90,100,110,120 e 130",Bela Vista,1310000.0,6,0,0,0,0,1,0,2,0,2,1,0,0,0,0,1,0,1,1,1,1,1,1,38,12125,5,5,3,2,0,0,0,3,2,3,0,3,2,0,0,0,0,0,2,1,1,1,4,0,1,0,0,0,5,0,0
2022,Sudeste,3,Minas Gerais,MG,31,Pouso Alegre,3152501,0,Sul/Sudoeste de Minas,10,Pouso Alegre,52,4,1,"INSTITUTO FEDERAL DE EDUCACAO, CIENCIA E TECNOLOGIA DO SUL DE MINAS GERAIS",8622,4358,"INSTITUTO FEDERAL DE EDUCAÇÃO, CIÊNCIA E TECNOLOGIA DO SUL DE MINAS GERAIS",IF SUL DE MINAS,Avenida Vicente Simões,1111,-,Nova Pouso Alegre,37553465.0,618,3,4,2,5,21,28,33,52,123,122,99,97,11,18,1,0,1,1,1,1,1,1,0,15915,482,479,181,298,0,2,23,145,309,452,402,50,6,21,9,55,111,132,68,41,42,21,358,11,56,2,0,52,478,1,0
2022,Sudeste,3,Minas Gerais,MG,31,Betim,3106705,0,Metropolitana de Belo Horizonte,7,Belo Horizonte,30,3,4,ORME SERVICOS EDUCACIONAIS LTDA,3167,4362,FACULDADE ANHANGUERA DE BETIM,,Avenida Presidente Kubitschek,229,-,Centro,32600225.0,214,0,0,0,0,6,8,88,19,56,10,12,2,9,4,0,0,1,1,1,1,1,1,60395,238009,169,169,83,86,0,0,24,76,69,19,0,19,88,62,10,24,28,43,23,16,11,14,122,3,41,3,0,0,169,0,4
2022,Sudeste,3,Rio de Janeiro,RJ,33,Macaé,3302403,0,Norte Fluminense,2,Macaé,4,3,3,MUNICIPIO DE MACAE,17344,4428,FACULDADE PROFESSOR MIGUEL ÂNGELO DA SILVA SANTOS,FEMASS,Rua Aloísio da Silva Gomes,50,-,Granja dos Cavaleiros,27930560.0,17,0,0,0,0,2,0,2,0,8,2,1,0,0,2,1,0,0,1,1,1,1,0,0,0,60,60,29,31,0,0,11,32,17,20,0,20,26,14,1,7,8,13,11,5,9,6,48,2,10,0,0,0,60,0,1
2022,Sudeste,3,São Paulo,SP,35,São Paulo,3550308,1,Metropolitana de São Paulo,15,São Paulo,61,3,5,ASSOCIACAO EDUCACIONAL PASCHOAL DANTAS,2838,4492,FACULDADE PASCHOAL DANTAS,FPD,Avenida Afonso de Sampaio e Sousa,495,-,Parque do Carmo,8270000.0,30,0,1,1,0,3,2,3,1,3,1,8,3,3,1,0,0,0,1,1,1,1,0,40,1000,31,30,16,14,0,0,8,15,7,0,0,0,0,30,1,0,3,4,6,8,7,1,25,2,3,0,0,0,30,0,0
2022,Sudeste,3,Rio de Janeiro,RJ,33,Rio de Janeiro,3304557,1,Metropolitana do Rio de Janeiro,6,Rio de Janeiro,18,3,5,FUNDACAO EDUCACIONAL UNIFICADA CAMPOGRANDENSE,150,4502,FACULDADES INTEGRADAS CAMPO-GRANDENSES,FIC,Estrada da Caroba,685,-,Campo Grande,23085590.0,17,0,0,0,1,2,3,6,0,3,1,0,1,0,0,0,0,0,0,1,1,1,1,120,9600,31,31,16,15,0,0,6,20,5,1,0,1,5,25,0,3,4,7,8,4,2,3,14,5,9,0,0,3,31,0,0
2022,Sudeste,3,São Paulo,SP,35,Lins,3527108,0,Bauru,4,Lins,19,2,5,MISSAO SALESIANA DE MATO GROSSO,270,4522,CENTRO UNIVERSITÁRIO CATÓLICO SALESIANO AUXILIUM,UNISALESIANO,Rua Dom Bosco,265,-,Centro,16400505.0,247,21,8,18,5,50,38,42,22,26,6,5,4,1,1,0,0,1,1,1,1,1,1,2700,10900,286,267,141,126,0,0,42,134,91,83,9,74,159,25,4,26,46,51,51,36,24,29,194,4,36,9,1,23,266,1,6
2022,Sudeste,3,São Paulo,SP,35,Ribeirão Preto,3543402,0,Ribeirão Preto,2,Ribeirão Preto,14,3,5,REDE GONZAGA DE ENSINO SUPERIOR - REGES,2454,4596,FACULDADE REGES DE RIBEIRÃO PRETO,,Rua Doutor Benjamim Anderson Stauffer,801,-,Jardim Botânico,14021617.0,14,3,0,1,0,3,1,0,0,1,0,2,3,0,0,1,0,1,1,0,1,1,1,0,9050,38,36,9,27,0,0,9,22,5,7,5,2,15,14,0,5,7,6,8,4,4,2,23,0,1,1,0,11,36,0,0
2022,Sudeste,3,São Paulo,SP,35,Votuporanga,3557105,0,São José do Rio Preto,1,Votuporanga,3,3,5,"INSTITUTO DE CIENCIA, EDUCACAO E TECNOLOGIA DE VOTUPORANGA",2078,4597,FACULDADE FUTURA,,Avenida Vale do Sol,4876,-,Vale do Sol,15500269.0,12,0,0,0,0,2,2,7,1,0,0,0,0,0,0,0,0,0,1,1,1,1,0,119,15604,41,39,19,20,0,0,8,22,9,3,0,3,36,0,2,6,7,8,5,4,4,3,27,2,9,0,0,1,39,0,0
2022,Sudeste,3,São Paulo,SP,35,São José dos Campos,3549904,0,Vale do Paraíba Paulista,13,São José dos Campos,50,3,4,ANHANGUERA EDUCACIONAL PARTICIPACOES S/A,16452,4652,FACULDADE ANHANGÜERA DE SÃO JOSÉ,,Avenida Dr. João Batista de Souza Soares,4.121,Unidade SEDE,Cidade Morumbi,12236660.0,205,0,0,0,0,13,5,57,16,61,20,14,7,10,2,0,0,1,1,1,1,1,1,60395,238009,166,166,92,74,0,0,35,58,73,26,0,26,90,50,16,21,27,32,26,18,15,11,137,6,20,3,0,0,165,1,1
2022,Sudeste,3,São Paulo,SP,35,Sorocaba,3552205,0,Macro Metropolitana Paulista,12,Sorocaba,46,3,4,ANHANGUERA EDUCACIONAL PARTICIPACOES S/A,16452,4655,FACULDADE ANHANGÜERA DE SOROCABA,FSO,Avenida Doutor Armando Pannunzio,1478,CAMPUS  - SOROCABA - ITANGUÁ,Jardim Vera Cruz,18050000.0,166,0,0,0,0,16,5,70,15,30,3,11,7,5,4,0,0,1,1,1,1,1,1,60395,238009,157,157,89,68,0,0,37,56,64,27,0,27,83,47,7,29,35,30,19,12,11,14,127,3,22,4,1,0,157,0,5
2022,Sudeste,3,São Paulo,SP,35,Piracicaba,3538709,0,Piracicaba,6,Piracicaba,28,3,4,ANHANGUERA EDUCACIONAL PARTICIPACOES S/A,16452,4656,FACULDADE ANHANGÜERA DE PIRACICABA,,Rua Santa Catarina,1.005,-,Piracicamirim,13425075.0,92,0,0,0,0,9,5,28,8,24,8,6,0,4,0,0,0,1,1,1,1,1,1,60395,238009,150,150,79,71,0,0,45,53,52,7,0,7,69,74,5,21,40,29,15,14,7,19,124,5,18,3,0,0,150,0,3
2022,Sudeste,3,Minas Gerais,MG,31,Juiz de Fora,3136702,0,Zona da Mata,12,Juiz de Fora,65,3,4,INSTITUTO VIANNA JUNIOR LTDA,228,4722,FACULDADES INTEGRADAS VIANNA JÚNIOR,FIVJ,Avenida dos Andradas,415,-,Centro,36036000.0,46,0,0,1,0,12,3,8,6,7,3,2,2,2,0,0,0,1,0,1,1,1,1,0,14000,62,53,19,34,0,0,17,30,6,4,3,1,22,27,0,2,7,12,12,10,6,4,46,1,5,0,0,1,53,0,0
2022,Sudeste,3,São Paulo,SP,35,Cruzeiro,3513405,0,Vale do Paraíba Paulista,13,Guaratinguetá,51,3,5,INSTITUTO NOSSA SENHORA APARECIDA - INSA,16651,4724,FACULDADE DE CIÊNCIAS HUMANAS DO ESTADO DE SÃO PAULO,FACIC,Rua dos Andradas,1039,-,Vila Brasil,12703030.0,22,0,0,0,0,2,1,12,3,1,3,0,0,0,0,0,0,1,1,1,1,1,1,10000,8230,33,33,14,19,0,0,0,22,11,16,0,16,17,0,1,4,4,5,8,4,3,4,21,3,1,0,0,8,33,0,0
2022,Sudeste,3,São Paulo,SP,35,São Paulo,3550308,1,Metropolitana de São Paulo,15,São Paulo,61,3,5,FUNDACAO MOKITI OKADA,3021,4731,FACULDADE MESSIANICA,,Rua Humberto I,612,-,Vila Mariana,4015050.0,12,0,0,0,0,1,0,3,2,3,2,1,0,0,0,0,0,0,0,1,1,0,1,41,0,20,20,10,10,0,1,3,6,10,6,0,6,8,6,0,0,3,3,2,3,1,8,17,0,1,0,0,2,20,0,0
2022,Sudeste,3,Minas Gerais,MG,31,Contagem,3118601,0,Metropolitana de Belo Horizonte,7,Belo Horizonte,30,2,4,BRASIL EDUCACAO S/A,3052,4766,Centro Universitário UNA de Contagem,,Avenida Maria da Glória Rocha,175,-,Bitácula ou 40 Alqueires,32010375.0,71,1,2,0,1,27,20,6,3,5,1,3,1,1,0,1,0,1,1,1,1,1,1,22000,34357,307,307,184,123,0,0,26,173,108,160,0,160,108,39,5,64,69,81,50,15,19,4,236,10,61,0,0,0,306,1,0
2022,Sudeste,3,Minas Gerais,MG,31,Belo Horizonte,3106200,1,Metropolitana de Belo Horizonte,7,Belo Horizonte,30,3,4,SEIM - SOCIEDADE EDUCACIONAL IRMAOS MUNIZ LTDA,17160,4777,FACULDADE KENNEDY DE BELO HORIZONTE,FKBH,Rua José Dias Vieira,46,-,"Rio Branco, Distrito Venda Nova",31535040.0,136,7,6,8,3,46,28,17,14,3,1,2,0,0,1,1,0,0,1,1,1,1,1,108273,14000,45,42,19,23,0,0,4,26,12,16,0,16,18,8,1,9,11,8,5,3,1,4,19,0,5,1,0,17,42,0,0
2022,Sudeste,3,Minas Gerais,MG,31,Unaí,3170404,0,Noroeste de Minas,1,Unaí,1,3,5,FACISA NOROESTE LTDA - EPP,16005,4780,FACULDADE DE CIÊNCIAS DA SAÚDE DE UNAÍ,FACISA,Avenida Governador Valadares - 371/1469 - ímpar,1441,-,Centro,38610016.0,94,3,0,0,1,4,0,6,0,34,11,15,12,3,5,0,0,0,1,0,1,1,1,0,24,53,29,19,10,0,0,11,14,4,12,12,0,15,2,1,3,12,5,5,2,1,0,10,0,11,0,0,8,29,0,0
2022,Sudeste,3,São Paulo,SP,35,Taubaté,3554102,0,Vale do Paraíba Paulista,13,São José dos Campos,50,3,5,SERVICO NACIONAL DE APRENDIZAGEM INDUSTRIAL,796,4814,FACULDADE DE TECNOLOGIA SENAI FELIX GUISARD,,Avenida Independência,846,-,Independência,12031001.0,4,0,0,0,0,1,0,0,1,1,0,0,0,0,1,0,0,1,0,1,1,1,1,3,15827,6,6,0,6,0,0,2,4,0,1,0,1,2,3,0,0,1,1,1,2,1,0,5,0,0,0,0,1,6,0,0
2022,Sudeste,3,São Paulo,SP,35,Osasco,3534401,0,Metropolitana de São Paulo,15,Osasco,57,3,5,SERVICO NACIONAL DE APRENDIZAGEM INDUSTRIAL,796,4815,FACULDADE DE TECNOLOGIA SENAI NADIR DIAS DE FIGUEIREDO,,Rua Ari Barroso,305,-,Presidente Altino,6216901.0,9,0,0,0,0,0,0,4,3,0,1,0,0,0,1,0,0,1,0,1,1,1,1,47,15773,10,10,1,9,0,0,5,4,1,7,0,7,0,3,0,1,1,0,1,1,0,6,9,0,1,0,0,0,10,0,0
2022,Sudeste,3,São Paulo,SP,35,São Carlos,3548906,0,Araraquara,5,São Carlos,25,3,5,SERVICO NACIONAL DE APRENDIZAGEM INDUSTRIAL,796,4820,FACULDADE DE TECNOLOGIA SENAI ANTÔNIO ADOLPHO LOBBE,,Rua Cândido Padim,25,-,Vila Prado,13574320.0,5,0,0,0,0,0,0,1,0,1,2,1,0,0,0,0,0,1,0,1,1,1,0,2,15827,10,10,2,8,0,0,6,2,2,0,0,0,7,3,0,0,1,0,4,5,0,0,10,0,0,0,0,0,10,0,0
2022,Sudeste,3,Minas Gerais,MG,31,Montes Claros,3143302,0,Norte de Minas,2,Montes Claros,7,3,4,FACULDADE MONTES CLAROS LTDA,2314,4821,FACULDADE PROMINAS DE MONTES CLAROS,PROMINAS,Rua Lírio Brant,511,-,Melo,39401063.0,18,0,0,0,0,2,2,10,1,2,0,1,0,0,0,0,0,1,1,1,1,0,1,106,27841,21,21,15,6,1,0,10,8,2,10,0,10,8,3,3,1,3,4,5,3,2,0,12,1,5,1,0,2,21,0,0
2022,Sudeste,3,São Paulo,SP,35,Campinas,3509502,0,Campinas,7,Campinas,32,3,4,ANHANGUERA EDUCACIONAL PARTICIPACOES S/A,16452,4826,FACULDADE ANHANGÜERA DE CAMPINAS,,Rua Emília Stefanelli Ceregatti,s/n,Faculdade Anhanguera de Campinas - Unidade IV (SEDE),Jardim Morumbi,13052100.0,292,0,0,0,0,37,17,86,29,68,23,21,4,6,1,0,0,1,1,1,1,1,1,60395,238009,242,242,131,111,0,0,69,95,78,32,0,32,126,84,13,40,46,46,37,22,22,16,195,10,31,5,0,1,242,0,3
2022,Sudeste,3,São Paulo,SP,35,São Paulo,3550308,1,Metropolitana de São Paulo,15,São Paulo,61,3,5,ASSOCIACAO DE ARTE E ENSINO SUPERIOR,3080,4829,ESCOLA SUPERIOR DE ARTES CÉLIA HELENA,,Avenida São Gabriel,462,-,Itaim Bibi,1435000.0,26,0,0,3,1,5,2,7,3,3,0,0,0,1,1,1,0,0,1,1,1,0,1,459,32,22,21,11,10,0,0,4,6,11,11,0,11,10,0,0,0,3,3,3,1,5,6,17,1,2,0,0,1,20,1,0
2022,Sudeste,3,Minas Gerais,MG,31,Matipó,3140902,0,Zona da Mata,12,Manhuaçu,61,2,4,SOEGAR-SOCIEDADE EDUCACIONAL GARDINGO LTDA - EPP,3092,4846,Centro Universitário Vértice,UNIVÉRTIX,Rua Bernardo Torres,180,-,Retiro,35367000.0,76,6,4,2,1,15,10,15,2,9,2,5,2,2,1,0,0,0,1,0,1,1,1,752,12000,103,102,44,58,0,0,39,40,23,33,12,21,69,0,7,21,25,18,14,10,2,5,61,2,34,0,0,5,102,0,0
2022,Sudeste,3,Minas Gerais,MG,31,Poços de Caldas,3151800,0,Sul/Sudoeste de Minas,10,Poços de Caldas,51,3,4,ORME SERVICOS EDUCACIONAIS LTDA,3167,4863,FACULDADE ANHANGUERA DE POÇOS DE CALDAS,,Avenida João Pinheiro,1.046,-,Jardim do Ginásio,37701386.0,130,0,0,0,2,11,5,49,12,30,4,9,4,4,0,0,0,1,1,1,1,1,1,60395,238009,112,112,61,51,0,0,26,42,44,16,0,16,58,38,4,17,30,20,15,9,5,12,88,4,19,1,0,0,112,0,1
2022,Sudeste,3,Espírito Santo,ES,32,Guarapari,3202405,0,Central Espírito-santense,3,Guarapari,10,3,4,ORME SERVICOS EDUCACIONAIS LTDA,3167,4867,FACULDADE ANHANGUERA DE GUARAPARI,,Rodovia Jones dos Santos neves,1.000,-,Lagoa Funda,29214005.0,95,0,0,0,0,9,9,37,8,16,4,5,5,0,2,0,0,1,1,1,1,1,1,60395,238009,50,50,24,26,0,0,10,6,34,4,0,4,36,10,3,8,6,10,3,7,3,10,33,2,14,1,0,0,50,0,1
2022,Sudeste,3,São Paulo,SP,35,Itapecerica da Serra,3522208,0,Metropolitana de São Paulo,15,Itapecerica da Serra,60,3,4,ANHANGUERA EDUCACIONAL PARTICIPACOES S/A,16452,4878,FACULDADE ANHANGUERA DE ITAPECERICA DA SERRA,,Avenida XV de Novembro,1586,-,Centro,6850100.0,31,0,0,2,0,6,4,6,2,5,4,2,0,0,0,0,0,1,1,1,1,1,1,60395,238009,69,69,34,35,0,0,19,18,32,3,0,3,46,20,1,7,11,15,11,9,4,11,44,3,21,1,0,0,69,0,2
2022,Sudeste,3,São Paulo,SP,35,Conchas,3512308,0,Bauru,4,Botucatu,23,3,4,FACONNECT LTDA,16155,4889,FACULDADE CONECTADA FACONNECT,FACONNECT,Rua Minas Gerais,730,Faculdade Conectada Faconnect,Centro,18570000.0,11,0,0,0,0,0,0,0,0,8,3,0,0,0,0,0,0,0,0,1,0,0,0,15000,15000,12,12,8,4,0,0,4,5,3,3,3,0,9,0,1,2,0,2,5,1,1,0,8,1,3,0,0,0,12,0,0
2022,Sudeste,3,Minas Gerais,MG,31,Uberlândia,3170206,0,Triângulo Mineiro/Alto Paranaíba,5,Uberlândia,18,3,4,INSTITUTO EDUCACIONAL MARIA RANULFA LTDA - EPP,3130,4910,FACULDADE DO TRABALHO,FATRA,Avenida Paes Leme,485,FATRA - Polo EAD,Osvaldo Rezende,38400124.0,49,0,0,1,2,15,11,9,5,0,0,0,0,2,4,0,0,1,1,1,1,0,1,180,24872,35,35,18,17,0,0,12,15,8,0,0,0,0,35,3,7,7,4,9,3,1,1,22,2,9,0,0,2,35,0,0
2022,Sudeste,3,São Paulo,SP,35,Santo André,3547809,0,Metropolitana de São Paulo,15,São Paulo,61,1,1,FUNDACAO UNIVERSIDADE FEDERAL DO ABC - UFABC,12529,4925,FUNDAÇÃO UNIVERSIDADE FEDERAL DO ABC,UFABC,Avenida dos Estados,5001,-,Bangu,9210580.0,765,0,0,0,0,14,44,156,184,89,94,69,80,17,18,1,0,1,1,1,1,1,1,6500,732401,838,813,270,543,0,0,0,0,813,813,813,0,0,0,0,19,120,197,190,127,82,78,651,16,75,44,3,24,724,89,3
2022,Sudeste,3,São Paulo,SP,35,Praia Grande,3541000,0,Metropolitana de São Paulo,15,Santos,63,3,2,CENTRO ESTADUAL DE EDUCACAO TECNOLOGICA PAULA SOUZA,33,4926,FACULDADE DE TECNOLOGIA DE PRAIA GRANDE,FATECPG,Praça 19 de Janeiro,144,-,Boqueirão,11700100.0,14,0,0,0,0,0,0,6,2,2,4,0,0,0,0,1,0,0,1,0,1,0,0,3,659,102,85,30,55,0,1,22,43,19,7,0,7,45,33,0,7,7,9,12,20,10,20,66,1,9,2,0,7,85,0,1
2022,Sudeste,3,São Paulo,SP,35,Santos,3548500,0,Metropolitana de São Paulo,15,Santos,63,3,5,CENTRO DE ENSINO SUPERIOR STRONG,1139,4943,STRONG BUSINESS SCHOOL BS,,Avenida Conselheiro Nébias,159,-,Paquetá,11015001.0,13,0,0,0,0,1,3,3,2,1,1,0,0,0,2,0,0,0,1,1,1,0,1,2,8000,23,23,4,19,0,0,1,13,9,2,1,1,15,6,0,0,3,2,8,1,3,6,19,1,0,0,0,3,23,0,0
2022,Sudeste,3,Minas Gerais,MG,31,Sete Lagoas,3167202,0,Metropolitana de Belo Horizonte,7,Sete Lagoas,27,2,5,FUNDACAO EDUCACIONAL MONSENHOR MESSIAS,84,4962,CENTRO UNIVERSITÁRIO DE SETE LAGOAS,UNIFEMM,Avenida Marechal Castelo Branco,2.765,Campus Universitário,Santo Antônio,35701242.0,179,3,3,10,6,33,25,33,13,10,11,7,10,8,7,1,0,1,1,1,1,1,1,73,13288,126,123,60,63,0,0,22,59,42,31,0,31,18,74,5,20,16,28,21,18,8,7,74,4,15,0,0,30,123,0,0
2022,Sudeste,3,São Paulo,SP,35,São José dos Campos,3549904,0,Vale do Paraíba Paulista,13,São José dos Campos,50,3,4,SIBRA - SISTEMA IBRA DE ENSINO LTDA,18157,4983,FACULDADE IBRA DE TECNOLOGIA,FACULDADE FITEC,Rua Dolzani Ricardo,317,-,Centro,12210110.0,74,0,0,0,0,25,13,11,13,6,2,4,0,0,0,1,0,1,1,1,1,1,1,22000,22000,5,5,0,5,0,0,3,2,0,2,0,2,3,0,0,1,1,0,0,0,2,1,4,0,1,0,0,0,5,0,0
2022,Sudeste,3,São Paulo,SP,35,São Paulo,3550308,1,Metropolitana de São Paulo,15,São Paulo,61,3,4,EGEA - ESCOLA GLOBAL DE EDUCACAO AVANCADA S.A,15819,4995,Faculdade Educamais,EDUCA+,Rua Conde do Pinhal,80,SEDE CONDE DO PINHAL,Centro,1501060.0,8,0,0,0,0,0,0,7,1,0,0,0,0,0,0,1,0,1,0,1,0,1,0,0,0,31,31,11,20,0,0,1,26,4,5,0,5,25,1,0,0,2,4,5,6,2,12,26,0,4,0,0,1,31,0,0
2022,Sudeste,3,Rio de Janeiro,RJ,33,Rio de Janeiro,3304557,1,Metropolitana do Rio de Janeiro,6,Rio de Janeiro,18,3,2,FUNDACAO DE APOIO A ESCOLA TECNICA DO EST.RIO DE JANEIRO,904,5016,FACULDADE DE EDUCAÇÃO TECNOLÓGICA DO ESTADO DO RIO DE JANEIRO FERNANDO MOTA,FAETERJ-Rio,Rua Clarimundo de Melo,847,-,Quintino Bocaiuva,,11,0,0,2,0,2,1,0,1,1,0,1,2,1,0,0,0,1,0,1,1,0,0,0,16195,22,19,5,14,0,0,3,8,8,17,0,17,2,0,0,0,1,2,3,7,0,6,12,1,4,0,0,2,19,0,0
2022,Sudeste,3,Rio de Janeiro,RJ,33,Petrópolis,3303906,0,Metropolitana do Rio de Janeiro,6,Serrana,15,3,2,FUNDACAO DE APOIO A ESCOLA TECNICA DO EST.RIO DE JANEIRO,904,5017,FACULDADE DE EDUCAÇÃO TECNOLÓGICA DO ESTADO DO RIO DE JANEIRO - FAETERJ,FAETERJ PETRÓPOLIS,Avenida Presidente Getulio Vargas,335,-,Quitandinha,25651070.0,6,0,0,0,0,0,1,0,1,4,0,0,0,0,0,1,0,0,0,0,0,0,1,200,0,15,15,1,14,0,1,0,8,6,11,0,11,4,0,0,1,0,0,4,6,0,4,15,0,0,0,0,0,15,0,0
2022,Sudeste,3,Rio de Janeiro,RJ,33,Campos dos Goytacazes,3301009,0,Norte Fluminense,2,Campos dos Goytacazes,3,3,2,FUNDACAO DE APOIO A ESCOLA TECNICA DO EST.RIO DE JANEIRO,904,5018,INSTITUTO SUPERIOR DE EDUCAÇÃO PROFESSOR ALDO MUYLAERT,ISEPAM,Avenida Alair Ferreira,37,Até 410 - lado par,Turf Club,,29,0,0,0,0,1,2,2,2,13,2,6,1,0,0,0,0,0,1,1,1,0,0,0,0,24,20,12,8,0,0,6,9,5,20,0,20,0,0,0,0,3,2,2,5,3,5,17,0,3,0,0,0,20,0,0
2022,Sudeste,3,Rio de Janeiro,RJ,33,Santo Antônio de Pádua,3304706,0,Noroeste Fluminense,1,Santo Antônio de Pádua,2,3,2,FUNDACAO DE APOIO A ESCOLA TECNICA DO EST.RIO DE JANEIRO,904,5020,FACULDADE DE EDUCAÇÃO TECNOLÓGICA DO ESTADO DO RIO DE JANEIRO - FAETERJ,FAETERJ S ANT. PÁDUA,Travessa João Jabisk,18,-,Aeroporto,28470000.0,5,0,0,0,0,1,1,1,0,2,0,0,0,0,0,0,0,0,0,0,1,0,0,0,15915,9,8,5,3,0,0,2,2,4,6,0,6,2,0,0,0,2,2,1,2,0,1,5,0,0,0,0,3,8,0,0
2022,Sudeste,3,Rio de Janeiro,RJ,33,Itaperuna,3302205,0,Noroeste Fluminense,1,Itaperuna,1,3,2,FUNDACAO DE APOIO A ESCOLA TECNICA DO EST.RIO DE JANEIRO,904,5021,FACULDADE DE EDUCAÇÃO TECNOLÓGICA DO ESTADO DO RIO DE JANEIRO - FAETERJ,FAETERJ ITAPERUNA,Rua Aloísio Dias Moreira,320,-,Presidente Costa e Silva,28300000.0,10,0,0,4,3,1,2,0,0,0,0,0,0,0,0,0,0,0,0,0,1,1,0,0,0,8,8,4,4,0,0,1,4,3,7,0,7,1,0,1,0,0,1,3,1,2,0,5,1,0,0,0,2,8,0,0
2022,Sudeste,3,São Paulo,SP,35,Lupércio,3527801,0,Marília,9,Marília,38,3,4,UNIPAULISTA EDUCACIONAL LTDA,17481,5045,FACULDADE DE TECNOLOGIA PAULISTA,,Avenida Santo Inácio,1.089,-,Jardim Floresta,17420000.0,28,0,0,0,0,0,4,0,9,0,4,0,5,0,6,1,0,1,1,1,1,1,1,200,200,10,5,4,1,0,0,1,3,1,0,0,0,0,5,0,2,0,1,1,0,1,0,4,0,1,0,0,0,5,0,0
2022,Sudeste,3,São Paulo,SP,35,Embu das Artes,3515004,0,Metropolitana de São Paulo,15,Itapecerica da Serra,60,3,5,ASSOCIACAO EDUCACIONAL DE EMBU DAS ARTES - AEEA,3221,5046,FACULDADE POLIS DAS ARTES,,Rua Tancredo Neves,90,-,Jardim Presidente Kennedy,6820221.0,3,0,1,0,0,1,1,0,0,0,0,0,0,0,0,0,0,0,0,0,1,1,0,0,0,15,9,7,2,0,0,4,5,0,0,0,0,0,9,0,0,2,1,0,4,1,1,6,0,2,1,0,0,9,0,0
2022,Sudeste,3,São Paulo,SP,35,São Paulo,3550308,1,Metropolitana de São Paulo,15,São Paulo,61,3,5,FUNDACAO EDUARDO CARLOS PEREIRA,3223,5048,FACULDADE DE TEOLOGIA DE SÃO PAULO DA IGREJA PRESBITERIANA INDEPENDENTE DO BRASIL,,Rua Genebra,180,6º andar,Bela Vista,1316010.0,11,0,0,0,0,1,1,3,1,2,2,0,1,0,0,0,0,0,0,1,1,0,1,0,0,14,14,2,12,0,0,0,7,7,1,0,1,3,10,0,0,0,0,1,3,6,4,13,1,0,0,0,0,14,0,0
2022,Sudeste,3,Rio de Janeiro,RJ,33,Bom Jesus do Itabapoana,3300605,0,Noroeste Fluminense,1,Itaperuna,1,3,2,FUNDACAO DE APOIO A ESCOLA TECNICA DO EST.RIO DE JANEIRO,904,5051,FACULDADE DE EDUCAÇÃO TECNOLÓGICA DO ESTADO DO RIO DE JANEIRO - FAETERJ,FAETERJ BJ ITABAPOAN,Rua Aristides Figueiredo,147,-,Centro,28360000.0,16,0,0,0,0,4,6,6,0,0,0,0,0,0,0,0,0,0,0,0,0,0,0,0,0,5,5,1,4,0,0,1,3,1,2,0,2,3,0,0,0,1,1,2,0,1,0,2,1,2,0,0,0,5,0,0
2022,Sudeste,3,Rio de Janeiro,RJ,33,Três Rios,3306008,0,Centro Fluminense,3,Três Rios,5,3,2,FUNDACAO DE APOIO A ESCOLA TECNICA DO EST.RIO DE JANEIRO,904,5052,FACULDADE DE EDUCAÇÃO TECNOLÓGICA DO ESTADO DO RIO DE JANEIRO - FAETERJ,FAETERJ TRÊS RIOS,Av. Tenente Enéas Torno,70,-,Nova Niterói,25802330.0,8,0,0,0,0,1,2,1,1,1,1,1,0,0,0,0,0,0,0,0,1,0,0,0,0,12,11,6,5,0,0,0,5,6,10,0,10,1,0,1,0,3,1,0,2,2,2,10,0,1,0,0,0,11,0,0
2022,Sudeste,3,Rio de Janeiro,RJ,33,Paracambi,3303609,0,Metropolitana do Rio de Janeiro,6,Vassouras,14,3,2,FUNDACAO DE APOIO A ESCOLA TECNICA DO EST.RIO DE JANEIRO,904,5053,FACULDADE DE EDUCAÇÃO TECNOLÓGICA DO ESTADO DO RIO DE JANEIRO,FAETERJ PARACAMBI,Rua Sebastião de Lacerda,s/n,Antiga Fábrica Brasil Industrial,Bairro da Fábrica,26600000.0,6,0,0,0,0,2,1,3,0,0,0,0,0,0,0,0,0,0,0,0,0,0,0,0,0,23,23,8,15,0,0,0,9,14,22,0,22,1,0,0,0,4,4,7,2,4,2,13,2,6,0,0,2,22,1,0
2022,Sudeste,3,São Paulo,SP,35,São Bernardo do Campo,3548708,0,Metropolitana de São Paulo,15,São Paulo,61,3,2,CENTRO ESTADUAL DE EDUCACAO TECNOLOGICA PAULA SOUZA,33,5099,FACULDADE DE TECNOLOGIA DE SÃO BERNARDO DO CAMPO,FATEC-SB,Avenida Pereira Barreto,400,BL. 06,Vila Baeta Neves,9751000.0,13,0,0,0,0,0,0,7,6,0,0,0,0,0,0,0,0,0,1,0,1,0,1,0,0,71,69,18,51,0,0,13,41,15,0,0,0,0,69,0,3,7,4,8,11,13,23,53,0,8,3,0,5,69,0,0
2022,Sudeste,3,Rio de Janeiro,RJ,33,Rio de Janeiro,3304557,1,Metropolitana do Rio de Janeiro,6,Rio de Janeiro,18,2,4,INSTITUTO DE GESTAO EDUCACIONAL SIGNORELLI LTDA.,3266,5105,Centro Universitário Internacional Signorelli,UNISIGNORELLI,Rua Araguaia,03,-,Freguesia de Jacarepaguá,22745270.0,31,0,0,0,0,8,8,5,4,3,3,0,0,0,0,0,0,1,1,1,1,1,0,102,1611,34,27,13,14,0,0,11,13,3,6,2,4,3,18,2,1,2,5,3,5,6,3,10,1,5,0,0,11,27,0,0
2022,Sudeste,3,São Paulo,SP,35,Catanduva,3511102,0,São José do Rio Preto,1,Catanduva,5,2,5,FUNDACAO PADRE ALBINO,344,5215,CENTRO UNIVERSITÁRIO PADRE ALBINO,,Rua dos Estudantes,225,-,Parque Iracema,15809144.0,58,0,0,0,0,9,1,21,8,12,3,1,0,3,0,1,0,1,1,1,1,1,1,36,1650,186,182,75,107,0,0,60,55,67,36,0,36,132,14,0,13,28,24,27,24,24,42,173,0,8,1,0,0,181,1,7
2022,Sudeste,3,Minas Gerais,MG,31,Carangola,3113305,0,Zona da Mata,12,Muriaé,63,3,5,INSTITUTO ENSINAR BRASIL,218,5276,Faculdade Doctum de Carangola,DOCTUM,Avenida Machado de Assis,172,-,Triangulo,36800000.0,8,0,0,0,0,4,0,1,1,1,1,0,0,0,0,0,0,0,1,0,1,0,0,10,9000,22,22,6,16,0,0,2,9,11,0,0,0,22,0,2,2,4,9,3,1,1,0,15,1,2,0,0,4,22,0,0
2022,Sudeste,3,São Paulo,SP,35,Ribeirão Preto,3543402,0,Ribeirão Preto,2,Ribeirão Preto,14,3,4,ANHANGUERA EDUCACIONAL PARTICIPACOES S/A,16452,5288,FACULDADE ANHANGÜERA DE RIBEIRÃO PRETO,,Avenida Eduardo Andréa Matarazzo,891,-,Via Norte,14080730.0,66,0,0,0,0,7,7,23,9,6,6,3,2,2,1,0,0,1,1,1,1,1,1,60395,238009,94,94,44,50,0,0,15,34,45,6,0,6,48,40,2,16,15,17,15,9,6,14,71,2,19,2,0,0,94,0,1
2022,Sudeste,3,São Paulo,SP,35,Atibaia,3504107,0,Macro Metropolitana Paulista,12,Bragança Paulista,48,2,4,INSTITUICAO EDUCACIONAL ATIBAIENSE LIMITADA,91,5312,Centro Universitário UNIFAAT,UNIFAAT,Estrada Municipal Juca Sanches,1050,- de 633/634 ao fim,Jardim Brogotá,12954070.0,90,0,0,3,0,12,4,19,17,18,10,3,3,0,1,0,0,1,1,0,1,0,1,0,15561,130,108,39,69,0,0,36,50,22,37,35,2,16,55,0,8,14,16,21,16,8,25,99,2,4,3,0,0,108,0,0
2022,Sudeste,3,Minas Gerais,MG,31,Cataguases,3115300,0,Zona da Mata,12,Cataguases,66,3,5,INSTITUTO ENSINAR BRASIL,218,5313,Faculdades Unificadas de Cataguases,FUC,Avenida Coronel Antônio Augusto de Souza,442,-,Vila Tereza,36772000.0,8,0,0,0,0,2,1,2,1,1,0,0,1,0,0,0,0,0,1,0,1,0,0,10,9000,21,21,7,14,0,0,3,14,4,0,0,0,21,0,1,7,2,5,1,2,2,1,9,1,7,0,0,4,21,0,0
2022,Sudeste,3,Espírito Santo,ES,32,Guarapari,3202405,0,Central Espírito-santense,3,Guarapari,10,3,5,INSTITUTO ENSINAR BRASIL,218,5314,Faculdades Doctum de Guarapari,DOCTUM,Rodovia Jones dos Santos Neves,3535,-,Muquiçaba,29215002.0,17,0,0,1,1,5,3,4,0,3,0,0,0,0,0,0,0,0,1,0,1,0,0,10,9000,42,42,12,30,0,0,2,25,15,0,0,0,42,0,2,4,13,8,5,4,3,3,24,2,6,0,0,10,42,0,0
2022,Sudeste,3,Espírito Santo,ES,32,Iúna,3203007,0,Sul Espírito-santense,4,Alegre,11,3,5,INSTITUTO ENSINAR BRASIL,218,5315,Faculdades Unificadas de Iúna,FUI,Rua Professora Terpina Lacerda,s/n,-,Quilombo,29390000.0,7,0,0,0,0,5,1,0,0,1,0,0,0,0,0,0,0,0,1,0,1,0,0,10,9000,20,20,10,10,0,0,2,10,8,0,0,0,20,0,0,1,3,7,1,2,5,1,11,1,6,0,0,2,20,0,0
2022,Sudeste,3,Minas Gerais,MG,31,Leopoldina,3138401,0,Zona da Mata,12,Cataguases,66,3,5,INSTITUTO ENSINAR BRASIL,218,5316,Faculdades Unificadas de Leopoldina,FUL,Avenida Getúlio Vargas,635,-,Centro,36700216.0,16,1,0,0,0,4,6,3,0,2,0,0,0,0,0,0,0,0,1,0,1,0,0,10,9000,36,36,9,27,0,0,3,18,15,0,0,0,36,0,1,3,1,12,10,2,3,4,23,1,5,0,0,7,36,0,0
2022,Sudeste,3,Minas Gerais,MG,31,Ouro Fino,3146008,0,Sul/Sudoeste de Minas,10,Poços de Caldas,51,3,4,"UNISEPE UNIAO DAS INSTITUICOES DE SERVICO, ENSINO E PESQUISA LTDA",715,5369,FACULDADES INTEGRADAS ASMEC,ASMEC,Avenida Prof. Dr. Antônio Eufrásio de Toledo,100,-,Jardim dos Ipês,37570000.0,18,1,0,0,2,5,1,5,1,2,1,0,0,0,0,0,0,1,1,1,1,0,1,5,5017,26,26,12,14,0,0,11,11,4,6,0,6,14,6,0,5,6,6,5,2,2,0,26,0,0,0,0,0,26,0,0
2022,Sudeste,3,Minas Gerais,MG,31,Teófilo Otoni,3168606,0,Vale do Mucuri,4,Teófilo Otoni,15,2,5,INSTITUTO ENSINAR BRASIL,218,5370,Centro Universitário Doctum de Teófilo Otoni,UNIDOCTUM,Rua Gustavo Leonardo,1.127,-,São Jacinto,39801260.0,67,2,3,1,2,25,19,7,1,4,2,1,0,0,0,0,0,0,1,0,1,0,0,10,9000,161,161,71,90,0,0,37,85,39,0,0,0,161,0,5,27,27,35,31,13,14,9,66,6,37,0,0,52,161,0,0
2022,Sudeste,3,São Paulo,SP,35,São Paulo,3550308,1,Metropolitana de São Paulo,15,São Paulo,61,3,5,"UNIAO EDUCACIONAL, CULTURAL E TECNOLOGICA IMPACTA - UNI.IMPACTA",1765,5387,FACULDADE IMPACTA,IMPACTA,Rua do Bosque,60,Campus Rudge,Barra Funda,1136000.0,63,0,0,0,3,12,15,17,10,3,3,0,0,0,0,0,0,0,1,0,1,0,1,0,6250,127,116,19,97,0,2,39,47,28,7,2,5,28,81,10,13,31,21,15,9,8,9,28,2,9,1,0,76,114,2,0
2022,Sudeste,3,Minas Gerais,MG,31,Teófilo Otoni,3168606,0,Vale do Mucuri,4,Teófilo Otoni,15,3,5,FUNDACAO EDUCACIONAL NORDESTE MINEIRO,92,5394,INSTITUTO DE ENSINO SUPERIOR INTEGRADO-IESI,FENORD,Rua Teodolindo Pereira,111,Ed. Campus,Grão Pará,39800151.0,23,1,7,0,0,5,2,3,3,1,1,0,0,0,0,0,0,0,1,1,1,1,1,0,88,20,19,10,9,0,0,2,16,1,2,2,0,12,5,1,4,1,6,2,0,2,3,10,0,9,0,0,0,19,0,0
2022,Sudeste,3,São Paulo,SP,35,Bauru,3506003,0,Bauru,4,Bauru,20,3,4,ANHANGUERA EDUCACIONAL PARTICIPACOES S/A,16452,5451,FACULDADE ANHANGÜERA DE BAURU,,Avenida Moussa Nakhl Tobias,3-33,-,Parque Residencial do Castelo,17021005.0,79,0,0,0,1,3,5,28,13,15,2,5,2,3,2,0,0,1,1,1,1,1,1,60395,238009,101,101,50,51,0,0,12,35,54,6,0,6,46,49,6,18,17,9,17,13,8,13,84,2,14,1,0,0,101,0,2
2022,Sudeste,3,São Paulo,SP,35,Jacareí,3524402,0,Vale do Paraíba Paulista,13,São José dos Campos,50,3,4,ANHANGUERA EDUCACIONAL PARTICIPACOES S/A,16452,5555,FACULDADE ANHANGUERA DE JACAREÍ,,Rua Santa Catarina,75,Unidade SEDE,Vila Pinheiro,12307130.0,43,0,0,0,0,4,5,11,2,8,1,7,2,2,1,0,0,1,1,1,1,1,1,60395,238009,99,99,47,52,0,0,21,35,43,4,0,4,55,40,8,6,17,13,18,17,10,10,78,4,14,3,0,0,99,0,1
2022,Sudeste,3,Minas Gerais,MG,31,Montes Claros,3143302,0,Norte de Minas,2,Montes Claros,7,2,4,SNEL - SOCIEDADE NORTE EDUCACIONAL LTDA.,17159,5592,Centro Universitário Funorte,UNIFUNORTE,Avenida Osmane Barbosa,11.111,-,JK,39404006.0,417,9,22,17,30,117,99,79,40,3,0,1,0,0,0,1,0,1,1,1,1,1,1,820,6230,82,82,41,41,0,0,1,47,34,18,1,17,64,0,1,13,18,22,15,9,2,2,27,2,30,1,0,22,82,0,0
2022,Sudeste,3,Minas Gerais,MG,31,São Sebastião do Paraíso,3164704,0,Sul/Sudoeste de Minas,10,São Sebastião do Paraíso,48,3,5,FUNDACAO EDUCACIONAL COMUNITARIA DE S S PARAISO MG,408,5599,LIBERTAS - FACULDADES INTEGRADAS,LIBERTAS,Avenida Wenceslau Bras,1018,Pavimento Térreo e Pavimento Superior,Lagoinha,37950000.0,16,0,0,0,0,1,1,10,1,1,0,1,1,0,0,0,0,0,0,0,1,0,0,12,2722,81,81,38,43,0,0,17,50,14,4,0,4,76,1,5,8,19,19,13,5,10,2,69,1,1,0,0,10,81,0,0
2022,Sudeste,3,São Paulo,SP,35,Presidente Prudente,3541406,0,Presidente Prudente,8,Presidente Prudente,36,3,2,CENTRO ESTADUAL DE EDUCACAO TECNOLOGICA PAULA SOUZA,33,5627,FACULDADE DE TECNOLOGIA DE PRESIDENTE PRUDENTE,FATEC,Rua Teresina,75,-,Vila Paulo Roberto,19046230.0,13,0,0,0,0,0,0,3,5,0,2,2,0,1,0,0,0,0,0,1,1,1,0,0,0,64,62,30,32,0,0,10,30,22,0,0,0,0,62,0,5,11,13,8,13,6,6,46,1,2,1,0,12,62,0,0
2022,Sudeste,3,São Paulo,SP,35,Bragança Paulista,3507605,0,Macro Metropolitana Paulista,12,Bragança Paulista,48,3,2,CENTRO ESTADUAL DE EDUCACAO TECNOLOGICA PAULA SOUZA,33,5633,FACULDADE DE TECNOLOGIA DE BRAGANÇA PAULISTA,,Rua das Indústrias,130,(Distrito Industrial IV),Uberaba,12926674.0,10,0,0,0,0,0,0,2,1,2,4,0,0,0,1,0,0,0,1,1,1,1,1,0,0,60,54,13,41,0,0,18,24,12,22,0,22,24,8,0,3,4,10,9,9,11,8,44,0,3,1,0,6,54,0,0
2022,Sudeste,3,São Paulo,SP,35,São José dos Campos,3549904,0,Vale do Paraíba Paulista,13,São José dos Campos,50,2,4,OGM EDUCACIONAL EIRELI,18046,5669,CENTRO UNIVERSITÁRIO ETEP,,Avenida Barão do Rio Branco,882,ETEP Esplanada,Jardim Esplanada,12242800.0,29,0,0,0,0,11,7,8,2,1,0,0,0,0,0,0,0,1,0,1,1,1,1,0,0,9,6,2,4,0,0,3,2,1,3,3,0,2,1,0,0,0,2,2,0,0,2,5,0,1,0,0,0,6,0,0
2022,Sudeste,3,Rio de Janeiro,RJ,33,Itaperuna,3302205,0,Noroeste Fluminense,1,Itaperuna,1,2,5,FUNDACAO EDUCACIONAL E CULTURAL SAO JOSE,69,5671,CENTRO UNIVERSITÁRIO SÃO JOSÉ DE ITAPERUNA,,Rua Major Porphirio Henriques,41,-,Centro,28300000.0,38,2,2,0,8,10,6,5,1,3,1,0,0,0,0,0,0,1,0,0,1,1,1,280,22100,57,57,28,29,0,0,21,25,11,13,0,13,23,21,3,12,13,13,5,2,5,4,47,4,6,0,0,0,57,0,0
2022,Sudeste,3,São Paulo,SP,35,São Paulo,3550308,1,Metropolitana de São Paulo,15,São Paulo,61,3,4,EDUCARE TECNOLOGIA DA INFORMACAO S.A.,3432,10323,FACULDADE DE TECNOLOGIA BANDEIRANTES,BANDTEC,Rua Haddock Lobo,595,Unidade II Paulista,Cerqueira César,1414905.0,28,0,0,0,0,6,7,4,1,4,3,1,2,0,0,0,0,1,1,1,1,0,0,31,448,17,17,5,12,0,0,8,8,1,15,0,15,2,0,0,1,2,5,1,2,2,4,15,0,1,1,0,0,17,0,0
2022,Sudeste,3,São Paulo,SP,35,São Paulo,3550308,1,Metropolitana de São Paulo,15,São Paulo,61,3,5,ASSOCIACAO SAO PAULO DE ESTUDOS SUPERIORES,2950,10385,INSTITUTO SÃO PAULO DE ESTUDOS SUPERIORES,ITESP,Rua Doutor Mário Vicente,1108,- de 841/842 a 1197/1198,Vila Dom Pedro I,4270001.0,10,0,0,0,0,3,0,5,0,0,1,0,0,0,1,0,0,1,1,1,1,1,1,30,0,30,28,8,20,0,0,0,6,22,0,0,0,0,28,0,1,2,4,2,1,3,15,24,0,2,1,0,1,24,4,0
2022,Sudeste,3,Espírito Santo,ES,32,São Mateus,3204906,0,Litoral Norte Espírito-santense,2,São Mateus,5,3,4,MULTIVIX SAO MATEUS - ENSINO PESQUISA E EXTENSAO LTDA,3237,10685,Faculdade Multivix São Mateus,MULTIVIX SÃO MATEUS,Rodovia Othovarino Duarte Santos,844,-,Residencial Park Washington,29938015.0,28,0,0,0,0,1,1,11,1,7,3,2,0,1,1,0,0,1,1,1,1,0,0,5000,23000,49,49,29,20,0,0,23,17,9,6,0,6,39,4,7,18,11,6,3,3,1,0,31,2,16,0,0,0,49,0,0
2022,Sudeste,3,Rio de Janeiro,RJ,33,Araruama,3300209,0,Baixadas,4,Lagos,10,3,4,FACULDADE UNIAO ARARUAMA DE ENSINO S/S LTDA. - ME,3272,10836,FACULDADE UNIÃO ARARUAMA DE ENSINO S/S Ltda.,FAC-UNILAGOS,Rua Marechal Castelo Branco,333,-,Rio do Limão,28970000.0,51,2,0,7,10,8,13,5,3,2,1,0,0,0,0,0,0,1,1,1,1,1,1,742,16231,76,52,25,27,0,0,1,34,17,24,0,24,27,1,1,9,7,8,10,5,8,4,25,3,21,0,0,3,52,0,1
2022,Sudeste,3,São Paulo,SP,35,São Paulo,3550308,1,Metropolitana de São Paulo,15,São Paulo,61,3,5,FUNDACAO ESCOLA NACIONAL DE SEGUROS FUNENSEG,2347,11289,ESCOLA SUPERIOR NACIONAL DE SEGUROS DE SÃO PAULO,ESNS-SP,Avenida Paulista,2.421,1º andar,Cerqueira Cesar,1311300.0,8,0,0,0,0,1,1,4,1,1,0,0,0,0,0,1,0,1,1,1,1,1,1,54,23052,20,18,4,14,0,0,4,11,3,2,1,1,8,8,0,0,2,0,1,4,8,3,9,0,0,0,0,9,18,0,0
2022,Sudeste,3,São Paulo,SP,35,Sumaré,3552403,0,Campinas,7,Campinas,32,3,4,ANHANGUERA EDUCACIONAL PARTICIPACOES S/A,16452,11308,FACULDADE ANHANGUERA DE SUMARÉ,FACSUMARÉ,Avenida Eugênio Biancalana Duarte,501,-,Jardim Primavera,13173050.0,67,0,0,0,0,9,5,16,10,7,4,8,2,3,3,0,0,1,1,1,1,1,1,60395,238009,105,105,54,51,0,0,30,30,45,8,0,8,64,33,6,16,17,17,13,19,7,10,80,4,18,3,0,0,105,0,1
2022,Sudeste,3,Minas Gerais,MG,31,Pirapora,3151206,0,Norte de Minas,2,Pirapora,6,3,5,FUNDACAO EDUCACIONAL ALTO MEDIO SAO FRANCISCO,3521,11428,FACULDADE DE TECNOLOGIA ALTO MÉDIO SÃO FRANCISCO,FAC FUNAM,AV. JEFFERSON GITIRANA,1422,-,Cícero Passos,39270000.0,25,0,1,2,2,5,3,5,1,3,2,0,1,0,0,1,0,1,1,1,1,1,1,522,6230,31,31,13,18,0,0,3,9,19,6,0,6,25,0,2,3,3,8,6,6,1,2,7,1,13,0,0,10,31,0,0
2022,Sudeste,3,Rio de Janeiro,RJ,33,Rio de Janeiro,3304557,1,Metropolitana do Rio de Janeiro,6,Rio de Janeiro,18,3,5,INSTITUTO CAL DE ARTE E CULTURA,13433,11584,FACULDADE CAL DE ARTES CÊNICAS,Faculdade Cal,Rua Santo Amaro,44,-,Glória,22211230.0,17,0,0,0,0,4,7,4,2,0,0,0,0,0,0,0,0,1,1,1,1,0,1,92,726,38,38,18,20,0,0,16,11,11,4,0,4,12,22,0,0,1,3,6,6,6,16,27,0,1,0,0,10,36,2,0
2022,Sudeste,3,São Paulo,SP,35,Sumaré,3552403,0,Campinas,7,Campinas,32,3,4,COLEGIO NET WORK S/S LTDA,1067,11586,FACULDADES NETWORK - CAMPUS SUMARÉ,,R. Antonio Jorge Chebab,774,-,Centro,13170560.0,6,0,1,1,1,0,0,1,0,1,0,0,0,1,0,0,0,0,0,0,1,1,0,4,0,3,2,2,0,0,0,0,0,2,1,1,0,1,0,0,0,0,1,0,0,1,0,2,0,0,0,0,0,2,0,0
2022,Sudeste,3,São Paulo,SP,35,São Paulo,3550308,1,Metropolitana de São Paulo,15,São Paulo,61,3,5,ISTITUTO EUROPEO DI DESIGN - SAO PAULO (IED-SAO PAULO),3527,11807,Istituto Europeo di Design,IED SP,R. MARANHÃO,617,-,HIGIENÓPOLIS,1240001.0,22,1,0,0,0,5,5,6,4,1,0,0,0,0,0,0,0,1,1,1,1,0,1,2,15599,45,44,21,23,0,0,11,25,8,3,0,3,3,38,0,2,9,13,8,4,6,2,32,1,2,1,0,8,43,1,0
2022,Sudeste,3,Minas Gerais,MG,31,Pouso Alegre,3152501,0,Sul/Sudoeste de Minas,10,Pouso Alegre,52,3,4,ODONTO RAD LTDA - ME,3380,11860,INSTITUTO NACIONAL DE ENSINO SUPERIOR E PÓS-GRADUAÇÃO PADRE GERVÁSIO,INAPÓS,R Rua João Basílio - até 364/365,219,-,Centro,37550121.0,26,0,0,0,0,10,0,9,1,0,0,0,2,1,3,0,0,0,1,1,1,0,1,0,13997,26,26,14,12,0,0,0,10,16,1,0,1,25,0,2,4,5,3,3,4,2,3,18,0,4,0,0,4,26,0,0
2022,Sudeste,3,Rio de Janeiro,RJ,33,Bom Jesus do Itabapoana,3300605,0,Noroeste Fluminense,1,Itaperuna,1,3,4,"SOCIEDADE METROPOLITANA DE EDUCACAO, CULTURA E TECNOLOGIA SAO CARLOS S/S LTDA - ME",3394,12430,FACULDADE METROPOLITANA SÃO CARLOS BJI,FAMESC-BJI,Av. Governador Roberto Silveira,910,-,Centro,28360000.0,27,0,0,0,1,3,3,9,3,7,1,0,0,0,0,0,0,1,1,1,1,1,1,226,24275,100,100,60,40,0,0,41,40,19,9,0,9,91,0,1,17,26,21,10,7,5,13,48,0,6,0,0,46,100,0,0
2022,Sudeste,3,São Paulo,SP,35,Mogi Guaçu,3530706,0,Campinas,7,Mogi Mirim,31,3,5,UNIMOGI - UNIAO MOGIANA PARA O DESENVOLVIMENTO DA EDUCACAO S/S LTDA,3325,12522,FACULDADE MOGIANA DO ESTADO DE SÃO PAULO,FMG,Avenida Padre Jaime,2600,Unidade SEDE,Centro,13845436.0,22,0,0,0,0,5,3,9,0,3,1,1,0,0,0,0,0,1,1,1,1,1,1,206,15912,55,55,31,24,0,0,0,42,13,26,2,24,29,0,1,10,13,7,10,9,3,2,47,0,3,0,0,5,55,0,0
2022,Sudeste,3,São Paulo,SP,35,São Paulo,3550308,1,Metropolitana de São Paulo,15,São Paulo,61,3,5,ASSOCIACAO DE ENSINO SUPERIOR DE MUSICA,3564,12611,FACULDADE DE MÚSICA SOUZA LIMA,FMSL,Rua José Maria Lisboa,745,-,Jardins,1423001.0,2,0,0,0,0,0,1,1,0,0,0,0,0,0,0,0,0,1,0,0,0,0,0,0,0,19,18,1,17,0,0,3,13,2,1,0,1,5,12,0,0,2,2,6,4,3,1,15,0,0,0,0,3,18,0,0
2022,Sudeste,3,Minas Gerais,MG,31,Sete Lagoas,3167202,0,Metropolitana de Belo Horizonte,7,Sete Lagoas,27,3,4,EDUCACIONAL MARTINS ANDRADE LTDA - EPP,2885,12620,FACULDADE SETE LAGOAS,FACSETE,Rua Itália Pontelo,50,-,Chácara do Paiva,35700170.0,41,0,0,3,2,16,1,14,2,3,0,0,0,0,0,1,0,1,1,1,1,1,0,786,11412,53,46,29,17,0,0,8,19,19,9,1,8,14,23,1,10,15,5,7,4,3,1,19,0,9,0,0,18,46,0,0
2022,Sudeste,3,São Paulo,SP,35,São Paulo,3550308,1,Metropolitana de São Paulo,15,São Paulo,61,3,4,SAINT PAUL EDUCACIONAL LTDA.,3323,12661,FACULDADE DE TECNOLOGIA SAINT PAUL,,Rua Pamplona,1616,-,Jardim Paulista,1405002.0,12,0,0,0,0,3,2,1,1,3,1,1,0,0,0,0,0,0,0,1,1,0,1,0,15000,13,11,1,10,0,0,0,4,7,1,0,1,2,8,0,2,1,6,2,0,0,0,8,0,3,0,0,0,11,0,0
2022,Sudeste,3,São Paulo,SP,35,São Paulo,3550308,1,Metropolitana de São Paulo,15,São Paulo,61,3,4,INSTITUTO NACIONAL DE CURSOS INTEGRADOS LTDA,18072,12723,FACULDADE FINACI,FINACI,Praça Pedro Lessa,41,-,Centro,1034000.0,23,0,0,0,2,4,2,8,1,2,1,2,0,0,1,0,0,1,0,0,1,0,0,28178,17000,34,34,19,15,0,0,12,11,11,29,29,0,5,0,2,8,4,2,4,3,5,6,19,1,3,1,0,10,34,0,1
2022,Sudeste,3,Minas Gerais,MG,31,Belo Horizonte,3106200,1,Metropolitana de Belo Horizonte,7,Belo Horizonte,30,3,5,SERVICO NACIONAL DE APRENDIZAGEM COMERCIAL - SENAC MINAS,1756,12772,FACULDADE DE TECNOLOGIA SENAC MINAS - UNIDADE BELO HORIZONTE,FTS,Rua Tupinambás,1038,-,Centro,30180100.0,72,0,0,1,1,20,9,27,6,6,0,0,0,1,1,0,0,1,1,0,1,0,1,5766,12290,17,17,7,10,0,0,5,8,4,1,0,1,5,11,0,3,2,5,3,1,0,3,12,1,3,0,0,1,17,0,0
2022,Sudeste,3,São Paulo,SP,35,Pindamonhangaba,3538006,0,Vale do Paraíba Paulista,13,São José dos Campos,50,3,4,ANHANGUERA EDUCACIONAL PARTICIPACOES S/A,16452,12791,FACULDADE ANHANGUERA DE PINDAMONHANGABA,,Avenida Nossa Senhora do Bom Sucesso,3344,-,Campo Alegre,12420010.0,19,0,0,0,0,6,0,7,0,5,0,0,1,0,0,0,0,1,1,1,1,1,1,60395,238009,69,69,31,38,0,0,15,21,33,3,0,3,36,30,0,8,12,12,9,11,6,11,47,6,14,2,0,0,69,0,0
2022,Sudeste,3,São Paulo,SP,35,São Paulo,3550308,1,Metropolitana de São Paulo,15,São Paulo,61,3,4,INSTITUTO MONITOR LTDA - EPP,13129,12817,FACULDADE IMESP MONITOR,IMESP,Av. Rangel Pestana,1105,-,Brás,3001000.0,29,0,0,0,0,9,7,1,5,5,0,0,0,0,2,0,0,1,0,1,1,0,0,0,644,23,22,9,13,0,0,3,14,5,3,0,3,3,16,0,1,3,10,1,2,1,4,16,1,2,0,0,3,22,0,0
2022,Sudeste,3,Minas Gerais,MG,31,Ipatinga,3131307,0,Vale do Rio Doce,8,Ipatinga,39,3,4,CENTRO EDUCACIONAL IBRA LTDA,18439,12899,FACULDADE IBRA DE MINAS GERAIS,FACULDADE FIBMG,AVENIDA GERASA,1447,-,Bethania,35164056.0,60,0,0,0,0,8,22,1,5,11,10,0,0,3,0,1,0,1,1,1,1,1,1,22000,22000,15,12,6,6,0,0,6,5,1,3,1,2,9,0,1,2,1,3,2,2,1,0,6,0,3,0,0,3,12,0,0
2022,Sudeste,3,Minas Gerais,MG,31,Uberlândia,3170206,0,Triângulo Mineiro/Alto Paranaíba,5,Uberlândia,18,3,4,D&J NEGOCIOS E CONSULTORIA LTDA,18318,13034,Faculdade de Ensino Superior,FAES,Rua Joaquim Leal de Camargos,220,-,Planalto,38413303.0,8,0,0,0,1,1,0,0,0,1,1,1,1,1,1,0,0,0,1,1,1,1,1,484,2218,8,8,1,7,0,0,1,3,4,2,0,2,6,0,1,0,0,1,0,2,1,3,6,0,2,0,0,0,7,1,0
2022,Sudeste,3,Minas Gerais,MG,31,Mariana,3140001,0,Metropolitana de Belo Horizonte,7,Ouro Preto,33,3,4,ADJETIVO-CETEP ADMINISTRADORA DE CURSOS TECNICOS LTDA - EPP,12422,13300,FACULDADE ADJETIVO CETEP,ADJETIVO-CETEP,RUA ANTONIO OLINTO,67,-,CENTRO,35420000.0,3,0,0,0,0,0,0,1,0,1,0,1,0,0,0,0,0,0,0,1,1,1,0,191,0,21,18,10,8,0,0,8,9,1,0,0,0,0,18,0,3,3,6,3,3,0,0,7,1,2,0,0,8,18,0,0
2022,Sudeste,3,São Paulo,SP,35,Cotia,3513009,0,Metropolitana de São Paulo,15,Itapecerica da Serra,60,3,5,FUNDACAO DE ROTARIANOS DE SAO PAULO,1218,13481,FACULDADES INTEGRADAS RIO BRANCO GRANJA VIANNA,FRB-GV,Rodovia Raposo Tavares,7200,km 24,Granja Viana,6707000.0,9,0,0,0,0,0,0,2,3,1,1,0,0,1,1,0,0,0,0,1,1,1,0,0,28911,15,15,3,12,0,0,3,7,5,1,0,1,2,12,0,4,4,1,3,2,1,0,12,0,1,0,0,2,15,0,0
2022,Sudeste,3,Espírito Santo,ES,32,Cariacica,3201308,0,Central Espírito-santense,3,Vitória,9,3,5,EDNA MENDES TAVARES - ME,12545,13484,FACULDADE EUROPÉIA DE VITÓRIA,FAEV,Rua Adélia Pereira de Souza,06,-,ITACIBÁ,29150310.0,5,0,0,0,0,1,0,0,0,3,0,1,0,0,0,0,0,0,0,1,1,1,0,1,10,14,14,9,5,0,0,4,8,2,11,7,4,0,3,0,2,3,1,1,3,3,1,6,2,6,0,0,0,14,0,0
2022,Sudeste,3,São Paulo,SP,35,São Paulo,3550308,1,Metropolitana de São Paulo,15,São Paulo,61,3,5,ASSOCIACAO SEQUENCIAL DE ENSINO SUPERIOR,12551,13488,FACULDADE SEQÜENCIAL,,Rua Engenheiro Aluísio Marques,00,-,Parque Maria Helena,5854110.0,29,0,0,0,1,1,4,10,2,4,2,2,3,0,0,1,0,0,0,1,1,1,1,55,0,49,49,27,22,0,0,13,28,8,23,0,23,26,0,9,3,7,5,3,7,9,6,24,2,4,0,0,19,48,1,0
2022,Sudeste,3,São Paulo,SP,35,Cachoeira Paulista,3508603,0,Vale do Paraíba Paulista,13,Guaratinguetá,51,3,5,FUNDACAO JOAO PAULO II,12553,13527,FACULDADE CANÇÃO NOVA,FCN,Rua Carlos Pinto Filho,-,-,Vila Cacarro,12630000.0,21,0,0,0,0,2,2,4,4,4,0,2,1,0,2,0,0,0,1,1,1,1,1,78,0,30,30,4,26,0,0,7,18,5,1,0,1,11,18,1,2,1,12,5,6,1,2,27,2,1,0,0,0,28,2,0
2022,Sudeste,3,Rio de Janeiro,RJ,33,São Fidélis,3304805,0,Norte Fluminense,2,Campos dos Goytacazes,3,3,4,"SOCIEDADE DE EDUCACAO, CULTURA E TECNOLOGIA SAO FIDELIS LTDA - EPP",12579,13631,"Faculdade de Ciências, Educação, Saúde, Pesquisa e Gestão",FSF,Rua Emydio Maia Santos,1035,Fundos com Rua João Batista Maia,Vila dos Coroados,28400000.0,5,0,0,0,2,0,0,2,0,0,1,0,0,0,0,1,0,0,1,1,1,1,1,200,13000,38,38,26,12,0,0,12,19,7,9,4,5,29,0,0,5,5,14,7,1,5,1,32,1,0,0,0,5,38,0,0
2022,Sudeste,3,Minas Gerais,MG,31,Betim,3106705,0,Metropolitana de Belo Horizonte,7,Belo Horizonte,30,3,4,SISTEMA DE ENSINO SUPERIOR CIDADE DE BETIM LTDA - ME,12618,13663,FACULDADE ISEIB DE BETIM,FISBE,Rua do Acre,536,FACULDADE FISBE,Nossa Senhora das Graças,32604640.0,16,0,0,0,0,3,4,3,1,3,0,2,0,0,0,0,0,1,0,1,1,0,0,1500,180000,24,23,11,12,0,0,1,13,9,2,1,1,21,0,0,1,2,6,4,2,5,3,3,2,17,0,0,1,22,1,0
2022,Sudeste,3,Minas Gerais,MG,31,Contagem,3118601,0,Metropolitana de Belo Horizonte,7,Belo Horizonte,30,3,4,INSTITUTO DE ENSINO SUPERIOR DE CONTAGEM LTDA - ME,12619,13666,FACULDADE DE DIREITO DE CONTAGEM,FDCON,RUA PAPA PAULO VI,39,PRÉDIO,INCONFIDENTES,32260370.0,9,0,0,1,1,1,1,1,0,1,0,0,2,0,1,0,0,1,1,1,1,1,1,35,1500,16,16,9,7,0,0,0,14,2,3,1,2,13,0,0,1,1,5,5,1,1,2,8,0,3,0,0,5,16,0,0
2022,Sudeste,3,Minas Gerais,MG,31,Contagem,3118601,0,Metropolitana de Belo Horizonte,7,Belo Horizonte,30,3,4,ORME SERVICOS EDUCACIONAIS LTDA,3167,13684,FACULDADE ANHANGUERA DE CONTAGEM,,Avenida Babita Camargos,1295,CAMPUS CIDADE INDUSTRIAL (SEDE),Cidade Industrial,32210180.0,66,0,0,0,0,8,5,15,5,20,0,5,2,4,2,0,0,1,1,1,1,1,1,60395,238009,93,93,46,47,0,0,22,32,39,6,0,6,39,48,3,12,16,22,14,12,4,10,58,10,24,1,0,0,93,0,1
2022,Sudeste,3,Rio de Janeiro,RJ,33,Rio de Janeiro,3304557,1,Metropolitana do Rio de Janeiro,6,Rio de Janeiro,18,3,5,FUNDACAO GETULIO VARGAS,110,13695,ESCOLA DE MATEMÁTICA APLICADA,EMAp-FGV,Praia de Botafogo,190,-,Botafogo,22250900.0,6,0,0,0,0,0,0,1,0,3,1,0,0,0,1,1,0,1,1,1,1,1,1,269,20931,35,35,6,29,0,0,0,2,33,34,0,34,0,1,0,4,8,4,4,2,3,10,30,0,4,0,0,1,28,7,0
2022,Sudeste,3,Minas Gerais,MG,31,Governador Valadares,3127701,0,Vale do Rio Doce,8,Governador Valadares,37,3,4,ORME SERVICOS EDUCACIONAIS LTDA,3167,13743,Faculdade Anhanguera de Governador Valadares,,Avenida Doutor Raimundo Monteiro Rezende,330,-,Centro,35010177.0,119,0,0,0,0,10,6,40,14,24,13,5,2,2,3,0,0,1,1,1,1,1,1,60395,238009,125,125,59,66,0,0,56,29,40,23,0,23,68,34,14,20,30,26,13,8,5,9,73,10,40,2,0,0,125,0,3
2022,Sudeste,3,São Paulo,SP,35,Guarulhos,3518800,0,Metropolitana de São Paulo,15,Guarulhos,59,3,4,E.E.S.R.G.- EMPRESA DE ENSINO SUPERIOR REUNIDAS GUARULHOS LTDA,17911,13752,FACULDADE DOM RICARDO,FDR,Avenida Salgado Filho,3025,FTP,Centro,7115000.0,10,0,0,0,0,0,0,4,5,0,0,0,1,0,0,1,0,1,1,1,1,1,1,378,11716,8,8,5,3,0,0,2,4,2,3,1,2,5,0,0,1,2,1,0,3,0,1,5,1,1,0,0,1,8,0,0
2022,Sudeste,3,São Paulo,SP,35,Porto Feliz,3540606,0,Macro Metropolitana Paulista,12,Sorocaba,46,3,4,INSTITUTO DE ENSINO SUPERIOR MOINHO VELHO LTDA - ME,10017,13796,FACULDADE DE PORTO FELIZ,,Praça Dr. José Sacramento e Silva,13,-,Centro,,3,0,0,0,0,0,0,2,1,0,0,0,0,0,0,0,0,0,0,0,1,0,1,0,0,20,15,4,11,0,0,9,5,1,2,0,2,8,5,1,0,3,3,5,1,2,0,7,0,1,0,0,7,15,0,0
2022,Sudeste,3,Minas Gerais,MG,31,Sete Lagoas,3167202,0,Metropolitana de Belo Horizonte,7,Sete Lagoas,27,3,4,SOCIEDADE PADRAO DE EDUCACAO SUPERIOR LTDA,1040,13809,FACULDADE SANTO AGOSTINHO DE SETE LAGOAS,FASASETE,Rua Atenas,237,-,Jardim Europa,35701281.0,25,0,0,1,0,4,2,7,2,5,1,0,2,0,1,0,0,1,1,1,1,0,0,11583,12708,18,17,3,14,0,0,2,9,6,4,1,3,5,8,0,2,4,6,2,1,2,0,11,0,3,0,0,3,17,0,0
2022,Sudeste,3,Espírito Santo,ES,32,Vila Velha,3205200,0,Central Espírito-santense,3,Vitória,9,3,4,ESAB - ESCOLA SUPERIOR ABERTA DO BRASIL LTDA - EPP,2768,13812,ESCOLA SUPERIOR ABERTA DO BRASIL,ESAB,Rua Inácio Higino,1050,"Ed. Centro Empresarial Praia da Costa Torre Leste, 12º andar",Praia da Costa,29101094.0,32,0,0,0,0,8,2,3,3,6,4,1,5,0,0,0,0,0,1,1,1,1,0,118,13763,31,31,14,17,0,0,2,23,6,0,0,0,31,0,1,2,6,6,6,4,2,4,19,2,7,0,0,3,29,2,0
2022,Sudeste,3,Minas Gerais,MG,31,Belo Horizonte,3106200,1,Metropolitana de Belo Horizonte,7,Belo Horizonte,30,3,4,SISTEMA DE ENSINO SUPERIOR CIDADE DE BELO HORIZONTE LTDA - ME,12776,13828,FACULDADE ISEIB DE BELO HORIZONTE,FIBH,Avenida Afonso Pena,266,-,Centro,30130001.0,10,0,0,0,0,5,1,1,1,1,1,0,0,0,0,0,0,1,1,1,1,0,0,5000,50000,23,23,13,10,0,0,0,15,8,2,1,1,21,0,0,0,1,8,3,5,2,4,3,1,19,0,0,0,22,1,0
2022,Sudeste,3,São Paulo,SP,35,São Paulo,3550308,1,Metropolitana de São Paulo,15,São Paulo,61,3,5,DEPARTAMENTO INTERSINDICAL DE EST ESTS SOCIO ECONOMICOS,12420,13845,Escola DIEESE de Ciências do Trabalho,DIEESE,Rua Aurora,957,-,Santa Efigênia,1209001.0,11,0,0,0,0,1,0,2,3,2,0,2,1,0,0,0,0,0,0,1,1,1,1,10,69,10,10,6,4,0,0,0,4,6,3,2,1,2,5,1,2,2,0,4,0,0,1,9,0,1,0,0,0,10,0,0
2022,Sudeste,3,Minas Gerais,MG,31,Patos de Minas,3148004,0,Triângulo Mineiro/Alto Paranaíba,5,Patos de Minas,20,3,4,INSTITUTO TECSOMA LTDA - ITEC,880,13873,FACULDADE FINOM DE PATOS DE MINAS,FINOM,Praça Josefina Mourão,46,Unidade Acadêmica - Sede,Centro,38700116.0,21,0,0,2,0,7,2,1,5,2,0,1,1,0,0,0,0,0,1,1,1,1,1,975,15808,20,19,8,11,0,2,6,9,2,0,0,0,10,9,2,7,4,2,3,1,0,0,13,0,5,0,0,1,19,0,0
2022,Sudeste,3,Minas Gerais,MG,31,Betim,3106705,0,Metropolitana de Belo Horizonte,7,Belo Horizonte,30,2,4,BRASIL EDUCACAO S/A,3052,14028,Centro Universitário UNA de Betim,,Avenida Governador Valadares,640,- de 400 a 698 - lado par,Centro,32600216.0,33,0,0,0,1,16,5,6,1,0,0,3,1,0,0,1,0,1,1,1,1,1,1,22000,34357,138,138,75,63,0,0,15,79,44,72,0,72,62,4,2,18,36,42,35,3,1,1,86,9,43,0,0,0,137,1,0
2022,Sudeste,3,Minas Gerais,MG,31,Aimorés,3101102,0,Vale do Rio Doce,8,Aimorés,41,3,4,INSTITUTO EDUCACIONAL ALFAUNIPAC LTDA,2371,14029,Faculdade Presidente Antônio Carlos de Aimorés,,Rua Pedro Nolasco,1376,-,Centro,35200000.0,28,0,2,0,0,10,4,1,0,8,3,0,0,0,0,0,0,1,1,1,1,1,1,10,10,28,28,14,14,0,0,15,7,6,8,0,8,6,14,0,6,5,8,2,1,4,2,22,0,6,0,0,0,28,0,0
2022,Sudeste,3,São Paulo,SP,35,Praia Grande,3541000,0,Metropolitana de São Paulo,15,Santos,63,3,4,UNIDADE METROPOLITANA DE ENSINO SUPERIOR E TECNICO LTDA - ME,13173,14069,FACULDADE DE TECNOLOGIA PORTO SUL,FAPS,Avenida Presidente Kennedy,4000,-,AVIACAO,11703200.0,1,0,0,0,0,1,0,0,0,0,0,0,0,0,0,0,0,0,0,1,1,0,0,1,0,7,7,3,4,0,0,2,1,4,7,1,6,0,0,0,1,0,1,1,0,0,4,6,0,1,0,0,0,7,0,0
2022,Sudeste,3,Minas Gerais,MG,31,Baependi,3104908,0,Sul/Sudoeste de Minas,10,São Lourenço,54,3,5,FUNDACAO PRESIDENTE ANTONIO CARLOS,221,14101,Faculdade Presidente Antônio Carlos de Baependi,FAPAC BAEPENDI,Rua Professor José Divino,115,-,Centro,37443000.0,5,0,0,0,0,1,1,0,0,2,0,1,0,0,0,0,0,1,1,1,1,1,1,72,12359,16,16,8,8,0,0,9,6,1,1,0,1,8,7,0,1,4,5,1,2,1,2,12,0,1,0,0,3,16,0,0
2022,Sudeste,3,Minas Gerais,MG,31,Ponte Nova,3152105,0,Zona da Mata,12,Ponte Nova,60,3,5,FUNDACAO PRESIDENTE ANTONIO CARLOS,221,14115,Faculdade Presidente Antônio Carlos de Ponte Nova,,Avenida Francisco Vieira Martins,480,-,Palmeiras,35430225.0,17,0,0,0,3,1,1,2,0,1,4,1,3,0,1,1,0,1,1,1,1,0,1,0,10960,29,29,12,17,0,0,11,14,4,4,0,4,25,0,1,6,6,6,4,1,4,1,14,1,5,0,0,9,29,0,0
2022,Sudeste,3,Minas Gerais,MG,31,São João Nepomuceno,3162906,0,Zona da Mata,12,Juiz de Fora,65,3,5,FUNDACAO PRESIDENTE ANTONIO CARLOS,221,14121,Faculdade Presidente Antônio Carlos de São João Nepomuceno,,Praça Floriano Peixoto,26,-,Centro,36680144.0,8,1,0,0,0,0,1,1,0,3,1,0,1,0,0,0,0,1,1,1,1,1,1,0,11028,14,14,6,8,0,0,7,6,1,2,0,2,4,8,0,4,2,3,0,2,2,1,7,0,2,0,0,5,14,0,0
2022,Sudeste,3,Minas Gerais,MG,31,Itanhandu,3133105,0,Sul/Sudoeste de Minas,10,São Lourenço,54,3,5,FUNDACAO PRESIDENTE ANTONIO CARLOS,221,14132,Faculdade Presidente Antônio Carlos de Itanhandu,FAPACI,Rua Alexandre Moreira,291,-,Centro,37464000.0,3,0,1,0,0,0,0,0,0,1,0,0,1,0,0,1,0,1,0,1,1,1,0,0,0,11,11,4,7,0,0,5,6,0,0,0,0,0,11,0,0,1,4,2,1,1,2,8,0,1,0,0,2,11,0,0
2022,Sudeste,3,Minas Gerais,MG,31,Lambari,3137809,0,Sul/Sudoeste de Minas,10,São Lourenço,54,3,5,FUNDACAO PRESIDENTE ANTONIO CARLOS,221,14133,Faculdade Presidente Antônio Carlos de Lambari,FAPAC LAMBARI,Rua Vitor Tucci,64,-,Vista Verde,37480000.0,4,0,0,0,0,3,0,0,0,1,0,0,0,0,0,0,0,1,0,1,1,0,1,0,0,19,19,5,14,0,0,9,8,2,1,0,1,1,17,1,1,3,3,8,1,2,0,13,0,2,0,0,4,19,0,0
2022,Sudeste,3,Minas Gerais,MG,31,Barão de Cocais,3105400,0,Metropolitana de Belo Horizonte,7,Itabira,31,3,5,FUNDACAO PRESIDENTE ANTONIO CARLOS,221,14147,Faculdade Presidente Antônio Carlos de Barão de Cocais,,Rua Maestro Iolando dos Santos,565,-,Bairro Lagoa,35970000.0,3,1,0,0,0,0,0,1,0,0,0,0,1,0,0,0,0,1,1,1,1,1,1,5378,7890,2,2,1,1,0,0,0,2,0,1,0,1,1,0,0,0,0,0,1,0,0,1,1,0,0,0,1,0,2,0,0
2022,Sudeste,3,Minas Gerais,MG,31,Mariana,3140001,0,Metropolitana de Belo Horizonte,7,Ouro Preto,33,3,5,FUNDACAO PRESIDENTE ANTONIO CARLOS,221,14148,Faculdade Presidente Antônio Carlos de Mariana,FAPAM,Rua Antônio Alves,78,-,São Cristovão,35420000.0,17,2,0,0,2,5,1,2,0,1,1,0,2,1,0,1,0,1,1,1,1,1,1,3219,16966,12,12,4,8,0,0,3,7,2,1,0,1,4,7,0,2,2,5,3,0,0,0,4,0,3,0,0,5,12,0,0
2022,Sudeste,3,Minas Gerais,MG,31,Nova Lima,3144805,0,Metropolitana de Belo Horizonte,7,Belo Horizonte,30,3,5,FUNDACAO PRESIDENTE ANTONIO CARLOS,221,14151,Faculdade Presidente Antônio Carlos de Nova Lima,,Rua da Paisagem,240,-,Vale do Sereno,34000000.0,6,0,2,0,0,0,0,2,0,0,1,0,1,0,0,0,0,1,0,1,1,0,1,32,3303,14,11,3,8,0,0,8,2,1,1,0,1,7,3,0,2,2,4,2,0,1,0,7,0,1,0,0,3,11,0,0
2022,Sudeste,3,Minas Gerais,MG,31,Sabará,3156700,0,Metropolitana de Belo Horizonte,7,Belo Horizonte,30,3,5,FUNDACAO PRESIDENTE ANTONIO CARLOS,221,14155,Faculdade Presidente Antônio Carlos de Sabará,FUNEES Sabará,Avenida Dr. Henrique de Melo,S/N,-,Roça Grande,34565230.0,5,0,0,0,1,0,1,0,0,3,0,0,0,0,0,1,0,1,1,1,1,0,1,72,9769,4,4,3,1,0,0,2,2,0,0,0,0,1,3,0,0,0,0,3,0,0,1,1,0,0,0,0,3,4,0,0
2022,Sudeste,3,Minas Gerais,MG,31,Teófilo Otoni,3168606,0,Vale do Mucuri,4,Teófilo Otoni,15,3,4,INSTITUTO EDUCACIONAL ALFAUNIPAC LTDA,2371,14156,Faculdade Presidente Antônio Carlos de Teófilo Otoni,,Rua Engenheiro Celso Murta,600,-,Ola Prates Correia,39803087.0,154,5,1,4,4,41,27,24,6,21,5,7,5,1,3,1,0,1,1,0,1,1,1,100,100,91,91,42,49,0,0,41,41,9,17,0,17,16,58,7,14,16,22,16,9,7,0,46,0,44,0,0,1,91,0,0
2022,Sudeste,3,Minas Gerais,MG,31,Uberlândia,3170206,0,Triângulo Mineiro/Alto Paranaíba,5,Uberlândia,18,3,5,FUNDACAO PRESIDENTE ANTONIO CARLOS,221,14157,Faculdade de Educação e Estudos Sociais de Uberlândia,FEESU,Avenida Marcos de Freitas Costa,1510,-,Osvaldo Rezende,38400328.0,4,0,0,0,1,1,0,1,0,0,0,0,0,1,0,0,0,1,1,1,0,1,0,0,0,12,12,4,8,0,0,4,6,2,1,0,1,3,8,0,1,1,4,3,1,0,2,3,0,4,0,0,5,12,0,0
2022,Sudeste,3,Minas Gerais,MG,31,Contagem,3118601,0,Metropolitana de Belo Horizonte,7,Belo Horizonte,30,3,4,FACULDADE UNICA LTDA,17342,14161,Faculdade Única de Contagem,FUNIC,Rua Professor Sigefredo Marques,341,antiga Rua Três,Estância do Hibisco,32017590.0,7,0,1,0,0,3,1,2,0,0,0,0,0,0,0,0,0,1,1,1,1,0,1,106,27841,22,22,8,14,0,0,8,11,3,16,0,16,4,2,2,0,3,8,4,3,2,0,4,6,7,1,0,4,22,0,0
2022,Sudeste,3,Minas Gerais,MG,31,Governador Valadares,3127701,0,Vale do Rio Doce,8,Governador Valadares,37,3,5,FUNDACAO PRESIDENTE ANTONIO CARLOS,221,14162,Faculdade Presidente Antônio Carlos de Governador Valadares,FAPAC - GV,Rua Jair Rodrigues Coelho,211,-,Vila Bretãs,35032620.0,27,0,0,1,1,4,5,2,8,0,3,1,1,0,1,1,0,1,1,1,1,1,1,245,11621,45,43,18,25,0,0,21,20,2,8,0,8,19,16,0,4,5,17,7,4,4,2,12,3,11,0,2,15,43,0,0
2022,Sudeste,3,Minas Gerais,MG,31,Três Pontas,3169406,0,Sul/Sudoeste de Minas,10,Varginha,50,3,5,FUNDACAO DE ENSINO E PESQUISA DO SUL DE MINAS,2124,14165,FACULDADE TRÊS PONTAS,FATEP,Praça D'Aparecida,57,-,Centro,37190000.0,15,0,0,0,1,4,1,2,2,1,0,1,1,0,2,1,0,0,1,0,1,0,1,866,17137,33,33,13,20,0,0,8,18,7,4,0,4,22,7,2,1,7,8,8,2,2,3,23,0,2,0,0,8,33,0,0
2022,Sudeste,3,São Paulo,SP,35,Votuporanga,3557105,0,São José do Rio Preto,1,Votuporanga,3,3,5,ASSOCIACAO DE ENSINO JOSE WELLINGTON BEZERRA DA COSTA,13291,14194,FATEC - FACULDADE DE TEOLOGIA E CIÊNCIAS DE VOTUPORANGA,FATEC,Rua José Sanches Peres,3040,FATEC VOTUPORANGA,São João,15501210.0,12,0,0,0,0,5,2,2,2,0,0,0,0,1,0,0,0,0,1,1,1,1,1,11,6000,17,17,11,6,0,0,1,9,7,2,2,0,15,0,0,2,6,0,4,3,1,1,8,0,1,0,0,8,17,0,0
2022,Sudeste,3,Minas Gerais,MG,31,Timóteo,3168705,0,Vale do Rio Doce,8,Ipatinga,39,3,4,FACULDADE UNICA LTDA,17342,14242,FACULDADE ÚNICA DE TIMÓTEO,FUNIT,Avenida Acesita,655,Campus Timoteo,Olaria,35180207.0,5,0,0,0,0,2,1,2,0,0,0,0,0,0,0,0,0,1,1,1,1,0,1,27841,106,6,6,1,5,0,0,4,2,0,2,0,2,4,0,1,1,2,1,1,0,0,0,6,0,0,0,0,0,6,0,0
2022,Sudeste,3,Minas Gerais,MG,31,Itabirito,3131901,0,Metropolitana de Belo Horizonte,7,Ouro Preto,33,3,5,FUNDACAO PRESIDENTE ANTONIO CARLOS,221,14243,Faculdade Presidente Antônio Carlos de Itabirito,,Rua Cecilia de Almeida Rocha,291,Faculdade Presidente Antônio Carlos de Itabirito,Novo Itabirito,35450000.0,10,1,1,1,1,2,1,1,0,0,0,0,1,0,1,1,0,1,1,1,1,1,1,0,12318,10,9,2,7,0,0,1,5,3,1,0,1,8,0,0,2,0,4,1,1,0,1,4,0,0,0,0,5,9,0,0
2022,Sudeste,3,Minas Gerais,MG,31,Uberaba,3170107,0,Triângulo Mineiro/Alto Paranaíba,5,Uberaba,22,3,5,FUNDACAO PRESIDENTE ANTONIO CARLOS,221,14246,Faculdade Presidente Antônio Carlos de Uberaba,,Rua Senador Pena,521,-,Centro,38010400.0,19,1,0,1,1,2,5,1,1,2,2,2,1,0,0,1,0,0,1,1,1,1,1,0,12407,25,22,10,12,0,0,7,12,3,5,0,5,12,5,0,1,1,4,5,6,3,2,16,0,5,0,0,1,22,0,0
2022,Sudeste,3,Minas Gerais,MG,31,Uberlândia,3170206,0,Triângulo Mineiro/Alto Paranaíba,5,Uberlândia,18,3,5,FUNDACAO PRESIDENTE ANTONIO CARLOS,221,14248,Faculdade Presidente Antônio Carlos de Uberlândia,,Avenida Cipriano Del Fávero,991,-,Martins,38400106.0,118,0,0,6,4,16,10,28,9,21,16,2,4,2,0,0,0,1,1,1,1,0,1,0,12600,137,134,73,61,0,0,51,55,28,15,0,15,66,53,5,27,25,32,21,13,8,3,83,1,22,0,1,27,134,0,0
2022,Sudeste,3,Minas Gerais,MG,31,Contagem,3118601,0,Metropolitana de Belo Horizonte,7,Belo Horizonte,30,3,4,INSTITUTO DE NOVA EDUCACAO LTDA - ME,13331,14313,NOVA FACULDADE,NF,Avenida Cardeal Eugenio Pacelli,1996,-,Cidade Industrial,32217970.0,33,0,1,5,3,4,6,5,1,2,1,2,2,1,0,0,0,1,1,1,1,1,1,128,515,19,19,10,9,0,0,1,10,8,10,0,10,9,0,1,0,12,3,1,1,1,0,5,0,5,0,0,9,19,0,0
2022,Sudeste,3,São Paulo,SP,35,Porto Feliz,3540606,0,Macro Metropolitana Paulista,12,Sorocaba,46,3,4,INSTITUTO DE ENSINO SUPERIOR MOINHO VELHO LTDA - ME,10017,14401,FACULDADE DE TECNOLOGIA PORTO DAS MONÇÕES,FAMO,"Av. Monsenhor Seckler,",s/n,-,Vila América,18540000.0,3,0,0,0,0,0,0,2,1,0,0,0,0,0,0,0,0,0,0,0,1,0,1,0,0,29,27,5,22,0,0,18,7,2,2,0,2,12,13,2,0,4,3,6,5,3,4,17,0,1,0,0,9,27,0,0
2022,Sudeste,3,São Paulo,SP,35,Suzano,3552502,0,Metropolitana de São Paulo,15,Mogi das Cruzes,62,2,5,UNIPIAGET/BRASIL,13938,14715,Centro Universitário Piaget,UniPiaget,Av. Senador  Roberto Simonsen,972,-,Jardim Imperador,8674140.0,25,0,0,0,0,8,4,6,2,3,1,0,0,0,1,0,0,0,0,0,1,1,1,1123,12793,65,64,39,25,0,0,21,32,11,11,8,3,52,1,4,8,8,13,13,10,5,3,55,1,7,1,0,0,64,0,3
2022,Sudeste,3,São Paulo,SP,35,Guarulhos,3518800,0,Metropolitana de São Paulo,15,Guarulhos,59,3,4,PRO-FAC ENSINO SUPERIOR LTDA - ME,13766,14727,FACULDADE PROGRESSO,FAP,Avenida Doutor Timóteo Penteado,4383,- de 4009/4010 ao fim,Vila Galvão,7061003.0,44,0,0,0,0,5,0,6,1,1,9,7,13,0,2,0,0,1,1,1,1,1,1,300,300,30,30,8,22,0,0,10,18,2,3,3,0,10,17,1,2,4,9,4,3,3,4,22,3,4,0,1,0,29,1,0
2022,Sudeste,3,São Paulo,SP,35,Francisco Morato,3516309,0,Metropolitana de São Paulo,15,Franco da Rocha,58,3,4,INSTITUTO DE ENSINO SUPERIOR MOINHO VELHO LTDA - ME,10017,14858,FACULDADE DE TECNOLOGIA FRANCISCO MORATO,FFRAMO,Rua dos Cravos,560,-,Vila Espanhola,7990050.0,7,0,1,0,1,3,0,1,0,1,0,0,0,0,0,0,0,0,0,0,0,0,0,35,0,5,3,2,1,0,0,0,1,2,0,0,0,0,3,0,0,0,2,0,0,0,1,2,0,0,0,0,1,3,0,0
2022,Sudeste,3,São Paulo,SP,35,São Paulo,3550308,1,Metropolitana de São Paulo,15,São Paulo,61,3,4,DIDA-VERFRAN GESTAO EM PESQUISA E EDUCACAO LTDA,14242,14879,FACULDADE DOURADO,FD,Rua Nhatumani  556-568,568,556,Vila Ré,3663000.0,5,1,0,0,0,0,0,3,1,0,0,0,0,0,0,1,0,0,0,0,1,1,0,0,0,6,6,6,0,0,0,2,4,0,0,0,0,2,4,0,1,0,0,2,1,2,0,4,2,0,0,0,0,6,0,0
2022,Sudeste,3,São Paulo,SP,35,Praia Grande,3541000,0,Metropolitana de São Paulo,15,Santos,63,3,4,BBELLO EDUCACAO LTDA - ME,14226,14890,FACULDADE PRAIA GRANDE,FPG,Avenida Presidente Kennedy,4000,-,Aviação,11703200.0,7,0,0,0,0,2,1,1,1,2,0,0,0,0,0,0,0,0,0,1,1,0,0,1,0,29,29,12,17,0,0,6,16,7,12,1,11,7,10,0,4,6,5,1,2,3,8,20,0,5,0,0,4,29,0,0
2022,Sudeste,3,São Paulo,SP,35,Barretos,3505500,0,Ribeirão Preto,2,Barretos,9,3,4,SISTEMA MED SERVICOS EDUCACIONAIS S.A.,3524,14892,FACULDADE DE CIÊNCIAS DA SAÚDE DE BARRETOS DR. PAULO PRATA,FACISB,Avenida Loja Maçônica Renovadora 68,100,- lado par,Nova América,14785000.0,53,0,0,2,3,6,10,12,8,6,3,2,1,0,0,0,0,1,1,1,1,0,0,1900,3300,56,56,26,30,0,0,3,21,32,9,9,0,46,1,1,5,14,13,9,7,2,5,55,0,0,0,0,1,53,3,0
2022,Sudeste,3,Espírito Santo,ES,32,São Gabriel da Palha,3204708,0,Noroeste Espírito-santense,1,Nova Venécia,2,3,4,IESG-INSTITUTO DE EDUCACAO SAO GABRIEL DA PALHA LTDA,14347,14927,FACULDADE ÚNICA DE FORMAÇÃO E ENSINO,FUNIFE,Rua Ely Cardoso,45,-,Santa Cecilia,29780000.0,7,0,0,0,0,2,2,2,0,1,0,0,0,0,0,1,0,1,1,1,1,1,1,100,100,12,12,5,7,0,3,6,3,0,0,0,0,3,9,3,3,1,3,1,1,0,0,7,1,4,0,0,0,12,0,0
2022,Sudeste,3,São Paulo,SP,35,Ribeirão Preto,3543402,0,Ribeirão Preto,2,Ribeirão Preto,14,3,4,ESCOLA DE ULTRA-SONOGRAFIA RIBEIRAO PRETO SC LTDA - EPP,14479,14969,FACULDADE DE TECNOLOGIA EM SAÚDE,FATESA,Rua Marcos Markarian,1025,11º e 12º andar,Nova Aliança,14026583.0,57,0,0,3,1,6,14,5,11,4,7,0,0,4,2,0,0,1,0,1,1,1,1,0,2718,16,16,14,2,0,0,0,5,11,7,0,7,9,0,1,2,2,3,4,3,1,0,11,0,4,0,0,1,16,0,1
2022,Sudeste,3,Minas Gerais,MG,31,Ubá,3169901,0,Zona da Mata,12,Ubá,64,3,5,FUNDACAO PRESIDENTE ANTONIO CARLOS,221,15357,Faculdade Presidente Antônio Carlos de Ubá,,Rua Rua Lincoln Rodrigues Costa,165,-,Boa Vista,36501010.0,53,1,3,8,1,4,4,10,1,8,2,5,4,1,1,0,0,0,1,1,1,0,1,0,10500,68,68,36,32,0,0,29,32,7,8,0,8,31,29,2,5,13,17,12,5,7,7,52,0,6,0,0,10,68,0,0
2022,Sudeste,3,São Paulo,SP,35,São Paulo,3550308,1,Metropolitana de São Paulo,15,São Paulo,61,3,5,"FUNDACAO INSTITUTO DE PESQUISAS CONTABEIS, ATUARIAIS E FINANCEIRAS - FIPECAFI",3558,15401,Faculdade FIPECAFI,FIPECAFI,Rua Maestro Cardim,1170,-,Liberdade,1323001.0,129,0,1,0,0,1,6,34,24,6,9,10,27,5,6,1,0,1,1,0,1,1,1,36,12916,48,45,12,33,0,0,0,30,15,3,0,3,42,0,0,9,12,7,8,2,2,5,39,1,2,1,0,2,45,0,1
2022,Sudeste,3,Minas Gerais,MG,31,Ipatinga,3131307,0,Vale do Rio Doce,8,Ipatinga,39,3,4,FACULDADE UNICA LTDA,17342,15450,Faculdade Única de Ipatinga,FUNIP,Rua Salermo,299,-,Bethânia,35164779.0,46,0,0,0,0,23,6,10,4,1,0,1,0,1,0,0,0,1,1,1,1,0,1,196,27841,123,123,63,60,0,0,67,49,7,50,0,50,42,31,15,21,27,26,11,13,8,2,69,4,37,3,0,10,123,0,0
2022,Sudeste,3,Minas Gerais,MG,31,Ipatinga,3131307,0,Vale do Rio Doce,8,Ipatinga,39,3,5,SISTEMA ALFA UNIVERSITARIO LTDA - ALFA,13922,15451,Faculdade de Direito de Ipatinga,FADIPA,Rua João Patrício de Araújo,195,-,Veneza I,35164226.0,43,1,0,1,0,12,7,7,1,10,1,0,2,1,0,0,0,1,1,1,1,1,1,40,12407,59,54,19,35,0,0,18,26,10,9,1,8,23,22,0,2,4,11,13,6,6,12,48,0,6,0,0,0,53,1,1
2022,Sudeste,3,Minas Gerais,MG,31,Bom Despacho,3107406,0,Central Mineira,6,Bom Despacho,26,2,4,FACEB EDUCACAO LTDA,1117,15452,CENTRO UNIVERSITÁRIO UNA DE BOM DESPACHO,UNA,Br 262 - Km 480,S/N,-,Zona Rural,35600000.0,75,5,3,5,3,17,13,13,4,2,3,1,2,3,1,1,0,1,1,1,1,1,1,22000,34357,174,174,87,87,0,0,42,80,52,79,0,79,62,33,5,45,44,33,31,8,3,5,139,2,33,0,0,0,174,0,0
2022,Sudeste,3,Minas Gerais,MG,31,Conselheiro Lafaiete,3118304,0,Metropolitana de Belo Horizonte,7,Conselheiro Lafaiete,34,3,5,FUNDACAO PRESIDENTE ANTONIO CARLOS,221,15453,Faculdade Presidente Antônio Carlos de Conselheiro Lafaiete,,Rodovia BR-482,s/n,-,Gigante,36402115.0,79,5,3,5,2,15,14,14,2,3,2,8,6,0,0,0,0,0,1,0,1,0,1,0,12407,89,89,39,50,0,0,26,53,10,6,0,6,43,40,2,14,21,18,10,12,8,4,53,0,20,0,1,15,89,0,0
2022,Sudeste,3,Minas Gerais,MG,31,Visconde do Rio Branco,3172004,0,Zona da Mata,12,Ubá,64,3,5,FUNDACAO PRESIDENTE ANTONIO CARLOS,221,15467,Faculdade Presidente Antônio Carlos de Visconde do Rio Branco,,Av.Mário Bouchardet,417,-,Jardim Alice,36520000.0,6,0,0,0,0,0,0,0,0,1,2,1,2,0,0,0,0,1,1,1,1,1,1,0,12520,11,11,4,7,0,0,3,5,3,0,0,0,2,9,0,1,0,5,2,0,1,2,8,0,3,0,0,0,11,0,0
2022,Sudeste,3,Minas Gerais,MG,31,Leopoldina,3138401,0,Zona da Mata,12,Cataguases,66,3,5,FUNDACAO PRESIDENTE ANTONIO CARLOS,221,15468,Faculdade Presidente Antônio Carlos de Leopoldina,,Rua Carmita Monteiro,s/n,-,Chácara Dona Euzébia,36700000.0,11,0,1,1,1,2,1,2,0,0,0,3,0,0,0,1,0,1,1,1,1,0,1,0,12407,20,20,9,11,0,0,7,11,2,3,0,3,11,6,2,2,2,7,5,1,1,0,12,0,3,0,0,5,20,0,0
2022,Sudeste,3,São Paulo,SP,35,Mogi das Cruzes,3530607,0,Metropolitana de São Paulo,15,Mogi das Cruzes,62,3,2,CENTRO ESTADUAL DE EDUCACAO TECNOLOGICA PAULA SOUZA,33,15576,Faculdade de Tecnologia de Mogi das Cruzes,FATEC-MC,Rua Carlos Baratino,01,-,Vila Mogilar,8773600.0,10,0,0,0,0,0,0,0,1,5,4,0,0,0,0,0,0,0,0,1,1,1,1,1,0,75,75,25,50,0,0,17,34,24,7,1,6,49,19,0,0,5,16,13,9,15,17,63,2,6,2,0,2,75,0,0
2022,Sudeste,3,São Paulo,SP,35,São José dos Campos,3549904,0,Vale do Paraíba Paulista,13,São José dos Campos,50,3,2,CENTRO ESTADUAL DE EDUCACAO TECNOLOGICA PAULA SOUZA,33,15581,Faculdade de Tecnologia de São José dos Campos - Jessen Vidal,FATECSJCAMPOS,Av. Cesare Mansueto Giulio Lattes,s/n,-,Eugênio de Melo,12247014.0,12,0,0,0,0,1,2,3,1,1,2,1,0,0,1,0,0,0,0,0,1,1,0,0,0,82,81,21,60,0,0,12,40,29,10,1,9,59,12,0,1,9,8,10,12,14,27,64,1,5,7,0,4,80,1,0
2022,Sudeste,3,São Paulo,SP,35,Santo André,3547809,0,Metropolitana de São Paulo,15,São Paulo,61,3,2,CENTRO ESTADUAL DE EDUCACAO TECNOLOGICA PAULA SOUZA,33,15585,Faculdade de Tecnologia Santo André,FATEC-SA,Rua Prefeito Justino Paixão,150,-,Centro,9020130.0,9,0,0,0,0,0,1,0,5,3,0,0,0,0,0,0,0,0,0,0,0,0,0,10,10,30,29,2,27,0,4,2,18,5,0,0,0,29,0,0,0,2,3,2,6,7,9,22,0,0,5,0,2,29,0,0
2022,Sudeste,3,São Paulo,SP,35,Itaquaquecetuba,3523107,0,Metropolitana de São Paulo,15,Mogi das Cruzes,62,3,2,CENTRO ESTADUAL DE EDUCACAO TECNOLOGICA PAULA SOUZA,33,15639,Faculdade de Tecnologia de Itaquaquecetuba,Fatec Itaqua,Av. Itaquaquecetuba,711,-,Vila Monte Belo,,14,0,0,0,0,3,0,3,2,1,5,0,0,0,0,0,0,0,1,1,1,1,1,1,0,67,63,23,40,0,0,12,27,24,4,1,3,27,32,0,0,6,4,8,11,22,12,47,5,7,3,0,1,63,0,0
2022,Sudeste,3,São Paulo,SP,35,Cruzeiro,3513405,0,Vale do Paraíba Paulista,13,Guaratinguetá,51,3,2,CENTRO ESTADUAL DE EDUCACAO TECNOLOGICA PAULA SOUZA,33,15680,Fatec Cruzeiro - Prof. Waldomiro May,,Rua Doutor Othon Barcelos,s/n,-,Itagaçaba,12730010.0,10,0,0,0,0,0,0,0,3,2,4,0,1,0,0,0,0,0,0,0,1,1,1,0,0,58,58,25,33,0,0,5,35,18,5,0,5,27,26,0,3,7,13,4,16,5,10,51,2,1,1,0,3,58,0,0
2022,Sudeste,3,São Paulo,SP,35,Piracicaba,3538709,0,Piracicaba,6,Piracicaba,28,3,2,CENTRO ESTADUAL DE EDUCACAO TECNOLOGICA PAULA SOUZA,33,15682,Faculdade de Tecnologia de Piracicaba,Fatec Piracicaba,Rua Diácono Jair de Oliveira,651,-,Santa Rosa,13414155.0,9,0,0,0,0,1,1,1,2,1,2,1,0,0,0,0,0,0,1,0,0,0,0,0,0,50,50,25,25,0,0,2,12,36,7,3,4,31,12,0,3,5,5,8,12,12,5,41,0,1,1,0,7,50,0,0
2022,Sudeste,3,São Paulo,SP,35,Pindamonhangaba,3538006,0,Vale do Paraíba Paulista,13,São José dos Campos,50,3,2,CENTRO ESTADUAL DE EDUCACAO TECNOLOGICA PAULA SOUZA,33,15687,Faculdade de Tecnologia de Pindamonhangaba,FATEC PI,Rodovia Abel Fabrício Dias,4010,-,Água Preta,,13,0,0,0,0,1,1,4,6,0,0,0,0,0,1,0,0,0,1,0,1,1,1,0,0,60,59,20,39,0,2,3,33,21,5,0,5,28,26,0,1,3,9,8,13,9,16,50,1,1,0,0,7,59,0,0
2022,Sudeste,3,São Paulo,SP,35,São Paulo,3550308,1,Metropolitana de São Paulo,15,São Paulo,61,3,2,CENTRO ESTADUAL DE EDUCACAO TECNOLOGICA PAULA SOUZA,33,15688,FACULDADE DE TECONOLOGIA DA ZONA SUL,FATEC ZONASUL,Rua Frederico Grotte,322,-,Jardim Vergueiro,5818270.0,28,0,0,5,0,4,8,5,1,1,3,0,1,0,0,0,0,0,1,1,1,1,1,0,6500,43,39,9,30,0,0,5,23,11,20,0,20,19,0,0,0,0,1,3,15,3,17,31,1,4,2,0,1,39,0,0
2022,Sudeste,3,São Paulo,SP,35,Bauru,3506003,0,Bauru,4,Bauru,20,3,2,CENTRO ESTADUAL DE EDUCACAO TECNOLOGICA PAULA SOUZA,33,15689,Faculdade de Tecnologia de Bauru,FATEC,Rua Manoel Bento da Cruz,30,Quadra 3,Centro,17015171.0,8,0,0,0,0,1,1,2,1,1,2,0,0,0,0,0,0,0,1,1,1,1,0,0,0,59,59,16,43,0,0,10,23,26,23,2,21,22,14,0,4,7,13,12,5,8,10,42,0,2,0,0,15,59,0,0
2022,Sudeste,3,São Paulo,SP,35,Itapetininga,3522307,0,Itapetininga,11,Itapetininga,42,3,2,CENTRO ESTADUAL DE EDUCACAO TECNOLOGICA PAULA SOUZA,33,15693,Faculdade de Tecnologia de Itapetininga - Prof.Antônio Belizandro Barbosa Rezende,Fatec - Itapetininga,Rua João Vieira Camargo,104,-,Vila Barth,18205600.0,14,0,0,0,0,0,1,2,5,3,3,0,0,0,0,0,0,0,0,1,0,0,1,0,0,64,64,24,40,0,0,17,31,16,36,0,36,25,3,1,3,5,14,15,7,7,12,60,0,3,0,0,1,64,0,1
2022,Sudeste,3,São Paulo,SP,35,Itu,3523909,0,Macro Metropolitana Paulista,12,Sorocaba,46,3,2,CENTRO ESTADUAL DE EDUCACAO TECNOLOGICA PAULA SOUZA,33,15695,Faculdade de Tecnologia Dom Amaury Castanho,Fatec Itu,Avenida Tiradentes,1211,-,Jardim das Indústrias,13309640.0,10,0,0,0,0,1,0,2,4,1,1,0,0,1,0,0,0,0,0,1,1,1,1,320,160,75,75,30,45,0,1,17,40,17,3,0,3,28,44,0,3,7,10,14,17,11,13,63,1,0,0,0,11,75,0,0
2022,Sudeste,3,São Paulo,SP,35,Sertãozinho,3551702,0,Ribeirão Preto,2,Ribeirão Preto,14,3,2,CENTRO ESTADUAL DE EDUCACAO TECNOLOGICA PAULA SOUZA,33,15696,Faculdade de Tecnologia de Sertãozinho,FATEC SERTÃOZINHO,Rua Jordão Borghetti,480,-,São João,,12,0,0,0,0,1,1,5,3,2,0,0,0,0,0,0,0,0,0,0,1,0,0,0,0,90,70,25,45,0,0,9,37,24,5,0,5,37,28,1,3,9,16,11,12,9,9,65,0,1,1,0,3,69,1,0
2022,Sudeste,3,São Paulo,SP,35,Araçatuba,3502804,0,Araçatuba,3,Araçatuba,17,3,2,CENTRO ESTADUAL DE EDUCACAO TECNOLOGICA PAULA SOUZA,33,15697,Faculdade de Tecnologia de Araçatuba,FATEC Araçatuba,Avenida Prestes Maia,1764,- de 1752 ao fim - lado par,Ipanema,16052045.0,10,0,0,0,0,0,0,2,4,1,0,1,0,1,1,0,0,0,1,1,1,0,1,0,0,23,23,11,12,0,0,1,10,12,0,0,0,23,0,0,0,0,5,4,13,1,0,20,1,1,1,0,0,23,0,0
2022,Sudeste,3,São Paulo,SP,35,Capão Bonito,3510203,0,Itapetininga,11,Capão Bonito,44,3,2,CENTRO ESTADUAL DE EDUCACAO TECNOLOGICA PAULA SOUZA,33,15704,Faculdade de Tecnologia de Capão Bonito,FATEC-CB,Avenida Péricles de Freitas,296,-,Terras do Imbiruçu,18304750.0,11,0,0,0,0,0,1,3,3,2,2,0,0,0,0,0,0,0,1,1,1,1,1,0,0,23,22,14,8,0,0,3,5,14,4,4,0,0,18,0,0,6,2,8,1,1,4,21,0,0,1,0,0,22,0,0
2022,Sudeste,3,São Paulo,SP,35,Franca,3516200,0,Ribeirão Preto,2,Franca,12,3,2,CENTRO ESTADUAL DE EDUCACAO TECNOLOGICA PAULA SOUZA,33,15708,Faculdade de Tecnologia Dr. Thomaz Novelino,FATEC Franca,Rua Major Claudiano,1488,-,Centro,14400690.0,9,0,0,0,0,0,0,2,2,3,2,0,0,0,0,0,0,0,1,1,1,1,1,0,0,67,63,25,38,0,0,11,35,17,17,0,17,36,10,0,1,6,11,16,10,14,5,53,1,4,1,0,4,62,1,0
2022,Sudeste,3,São Paulo,SP,35,Osasco,3534401,0,Metropolitana de São Paulo,15,Osasco,57,3,2,CENTRO ESTADUAL DE EDUCACAO TECNOLOGICA PAULA SOUZA,33,15709,Faculdade de Tecnologia de Osasco - Prefeito Hirant Sanazar,Fatec Osasco,Rua Pedro Rissatto,30,-,Remédios,6296220.0,12,0,0,0,0,1,1,6,1,1,1,0,0,1,0,1,0,0,0,1,0,0,0,23,0,105,103,22,81,0,3,20,47,33,7,0,7,44,52,1,1,8,12,20,17,23,21,62,6,7,7,0,21,103,0,0
2022,Sudeste,3,São Paulo,SP,35,Mogi Mirim,3530805,0,Campinas,7,Mogi Mirim,31,3,2,CENTRO ESTADUAL DE EDUCACAO TECNOLOGICA PAULA SOUZA,33,15714,Fatec Arthur Azevedo - Mogi Mirim,FATECMM,Rua Ariovaldo Silveira Franco,567,Fatec,Jardim 31 de Março,13801005.0,11,0,0,0,0,0,0,3,3,1,3,0,1,0,0,0,0,0,0,1,1,1,0,0,0,59,58,10,48,0,0,12,27,19,6,0,6,31,21,0,2,6,5,8,13,8,16,50,2,1,3,0,2,58,0,1
2022,Sudeste,3,São Paulo,SP,35,Lins,3527108,0,Bauru,4,Lins,19,3,2,CENTRO ESTADUAL DE EDUCACAO TECNOLOGICA PAULA SOUZA,33,15715,FACULDADE DE TECNOLOGIA PROFESSOR ANTÔNIO SEABRA,FATEC LINS,Estrada Mário Covas Júnior,S/N,Km 1,Zona Rural,,10,0,0,0,0,0,3,3,1,2,1,0,0,0,0,0,0,0,0,0,1,1,1,12,1,41,41,9,32,0,0,4,24,13,0,0,0,0,41,1,2,8,6,11,6,5,2,36,0,2,1,0,2,41,0,0
2022,Sudeste,3,São Paulo,SP,35,São Caetano do Sul,3548807,0,Metropolitana de São Paulo,15,São Paulo,61,3,2,CENTRO ESTADUAL DE EDUCACAO TECNOLOGICA PAULA SOUZA,33,15745,Faculdade de Tecnologia de São Caetano do Sul,FATEC SCS,Rua Bell Aliance,225,-,Jardim São Caetano,9581420.0,11,0,0,0,0,2,0,1,2,3,3,0,0,0,0,0,0,0,1,1,1,0,1,0,0,85,85,27,58,0,0,14,50,21,5,0,5,35,45,0,3,3,7,18,14,18,22,47,3,4,0,0,31,83,2,0
2022,Sudeste,3,São Paulo,SP,35,São Paulo,3550308,1,Metropolitana de São Paulo,15,São Paulo,61,3,2,CENTRO ESTADUAL DE EDUCACAO TECNOLOGICA PAULA SOUZA,33,15746,Faculdade de Tecnologia do Ipiranga,FATECIPI,Rua Frei João,59,-,Vila Nair,4280130.0,13,0,0,0,0,2,1,3,6,0,0,0,1,0,0,0,0,0,0,0,0,0,0,0,0,111,102,36,66,0,0,11,54,37,0,0,0,0,102,0,3,7,6,16,15,32,23,58,2,8,4,0,30,102,0,0
2022,Sudeste,3,São Paulo,SP,35,Guarulhos,3518800,0,Metropolitana de São Paulo,15,Guarulhos,59,3,2,CENTRO ESTADUAL DE EDUCACAO TECNOLOGICA PAULA SOUZA,33,15752,Faculdade de Tecnologia de Guarulhos,FATEC GR,Rua Cristobal Claudio Elillo,88,-,Parque Cecap,7190065.0,9,0,0,0,0,1,2,3,0,1,1,1,0,0,0,1,0,0,1,1,1,1,0,50,0,84,83,24,59,0,0,12,48,23,14,0,14,40,29,0,1,1,11,15,15,20,20,61,1,8,0,0,13,83,0,0
2022,Sudeste,3,São Paulo,SP,35,Jaboticabal,3524303,0,Ribeirão Preto,2,Jaboticabal,13,3,2,CENTRO ESTADUAL DE EDUCACAO TECNOLOGICA PAULA SOUZA,33,15753,FACULDADE DE TECNOLOGIA NILO DE STÉFANI - JABOTICABAL,FATEC JBL,Avenida Eduardo Zambianchi,31,-,Vila Industrial,14883130.0,10,0,0,0,0,0,0,4,4,1,1,0,0,0,0,0,0,0,0,1,1,1,1,0,0,65,62,24,38,0,0,5,25,32,12,8,4,6,44,0,6,11,15,12,7,8,3,56,0,5,1,0,0,62,0,0
2022,Sudeste,3,São Paulo,SP,35,Barueri,3505708,0,Metropolitana de São Paulo,15,Osasco,57,3,2,CENTRO ESTADUAL DE EDUCACAO TECNOLOGICA PAULA SOUZA,33,15757,Faculdade de Tecnologia de Barueri,Fatec Barueri,Avenida Carlos Capriotti,123,(Centro Comercial Barueri),Centro,6401136.0,15,0,0,0,0,3,3,3,4,1,1,0,0,0,0,0,0,0,1,0,1,0,1,0,0,117,109,40,69,0,0,13,52,44,0,0,0,2,107,1,6,10,14,19,16,19,24,81,0,9,5,0,14,108,1,0
2022,Sudeste,3,São Paulo,SP,35,Jales,3524808,0,São José do Rio Preto,1,Jales,1,3,2,CENTRO ESTADUAL DE EDUCACAO TECNOLOGICA PAULA SOUZA,33,15769,Faculdade de Tecnologia de Jales,Fatec Jales,Rua Vicente Leporace,2630,-,Jardim Trianon,15703116.0,12,0,0,0,0,0,0,4,1,5,2,0,0,0,0,0,0,0,1,0,1,1,1,0,0,39,39,16,23,0,0,6,20,13,6,0,6,28,5,1,1,5,11,6,11,4,0,35,0,2,1,0,1,39,0,0
2022,Sudeste,3,São Paulo,SP,35,Marília,3529005,0,Marília,9,Marília,38,2,2,CENTRO ESTADUAL DE EDUCACAO TECNOLOGICA PAULA SOUZA,33,15784,Faculdade de Tecnologia Estudante Rafael Almeida Camarinha - Marilia,Fatec Marilia,Avenida Castro Alves,62,- até 1260/1261,São Miguel,17506000.0,13,0,0,0,0,1,0,3,2,0,4,0,2,1,0,0,0,0,1,1,1,1,1,0,0,39,38,21,17,0,0,4,12,22,18,10,8,20,0,1,2,2,7,8,9,3,6,32,0,1,4,0,1,38,0,0
2022,Sudeste,3,São Paulo,SP,35,São Sebastião,3550704,0,Vale do Paraíba Paulista,13,Caraguatatuba,54,3,2,CENTRO ESTADUAL DE EDUCACAO TECNOLOGICA PAULA SOUZA,33,15793,Faculdade de Tecnologia de São Sebastião,Fatec SS,Rua Ítalo Nascimento,366,-,Porto Grande,11600970.0,9,0,0,0,0,2,0,6,1,0,0,0,0,0,0,0,0,0,1,0,1,1,1,0,0,25,25,7,18,0,0,6,16,3,0,0,0,0,25,0,0,2,6,3,4,4,6,22,1,1,1,0,0,24,1,0
2022,Sudeste,3,São Paulo,SP,35,Tatuí,3554003,0,Itapetininga,11,Tatuí,43,3,2,CENTRO ESTADUAL DE EDUCACAO TECNOLOGICA PAULA SOUZA,33,15803,FACULDADE DE TECNOLOGIA DE TATUÍ - PROF. WILSON ROBERTO RIBEIRO DE CAMARGO,FATEC TATUÍ,ROD. MARIO BATISTA MORI,971,-,JD AEROPORTO,,16,0,0,0,0,0,1,1,2,5,3,1,2,0,1,0,0,1,1,1,1,1,1,0,0,99,94,23,71,0,0,30,45,19,6,6,0,4,84,4,4,8,16,11,13,17,21,80,1,9,0,0,4,94,0,0
2022,Sudeste,3,São Paulo,SP,35,Marília,3529005,0,Marília,9,Marília,38,3,5,ASSOCIACAO EDUCACIONAL LATINO AMERICANA,15215,15859,Faculdade Católica Paulista,FACAP,Avenida Cristo Rei,270-305,-,Banzato,17515200.0,91,0,0,0,0,16,6,33,11,12,4,5,3,1,0,1,0,1,1,1,1,1,0,1150,1150,99,99,48,51,0,0,9,62,28,13,9,4,86,0,12,27,26,17,7,6,3,1,53,0,8,1,0,37,98,1,0
2022,Sudeste,3,São Paulo,SP,35,Pindamonhangaba,3538006,0,Vale do Paraíba Paulista,13,São José dos Campos,50,3,5,INSTITUTO BIBLICO DAS ASSEMBLEIAS DE DEUS,14967,15922,Faculdade FABAD,FABAD,Rua São João Bosco,1114,Unidade IBAD,Santana,12403010.0,12,0,0,0,0,3,4,3,0,0,1,0,1,0,0,1,0,1,1,1,1,1,1,20,0,7,4,0,4,0,0,2,2,0,1,0,1,3,0,0,1,0,2,0,1,0,0,2,0,2,0,0,0,4,0,0
2022,Sudeste,3,Espírito Santo,ES,32,Linhares,3203205,0,Litoral Norte Espírito-santense,2,Linhares,6,3,3,FACELI - FUNDACAO FACULDADES INTEGRADAS DE ENSINO SUPERIOR DO MUNICIPIO DE LINHARES,13139,16010,FACULDADE DE ENSINO SUPERIOR DE LINHARES,FACELI,Avenida Presidente Costa e Silva,177,-,Novo Horizonte,29902120.0,34,0,0,0,0,0,0,13,7,3,6,1,4,0,0,0,0,0,0,1,1,0,1,0,0,30,30,14,16,0,0,0,24,6,0,0,0,30,0,0,3,9,6,2,10,0,0,19,3,6,0,0,2,30,0,0
2022,Sudeste,3,São Paulo,SP,35,Barra Bonita,3505302,0,Bauru,4,Jaú,21,3,4,IERT- INSTITUICOES DE ENSINO REUNIDAS TIETE LTDA,15328,16194,Faculdade Gran Tietê,FGT,XV DE NOVEMBRO,125,-,Centro,17340970.0,11,0,0,2,0,1,1,4,1,2,0,0,0,0,0,1,0,1,1,1,1,1,0,552,8175,43,42,19,23,0,0,14,22,6,0,0,0,41,1,4,10,8,5,7,2,6,0,34,0,5,0,0,3,42,0,0
2022,Sudeste,3,São Paulo,SP,35,Carapicuíba,3510609,0,Metropolitana de São Paulo,15,Osasco,57,3,2,CENTRO ESTADUAL DE EDUCACAO TECNOLOGICA PAULA SOUZA,33,16395,Faculdade de Tecnologia de Carapicuiba,FATEC,Avenida Francisco Pignatari,650,-,Vila Gustavo Correia,6310390.0,14,0,0,0,0,0,2,3,3,3,2,0,0,1,0,0,0,0,0,0,0,0,0,0,0,87,83,30,53,0,0,10,38,35,0,0,0,0,83,1,1,6,8,12,17,21,17,61,4,9,2,0,7,78,5,1
2022,Sudeste,3,São Paulo,SP,35,Catanduva,3511102,0,São José do Rio Preto,1,Catanduva,5,3,2,CENTRO ESTADUAL DE EDUCACAO TECNOLOGICA PAULA SOUZA,33,16410,Faculdade de Tecnologia de Catanduva,FATEC Catanduva,Rua Maranhão,898,-,Centro,15800020.0,10,0,0,0,0,1,1,2,2,3,1,0,0,0,0,0,0,0,0,1,1,1,0,0,0,47,47,15,32,0,0,7,24,16,4,0,4,36,7,0,5,9,10,6,6,6,5,44,0,3,0,0,0,47,0,0
2022,Sudeste,3,São Paulo,SP,35,Franca,3516200,0,Ribeirão Preto,2,Franca,12,3,5,FUNDACAO EDUCANDARIO PESTALOZZI,15452,16502,FACULDADE PESTALOZZI DE FRANCA,FAPESF,Rua José Marques Garcia,197,-,Cidade Nova,14401080.0,4,0,0,0,0,0,0,2,0,0,0,0,0,1,1,1,0,0,0,0,0,0,1,0,0,10,8,5,3,0,0,1,4,3,0,0,0,0,8,0,2,3,1,2,0,0,0,7,0,0,0,0,1,8,0,0
2022,Sudeste,3,São Paulo,SP,35,Ribeirão Preto,3543402,0,Ribeirão Preto,2,Ribeirão Preto,14,3,4,METROPOLITAN EDUCACAO LTDA.,15474,16543,Faculdade Metropolitana do Estado de São Paulo,FAMEESP,Avenida Presidente Kennedy,1693 - 1677,Unidade Kennedy,Parque Industrial Lagoinha,14095220.0,76,0,0,0,0,29,1,25,6,3,1,5,1,0,5,0,0,0,1,0,1,0,1,463,12500,37,37,19,18,0,0,4,19,14,20,0,20,11,6,2,5,10,8,3,6,2,1,24,0,2,0,0,11,37,0,1
2022,Sudeste,3,Minas Gerais,MG,31,Capelinha,3112307,0,Jequitinhonha,3,Capelinha,11,3,4,INSTITUTO EDUCACIONAL ALFAUNIPAC LTDA,2371,16556,Faculdade ALFAUNIPAC de Capelinha,,Rua Jacinto Jose Ribeiro,955,ALFAUNIPAC CAPELINHA,Centro,39680000.0,3,0,0,1,0,0,0,0,0,1,1,0,0,0,0,0,0,0,1,1,1,1,1,100,100,4,4,2,2,0,0,0,1,3,1,0,1,3,0,0,1,1,0,0,1,1,0,4,0,0,0,0,0,4,0,0
2022,Sudeste,3,São Paulo,SP,35,São Paulo,3550308,1,Metropolitana de São Paulo,15,São Paulo,61,3,5,ASSOCIACAO CULTURA INGLESA - SAO PAULO,15557,16864,Faculdade Cultura Inglesa,FCI,Rua Maranhão,416,- lado par,Higienópolis,1240000.0,181,0,0,0,0,3,15,58,51,27,16,4,6,1,0,0,0,0,0,0,1,0,0,124,465,7,6,3,3,0,0,0,3,3,2,2,0,0,4,0,1,1,0,0,1,2,1,5,0,0,0,0,1,6,0,0
2022,Sudeste,3,São Paulo,SP,35,São Paulo,3550308,1,Metropolitana de São Paulo,15,São Paulo,61,3,4,ACADEMIA MELIES DE ENSINO LTDA,15572,16934,Faculdade Méliès,MÉLIÈS,Avenida Ibirapuera,2657,Polo Sede,Indianópolis,4029200.0,24,1,0,1,1,3,4,4,4,2,2,1,0,0,1,0,0,1,1,0,0,0,0,388,0,35,35,9,26,0,4,18,12,1,14,9,5,14,7,7,6,6,7,9,0,0,0,32,0,2,1,0,0,34,1,0
2022,Sudeste,3,São Paulo,SP,35,São Paulo,3550308,1,Metropolitana de São Paulo,15,São Paulo,61,3,5,ESCOLA DE EDUCACAO SUPERIOR SAO JOSE,15603,17014,CENTRO SUPERIOR DE ESTUDOS JURÍDICOS CARLOS DRUMMOND DE ANDRADE,CSEJCDA,Rua Comendador Cantinho,394,-,Penha de França,3603020.0,43,1,0,2,2,17,9,6,3,1,0,2,0,0,0,1,0,1,1,1,1,1,1,14719,18255,14,14,3,11,0,0,0,9,5,4,0,4,10,0,0,2,0,2,2,5,2,1,9,0,3,0,0,2,14,0,0
2022,Sudeste,3,Minas Gerais,MG,31,Caratinga,3113404,0,Vale do Rio Doce,8,Caratinga,40,3,4,INSTITUTO DOCTUM DE EDUCACAO E TECNOLOGIA LTDA,1172,17289,Faculdade Uriel de Almeida Leitão,,Rua João Pinheiro,147,-,Centro,35300037.0,349,3,1,4,2,137,85,50,16,35,10,2,3,0,1,0,0,0,1,0,1,0,0,10,9000,21,21,4,17,0,0,1,11,9,0,0,0,21,0,2,2,4,5,2,2,3,1,10,3,3,0,0,5,21,0,0
2022,Sudeste,3,Minas Gerais,MG,31,Itabirito,3131901,0,Metropolitana de Belo Horizonte,7,Ouro Preto,33,3,5,ASSOCIACAO DE ENSINO SUPERIOR DOS INCONFIDENTES - ASESI,1209,17348,Faculdade Alis de Itabirito,,Rua Matozinhos,293,-,Matozinhos,35452056.0,11,0,0,1,0,4,2,2,0,0,0,2,0,0,0,0,0,1,1,1,1,1,0,8000,8000,66,66,37,29,0,0,9,38,19,24,1,23,31,11,4,16,16,15,9,2,4,0,50,4,7,0,0,5,66,0,0
2022,Sudeste,3,São Paulo,SP,35,São Paulo,3550308,1,Metropolitana de São Paulo,15,São Paulo,61,3,5,HOSPITAL ALEMAO OSWALDO CRUZ,10939,17355,Faculdade de Educação em Ciências da Saúde,FECS,Rua João Julião,331,Bloco D 1º andar,Bela Vista,1323020.0,23,0,0,0,0,1,2,3,3,8,4,1,0,1,0,1,0,1,0,1,1,0,1,0,7850,34,34,25,9,0,0,11,12,11,7,7,0,3,24,2,1,4,6,7,5,6,3,20,0,3,2,0,9,33,1,0
2022,Sudeste,3,São Paulo,SP,35,Botucatu,3507506,0,Bauru,4,Botucatu,23,3,4,ESCOLA UNIVERSITARIA DE BOTUCATU E REGIAO LTDA,17133,17593,Faculdade de Botucatu,FDB,Avenida Paula Vieira,542,Bairro Vila Ema,Vila Jahu,18611020.0,12,0,0,0,0,4,2,4,0,0,2,0,0,0,0,0,0,1,0,1,1,1,1,2,10000,36,36,20,16,0,0,15,6,15,8,0,8,25,3,2,5,7,5,8,4,4,1,32,0,1,0,0,3,36,0,0
2022,Sudeste,3,São Paulo,SP,35,Sorocaba,3552205,0,Macro Metropolitana Paulista,12,Sorocaba,46,3,4,INSTITUICAO EDUCACIONAL WLASAN,15742,17598,FACULDADE PROF. WLADEMIR DOS SANTOS,WLASAN,Avenida Professor Arthur Fonseca,633,-,Jardim Emília,18031005.0,5,0,0,0,0,0,0,0,0,3,0,1,0,1,0,0,0,1,0,1,1,1,1,22,30000,11,11,10,1,0,0,3,5,3,6,6,0,4,1,1,1,0,4,0,1,2,2,11,0,0,0,0,0,11,0,0
2022,Sudeste,3,São Paulo,SP,35,São Paulo,3550308,1,Metropolitana de São Paulo,15,São Paulo,61,3,5,"INSTITUTO NACIONAL DE ESPECIALIZACAO, EDUCACAO E QUALIFICACAO PROFISSIONAL - INEEQ",16975,17608,Faculdade de Educação Paulistana,FAEP,Rua Cordeiro da Silva,185,-,Vila Nova Parada,2883090.0,10,0,0,0,0,2,0,7,1,0,0,0,0,0,0,1,0,1,1,1,1,1,1,100,10000,17,16,9,7,0,0,4,4,8,16,16,0,0,0,1,2,1,3,2,2,2,3,10,0,2,0,0,4,16,0,0
2022,Sudeste,3,São Paulo,SP,35,Botucatu,3507506,0,Bauru,4,Botucatu,23,3,4,FRB- FACULDADES REUNIDAS DE BOTUCATU LTDA,16931,17662,Faculdade Galileu,FG,Avenida Marginal 200,680,Isaac Newton,Vila Real,18606294.0,17,1,1,0,0,0,0,6,0,4,3,0,1,0,1,1,0,1,1,1,1,0,1,587,9563,80,80,41,39,0,0,23,32,25,22,0,22,58,0,8,15,20,12,10,6,7,2,70,0,5,0,0,5,80,0,0
2022,Sudeste,3,São Paulo,SP,35,São Paulo,3550308,1,Metropolitana de São Paulo,15,São Paulo,61,3,4,INSTITUTO BRASILIENSE DE DIREITO PUBLICO IDP LTDA,3552,17672,"Instituto Brasileiro de Ensino, Desenvolvimento e Pesquisa de São Paulo",IDP-SP,Rua Itapeva,538,"Térreo, 1o, 2o e 3o andar",Bela Vista,1332000.0,3,0,0,0,0,0,0,2,0,0,0,0,1,0,0,1,0,1,1,1,1,1,1,53,11952,9,9,5,4,0,0,0,2,7,2,0,2,2,5,0,2,0,4,3,0,0,0,3,0,5,0,0,1,9,0,0
2022,Sudeste,3,São Paulo,SP,35,Campinas,3509502,0,Campinas,7,Campinas,32,3,5,SERVICO NACIONAL DE APRENDIZAGEM INDUSTRIAL,796,17690,FACULDADE DE TECNOLOGIA SENAI ROBERTO MANGE,,Rua Pastor Cícero Canuto de Lima,71,-,Parque Itália,13036210.0,155,0,0,0,2,6,21,13,76,3,26,1,7,0,0,0,0,1,1,1,1,1,1,0,15825,19,19,1,18,0,0,15,4,0,0,0,0,19,0,0,1,7,5,2,4,0,0,13,1,1,2,0,2,19,0,0
2022,Sudeste,3,São Paulo,SP,35,Sorocaba,3552205,0,Macro Metropolitana Paulista,12,Sorocaba,46,3,5,SERVICO NACIONAL DE APRENDIZAGEM INDUSTRIAL,796,17691,FACULDADE DE TECNOLOGIA SENAI GASPAR RICARDO JUNIOR,,Praça Roberto Mange,S/N,-,Jardim Santa Rosália,18090110.0,4,0,0,0,0,0,0,1,1,1,0,0,1,0,0,0,0,1,0,1,1,1,1,0,15681,10,9,1,8,0,0,5,3,1,3,2,1,4,2,2,1,4,1,0,0,1,0,7,0,2,0,0,0,9,0,0
2022,Sudeste,3,São Paulo,SP,35,São Paulo,3550308,1,Metropolitana de São Paulo,15,São Paulo,61,3,5,SERVICO SOCIAL DA INDUSTRIA - SESI,15799,17731,FACULDADE SESI-SP DE EDUCAÇÃO,FASESP,Rua Carlos Weber,835,-,Vila Leopoldina,5303000.0,12,0,0,0,0,0,2,4,4,1,1,0,0,0,0,0,0,1,1,1,1,0,1,57,15915,38,37,18,19,0,1,3,17,16,8,4,4,29,0,1,5,9,9,5,3,1,4,25,2,4,2,0,4,37,0,0
2022,Sudeste,3,Rio de Janeiro,RJ,33,Rio de Janeiro,3304557,1,Metropolitana do Rio de Janeiro,6,Rio de Janeiro,18,3,5,FUNDACAO CESGRANRIO,15800,17738,Faculdade Cesgranrio,FACESGRANRIO,Rua Santa Alexandrina,1011,Reitoria,Rio Comprido,20261235.0,18,0,0,1,0,1,2,4,5,3,0,1,1,0,0,1,0,1,1,1,1,1,1,8650,8800,87,86,51,35,0,0,11,40,35,27,0,27,16,43,0,2,4,6,18,13,19,24,58,1,11,0,0,16,86,0,1
2022,Sudeste,3,Espírito Santo,ES,32,Cachoeiro de Itapemirim,3201209,0,Sul Espírito-santense,4,Cachoeiro de Itapemirim,12,3,4,GVIX EDUCACAO LTDA,15805,17749,Faculdade América,América,Rodovia Cachoeiro x Alegre - BR 482,Km 05,-,Morro Grande,29313210.0,12,0,0,0,0,3,1,1,0,0,1,4,1,0,1,0,0,0,0,0,1,0,1,230,0,23,23,15,8,0,0,6,12,5,4,0,4,19,0,4,6,3,6,1,2,1,0,15,1,6,1,0,0,23,0,0
2022,Sudeste,3,São Paulo,SP,35,Dracena,3514403,0,Presidente Prudente,8,Dracena,34,3,4,UNIESP S.A,16134,17839,FACULDADE DE DRACENA,,Avenida Expedicionário,1.413,-,Centro,17900000.0,8,0,1,0,0,2,0,1,2,0,0,2,0,0,0,1,0,1,0,1,1,1,1,22203,11203,14,13,4,9,0,0,4,7,2,1,0,1,5,7,2,3,2,2,2,1,1,0,9,0,3,0,0,1,13,0,0
2022,Sudeste,3,São Paulo,SP,35,Taboão da Serra,3552809,0,Metropolitana de São Paulo,15,Itapecerica da Serra,60,3,4,FEDERAL EDUCACIONAL LTDA.,15868,17854,Centro Universitário Unifecaf,,Avenida Vida Nova,166,-,Jardim Maria Rosa,6764045.0,70,0,0,0,0,0,0,33,30,4,3,0,0,0,0,1,0,1,1,1,1,1,1,187,16371,185,161,65,96,0,0,74,64,23,37,0,37,114,10,6,25,22,32,33,16,15,12,86,5,38,1,0,31,161,0,2
2022,Sudeste,3,São Paulo,SP,35,São José dos Campos,3549904,0,Vale do Paraíba Paulista,13,São José dos Campos,50,3,4,SAO JOSE DOS CAMPOS EDUCACIONAL LTDA,15883,17887,Faculdade de Ciências Médicas de São José dos Campos,,Avenida Isaur de Pinho Nogueira,5900,Faculdade de Ciências Médicas de São José dos Campos,Vila Tatetuba,12220000.0,70,0,0,1,3,7,14,18,4,13,1,5,0,0,4,0,0,1,0,1,1,0,1,9,0,52,52,25,27,0,0,5,16,31,10,0,10,38,4,0,1,4,8,9,9,7,14,49,0,2,0,0,1,52,0,0
2022,Sudeste,3,São Paulo,SP,35,Jundiaí,3525904,0,Macro Metropolitana Paulista,12,Jundiaí,47,3,4,CENTRO DE ESTUDOS DE ADMINISTRACAO E MARKETING CEAM LTDA,918,17902,FACULDADE ESAMC JUNDIAÍ,ESAMC,Rua Coronel Boaventura Mendes Pereira,211,-,Vila Boaventura,13201801.0,9,0,0,0,0,0,0,5,3,1,0,0,0,0,0,0,0,0,1,1,1,0,1,824,16500,18,18,5,13,0,0,13,5,0,3,2,1,8,7,0,4,7,3,0,2,2,0,3,0,0,0,0,15,18,0,0
2022,Sudeste,3,São Paulo,SP,35,São Paulo,3550308,1,Metropolitana de São Paulo,15,São Paulo,61,3,4,FACULDADE NOVA GERACAO LTDA.,15894,17926,Faculdade de Ensino Superior Paschoal Dantas,,Avenida Pires do Rio,2801,-,Jardim São Sebastião,8041000.0,29,0,1,1,1,5,2,4,2,1,1,4,4,1,2,0,0,0,1,1,1,1,1,20,1000,14,14,7,7,0,0,2,10,2,0,0,0,1,13,1,0,1,2,0,4,5,1,11,0,3,0,0,0,14,0,0
2022,Sudeste,3,São Paulo,SP,35,Itapevi,3522505,0,Metropolitana de São Paulo,15,Osasco,57,3,4,CENTRO TECNOLOGICO DE ITAPEVI LTDA,15896,17928,Faculdade Aliança Educacional do Estado de São Paulo,,Avenida Cesário de Abreu,1155,-,Centro,6653020.0,5,0,0,0,0,1,2,0,0,1,1,0,0,0,0,1,0,1,1,1,1,1,1,890,10589,13,12,3,9,0,0,9,2,1,5,4,1,7,0,0,1,1,3,1,2,2,2,9,0,2,1,0,0,12,0,0
2022,Sudeste,3,São Paulo,SP,35,São Paulo,3550308,1,Metropolitana de São Paulo,15,São Paulo,61,3,2,CENTRO ESTADUAL DE EDUCACAO TECNOLOGICA PAULA SOUZA,33,17942,Faculdade de Tecnologia do Tatuapé,FATEC-TT,Rua Antônio de Barros,800,- de 701/702 a 1349/1350,Tatuapé,3401000.0,11,0,0,0,0,0,0,4,3,3,1,0,0,0,0,0,0,0,1,0,1,0,1,0,0,93,91,28,63,0,2,9,42,38,1,0,1,48,42,0,2,7,18,18,17,17,12,68,0,12,4,0,7,91,0,0
2022,Sudeste,3,São Paulo,SP,35,Jacareí,3524402,0,Vale do Paraíba Paulista,13,São José dos Campos,50,3,2,CENTRO ESTADUAL DE EDUCACAO TECNOLOGICA PAULA SOUZA,33,17952,Faculdade de Tecnologia de Jacareí,FATEC Jacareí,Avenida Faria Lima,155,-,Jardim Santa Maria,12328070.0,6,0,0,0,0,1,0,2,1,1,1,0,0,0,0,0,0,0,0,0,0,0,0,12,0,34,31,9,22,0,0,6,13,12,3,0,3,0,28,0,0,5,3,9,3,5,6,18,1,4,2,0,6,31,0,0
2022,Sudeste,3,São Paulo,SP,35,Pompéia,3540002,0,Marília,9,Marília,38,3,2,CENTRO ESTADUAL DE EDUCACAO TECNOLOGICA PAULA SOUZA,33,17953,Faculdade de Tecnologia de Pompeia - Shunji Nishimura,FATEC Pompeia,Av. Fundação Shunji Nishimura e Tecnologia,605,-,Distrito Industrial,17580000.0,10,0,0,0,0,1,0,4,4,0,0,0,0,1,0,0,0,0,1,1,1,1,1,0,0,36,36,7,29,0,0,5,15,16,1,0,1,0,35,1,0,5,10,6,4,6,4,32,0,1,3,0,0,36,0,0
2022,Sudeste,3,São Paulo,SP,35,São Paulo,3550308,1,Metropolitana de São Paulo,15,São Paulo,61,3,2,CENTRO ESTADUAL DE EDUCACAO TECNOLOGICA PAULA SOUZA,33,17977,Faculdade de Tecnologia de Itaquera,FATEC ITAQUERA,Avenida Miguel Ignácio Curi,s/n,-,Vila Carmosina,8295005.0,12,0,0,0,0,0,0,3,2,5,2,0,0,0,0,0,0,1,0,0,0,0,0,0,0,105,105,22,83,0,1,8,59,37,9,1,8,47,49,2,2,10,21,15,14,23,18,74,3,16,4,0,8,105,0,0
2022,Sudeste,3,São Paulo,SP,35,São Paulo,3550308,1,Metropolitana de São Paulo,15,São Paulo,61,3,5,ASSOCIACAO PROJETO NACIONAL DE ENSINO - PRONACE,15925,18019,Faculdade do Educador,FEDUC,Avenida Ibirapuera,2657,- até 1760 - lado par,Indianópolis,4028000.0,4,0,0,0,0,1,0,1,0,0,1,0,0,1,0,0,0,0,0,0,1,0,1,326,12846,7,5,3,2,0,0,0,1,4,1,0,1,2,2,0,0,1,0,1,0,1,2,3,1,1,0,0,0,5,0,0
2022,Sudeste,3,São Paulo,SP,35,São Paulo,3550308,1,Metropolitana de São Paulo,15,São Paulo,61,3,5,"CENTRO INTERNACIONAL DE ESTUDOS DE FISIOTERAPIA, ACUPUNTURA E TERAPIAS ORIENTAIS",15891,18035,Escola Brasileira de Medicina Chinesa,EBRAMEC,Rua Visconde de Parnaíba,2727,- de 2203/2204 ao fim,Brás,3045002.0,33,0,0,0,1,6,5,8,5,3,3,1,0,1,0,0,0,0,0,1,1,0,1,0,15404,13,13,9,4,0,0,5,6,2,0,0,0,6,7,1,1,0,5,3,2,0,1,11,0,0,2,0,0,13,0,0
2022,Sudeste,3,Rio de Janeiro,RJ,33,Três Rios,3306008,0,Centro Fluminense,3,Três Rios,5,3,4,SOEGAR-SOCIEDADE EDUCACIONAL GARDINGO LTDA - EPP,3092,18048,Faculdade Vértix Trirriense,FVT,Rua Ernesto Medeiros,s/n,Univértix Purys,Purys,25808100.0,26,0,0,0,2,9,4,5,0,2,2,1,0,0,1,0,0,1,1,0,1,1,1,727,12000,52,52,19,33,0,0,20,25,7,8,0,8,44,0,4,8,10,12,8,9,0,1,29,1,8,0,0,14,52,0,0
2022,Sudeste,3,São Paulo,SP,35,Taubaté,3554102,0,Vale do Paraíba Paulista,13,São José dos Campos,50,3,2,CENTRO ESTADUAL DE EDUCACAO TECNOLOGICA PAULA SOUZA,33,18049,Faculdade de Tecnologia de Taubaté,FATEC TAUBATÉ,Avenida Tomé Portes Del Rei,525,-,Vila São José,12070610.0,10,0,0,0,0,0,1,3,3,2,1,0,0,0,0,0,0,0,1,1,1,0,1,0,0,47,46,16,30,0,0,8,31,7,3,0,3,21,22,0,1,5,11,6,6,11,6,39,1,1,0,0,5,46,0,0
2022,Sudeste,3,São Paulo,SP,35,São Paulo,3550308,1,Metropolitana de São Paulo,15,São Paulo,61,3,4,HIGHWAY EDUCACIONAL LTDA,18078,18072,Faculdade de Direito TECH de São Paulo,FADITECH,Rua Teixeira Mendes,40,SEDE,Liberdade,1517010.0,8,0,0,0,0,0,0,0,3,2,1,1,1,0,0,0,0,1,0,1,1,1,1,83,2185,6,6,2,4,0,0,2,4,0,2,0,2,4,0,0,1,0,1,1,1,1,1,5,1,0,0,0,0,6,0,0
2022,Sudeste,3,São Paulo,SP,35,Diadema,3513801,0,Metropolitana de São Paulo,15,São Paulo,61,3,2,CENTRO ESTADUAL DE EDUCACAO TECNOLOGICA PAULA SOUZA,33,18099,Faculdade de Tecnologia de Diadema Luigi Papaiz,FATEC DIADEMA,Avenida Luiz Merenda,503,-,Campanário,9931390.0,6,0,0,0,0,0,0,3,1,2,0,0,0,0,0,0,0,0,0,0,0,1,0,0,0,64,47,20,27,0,0,6,23,18,0,0,0,0,47,0,0,7,8,8,10,7,7,26,3,3,1,0,14,47,0,0
2022,Sudeste,3,São Paulo,SP,35,São Paulo,3550308,1,Metropolitana de São Paulo,15,São Paulo,61,1,2,FUNDACAO UNIVERSIDADE VIRTUAL DO ESTADO DE SAO PAULO-UNIVESP,15958,18165,Fundação Universidade Virtual do Estado de São Paulo,UNIVESP,"R Bela Cintra, Edifício Adélia Saliba",847,8º e 9º Andar,Consolação,1415903.0,173,0,0,0,0,0,2,20,28,18,10,38,25,21,11,0,0,0,0,0,0,1,0,0,28500,106,105,47,58,0,0,0,0,105,19,0,19,0,86,0,4,18,27,21,24,6,5,69,3,5,2,0,26,102,3,0
2022,Sudeste,3,São Paulo,SP,35,Mauá,3529401,0,Metropolitana de São Paulo,15,São Paulo,61,3,4,UNIAO EDUCACIONAL MAUA - ME,17030,18258,FACULDADE UNIFICADA DO ESTADO DE SÃO PAULO,FAUESP,Rua Luís Lacava,239,-,Vila Bocaina,9310080.0,7,0,0,0,0,3,0,2,0,2,0,0,0,0,0,1,0,1,1,1,1,1,1,31,12125,8,8,4,4,0,0,4,4,0,1,0,1,7,0,0,0,0,1,0,6,0,1,6,1,1,0,0,0,8,0,0
2022,Sudeste,3,São Paulo,SP,35,Arujá,3503901,0,Metropolitana de São Paulo,15,Guarulhos,59,3,5,JOVENS DA VERDADE ASSOCIACAO CIVIL,15953,18288,Faculdade Latino-americana,FLAM,Estrada dos Fernandes,2680,-,Mirante do Arujá,7404165.0,5,0,0,0,0,0,0,3,2,0,0,0,0,0,0,0,0,0,1,0,1,0,0,0,178,12,12,6,6,0,0,4,3,5,1,0,1,2,9,0,0,1,2,2,1,3,3,8,1,2,0,0,1,11,1,0
2022,Sudeste,3,São Paulo,SP,35,Presidente Prudente,3541406,0,Presidente Prudente,8,Presidente Prudente,36,3,5,IGREJA ASSEMBLEIA DE DEUS MINISTERIO PRESIDENTE PRUDENTE,16000,18372,FACULDADE SOLIDARIA DO OESTE PAULISTA,FASOL,Rua Paulo Marcondes,1447,-,Parque Residencial São Lucas,19025000.0,6,0,0,0,0,1,0,1,2,0,2,0,0,0,0,0,0,1,0,1,1,1,0,350,25000,22,18,4,14,0,0,8,9,1,2,1,1,16,0,5,1,2,3,4,2,1,0,16,0,1,0,0,1,18,0,0
2022,Sudeste,3,Minas Gerais,MG,31,Sete Lagoas,3167202,0,Metropolitana de Belo Horizonte,7,Sete Lagoas,27,3,4,BRASIL EDUCACAO S/A,3052,18454,Faculdade Una de Sete Lagoas,Unaset,Avenida Secretário Divino Padrão,1.411,A,Santo Antônio,35702075.0,29,1,0,0,0,12,5,5,1,0,0,2,3,0,0,1,0,1,1,1,1,1,1,22000,34357,77,77,41,36,0,0,22,44,11,22,0,22,26,29,3,20,15,18,12,8,1,0,65,3,9,0,0,0,77,0,0
2022,Sudeste,3,Minas Gerais,MG,31,Curvelo,3120904,0,Central Mineira,6,Curvelo,25,3,4,ISLEC - INSTITUTO SETELAGOANO DE EDUCACAO E CIENCIA LTDA,17158,18462,FACULDADE PROMOVE DE CURVELO,FACURVELO,Avenida Juscelino Kubitschek,1441,-,Passaginha,35792242.0,17,0,0,0,0,8,0,4,2,2,0,1,0,0,0,0,0,0,0,1,1,1,1,92,0,9,8,6,2,0,0,3,2,3,1,0,1,7,0,0,3,1,2,0,0,2,0,4,0,4,0,0,0,8,0,0
2022,Sudeste,3,Minas Gerais,MG,31,Araçuaí,3103405,0,Jequitinhonha,3,Araçuaí,12,3,4,INSTITUTO EDUCACIONAL ALFAUNIPAC LTDA,2371,18520,Faculdade ALFAUNIPAC de Araçuaí,,Rua Monsenhor Clovis da Fonseca,30,ALFAUNIPAC Araçuaí,Renascença,39600000.0,3,0,0,0,0,0,0,0,0,2,1,0,0,0,0,0,0,0,1,1,1,1,1,10,10,4,4,2,2,0,0,0,1,3,3,0,3,1,0,1,1,1,1,0,0,0,0,3,0,1,0,0,0,4,0,0
2022,Sudeste,3,São Paulo,SP,35,Osasco,3534401,0,Metropolitana de São Paulo,15,Osasco,57,3,4,UNIESP S.A,16134,18526,FACULDADE DE OSASCO,FCO,Rua São Bento,11,-,Vila Yolanda,6120200.0,4,0,0,0,0,1,0,0,0,2,0,1,0,0,0,1,0,1,0,1,1,1,1,22203,11213,17,17,6,11,0,0,4,10,3,3,0,3,10,4,1,1,1,6,2,2,1,3,13,1,2,0,0,1,17,0,0
2022,Sudeste,3,Minas Gerais,MG,31,Governador Valadares,3127701,0,Vale do Rio Doce,8,Governador Valadares,37,3,5,INSTITUTO MINEIRO DE EDUCACAO SUPERIOR,16056,18637,Faculdade IMES,IMES,Rua Peçanha,662 - 10º Andar,- de 551/552 a 1130/1131,Centro,35010161.0,10,1,0,1,3,2,2,1,0,0,0,0,0,0,0,1,0,1,1,0,1,1,1,100,2400,16,16,7,9,0,1,0,9,6,1,0,1,15,0,1,0,1,4,4,3,3,0,10,1,3,0,0,2,16,0,0
2022,Sudeste,3,São Paulo,SP,35,Caçapava,3508504,0,Vale do Paraíba Paulista,13,São José dos Campos,50,3,4,OLHAR EDUCACIONAL LTDA,17861,18667,FACULDADE SANTO ANTÔNIO,FSA,Avenida da Saudade,26,Unidade II,Jardim Campo Grande,12282480.0,29,0,0,1,2,7,6,4,2,2,4,0,1,0,0,0,0,1,1,1,1,1,0,0,6000,41,41,25,16,0,0,9,20,12,6,0,6,35,0,5,7,12,5,5,1,4,2,38,0,2,0,0,1,41,0,0
2022,Sudeste,3,Minas Gerais,MG,31,Guanhães,3128006,0,Vale do Rio Doce,8,Guanhães,35,3,4,INSTITUTO EDUCACIONAL ALFAUNIPAC LTDA,2371,18692,Faculdade ALFAUNIPAC de Guanhães,,Rua Wantuil Caldeira,544,-,Expansão,39740000.0,3,0,0,0,0,0,0,0,0,2,1,0,0,0,0,0,0,0,1,1,1,1,1,100,100,4,4,1,3,0,0,0,1,3,3,0,3,1,0,0,1,0,1,0,1,1,0,4,0,0,0,0,0,4,0,0
2022,Sudeste,3,São Paulo,SP,35,Campinas,3509502,0,Campinas,7,Campinas,32,3,4,ZAYN INSTITUTO MINEIRO DE FORMACAO CONTINUADA EIRELI,17993,18696,FACULDADE DYNAMUS DE CAMPINAS,FADYC,Rua Buarque de Macedo,991,Faculdade FEBRACIS,Jardim Brasil,13073010.0,8,0,0,0,0,3,3,2,0,0,0,0,0,0,0,1,0,0,1,0,1,1,0,425,440,3,3,1,2,0,0,0,0,3,0,0,0,3,0,0,0,1,1,0,0,1,0,3,0,0,0,0,0,3,0,0
2022,Sudeste,3,São Paulo,SP,35,Matão,3529302,0,Araraquara,5,Araraquara,24,3,4,RACINE EDUCACIONAL EIRELI,17482,18698,INSTITUTO RACINE DE EDUCAÇÃO SUPERIOR,RACINE,Rua Rui Barbosa,1775,INSTITUTO RACINE DE EDUCAÇÃO SUPERIOR,Vila Santa Cruz,15990330.0,5,0,0,0,0,0,0,4,1,0,0,0,0,0,0,0,0,1,1,1,1,1,1,0,2338,12,12,5,7,0,0,2,8,2,1,0,1,7,4,2,5,1,1,1,0,1,1,12,0,0,0,0,0,12,0,0
2022,Sudeste,3,São Paulo,SP,35,São Paulo,3550308,1,Metropolitana de São Paulo,15,São Paulo,61,3,5,INSTITUTO EDUCA MAIS (IE+),17375,18711,FACULDADE INOVA MAIS DE SÃO PAULO,FIMSP,Rua Conde do Pinhal,78,SEDE CONDE DO PINHAL,Centro,1501060.0,4,0,0,0,0,0,0,3,1,0,0,0,0,0,0,1,0,1,0,1,0,1,0,0,0,17,17,4,13,0,0,0,13,4,2,0,2,14,1,0,0,3,3,2,3,4,2,14,0,2,0,0,1,17,0,0
2022,Sudeste,3,São Paulo,SP,35,Martinópolis,3529203,0,Presidente Prudente,8,Presidente Prudente,36,3,4,THE PRICE BOSS - INTELIGENCIA ORGANIZACIONAL S/S LTDA,16101,18734,Faculdade de Martinópolis,FAMA,Rua Nelson Joaquim Senteio,370,-,Centro,19500000.0,4,0,0,0,0,0,1,1,1,0,1,0,0,0,0,0,0,1,0,1,1,1,0,450,25000,6,6,3,3,0,0,3,3,0,1,1,0,5,0,1,1,0,2,2,0,0,0,3,0,2,0,0,1,6,0,0
2022,Sudeste,3,São Paulo,SP,35,São Roque,3550605,0,Macro Metropolitana Paulista,12,Sorocaba,46,3,2,CENTRO ESTADUAL DE EDUCACAO TECNOLOGICA PAULA SOUZA,33,18817,Faculdade de Tecnologia de São Roque,FATEC-SR,Rua Marechal Deodoro da Fonseca,132,-,Centro,18130070.0,4,0,0,0,0,0,0,1,0,0,2,0,1,0,0,0,0,0,0,0,1,0,1,0,8000,39,38,10,28,0,0,11,16,11,4,1,3,22,12,0,2,6,6,6,9,6,3,21,2,6,0,0,9,37,1,0
2022,Sudeste,3,Minas Gerais,MG,31,Itaúna,3133808,0,Oeste de Minas,9,Divinópolis,43,3,4,"FACULDADE DE ADMINISTRACAO, CIENCIAS E EDUCACAO - FAMART LTDA",16165,18952,Faculdade FAMART,,Rua Osório Santos,207,-,Nogueira Machado,35680229.0,13,0,0,0,0,3,1,2,0,0,0,4,3,0,0,1,0,1,1,1,1,1,1,111,10357,18,18,10,8,0,0,1,12,5,2,0,2,10,6,1,2,4,5,4,2,0,0,8,0,10,0,0,0,18,0,0
2022,Sudeste,3,Minas Gerais,MG,31,Janaúba,3135100,0,Norte de Minas,2,Janaúba,4,3,5,ASSOCIACAO EDUCATIVA DE JANAUBA - SOEDUCAR,12312,18956,Faculdade de Ciências e Tecnologia de Janaúba,FACITEC,Rua Cirilo Barbosa,18,-,Centro,39442014.0,8,0,0,1,0,0,0,0,1,0,2,3,1,0,0,0,0,1,1,1,1,1,1,3,0,33,33,19,14,0,0,16,13,4,7,0,7,14,12,1,11,10,5,1,2,2,1,13,1,17,0,0,2,33,0,0
2022,Sudeste,3,Espírito Santo,ES,32,Vila Velha,3205200,0,Central Espírito-santense,3,Vitória,9,3,4,"MULTIVIX VILA VELHA - ENSINO, PESQUISA E EXTENSAO LTDA",16177,18979,Faculdade Multivix Vila Velha,MULTIVIX VILA V,Rodovia do Sol,3990,Unidade Sede,Jockey de Itaparica,29103800.0,39,0,0,0,0,5,3,13,2,3,0,4,5,4,0,0,0,1,1,1,1,0,0,5000,23000,78,77,45,32,0,0,23,36,18,18,0,18,58,1,12,26,14,14,5,4,2,0,45,4,22,1,0,5,77,0,0
2022,Sudeste,3,Minas Gerais,MG,31,Janaúba,3135100,0,Norte de Minas,2,Janaúba,4,3,4,INSTITUTO SERRA GERAL LTDA,18205,19130,FACULDADE SERRA GERAL,FASG,RUA DOM ARISTIDES,70,-,CENTRO,39440000.0,45,0,0,0,0,20,20,0,0,2,1,1,0,1,0,0,0,0,0,0,1,1,1,10,10,10,10,5,5,0,0,6,1,3,2,0,2,4,4,0,1,4,1,2,0,0,2,2,0,8,0,0,0,10,0,0
2022,Sudeste,3,Minas Gerais,MG,31,Belo Horizonte,3106200,1,Metropolitana de Belo Horizonte,7,Belo Horizonte,30,3,4,SUPREMO IDDE INSTITUTO PARA O DESENVOLVIMENTO DEMOCRATICO LTDA.,15878,19207,Faculdade Supremo,Supremo,Rua Espírito Santo,1204,- de 0701/702 a 1829/1830,Centro,30160031.0,5,0,0,0,0,0,1,1,0,0,0,0,1,1,1,0,0,0,0,0,1,0,0,100,7000,3,3,1,2,0,0,0,1,2,3,0,3,0,0,0,1,1,1,0,0,0,0,2,0,1,0,0,0,3,0,0
2022,Sudeste,3,São Paulo,SP,35,Taguaí,3553005,0,Assis,10,Ourinhos,40,3,4,INSTITUTO DE SERVICOS EDUCACIONAIS VALE DO PARANAPANEMA LTDA,16142,19210,Faculdades Integradas de Taguaí,FIT,Rua das Acácias,110,-,Jardim Primavera I,18890000.0,7,0,0,0,0,5,2,0,0,0,0,0,0,0,0,0,0,1,0,1,1,1,1,200,1723,43,43,20,23,0,0,23,14,6,5,1,4,12,26,5,7,10,10,5,4,1,1,43,0,0,0,0,0,43,0,0
2022,Sudeste,3,São Paulo,SP,35,São Paulo,3550308,1,Metropolitana de São Paulo,15,São Paulo,61,3,4,ASSOCIACAO DE ENSINO ALPHA CHANNEL,17119,19252,FACULDADE DE TECNOLOGIA ALPHA CHANNEL,FATAC,Rua Vergueiro,3028,Campus Principal,Vila Mariana,4102001.0,8,0,0,0,0,2,1,2,1,1,1,0,0,0,0,1,0,1,1,1,1,1,1,30,23000,5,5,1,4,0,0,1,1,3,1,0,1,4,0,0,0,2,1,0,1,1,0,4,0,0,0,0,1,5,0,0
2022,Sudeste,3,Minas Gerais,MG,31,Divinópolis,3122306,0,Oeste de Minas,9,Divinópolis,43,3,4,BRASIL EDUCACAO S/A,3052,19257,Faculdade UNA de Divinópolis,Una Divinopolis,Rua Coronel João Notini,151,Sede,Centro,35500017.0,35,1,1,1,0,14,3,3,2,3,0,3,2,2,0,1,0,1,1,1,1,1,1,22000,34357,94,94,53,41,0,0,21,53,20,36,0,36,31,27,5,17,26,22,15,5,4,0,78,1,15,0,0,0,94,0,0
2022,Sudeste,3,São Paulo,SP,35,Piratininga,3539400,0,Bauru,4,Bauru,20,3,4,SDO SISTEMA DE DOCUMENTACAO ODONTOLOGICA LTDA,16111,19325,Faculdade do Centro Oeste Paulista,FACOP,Rua Luiz Gimenez Mosegose,72,-,Distrito Industrial,17499010.0,74,0,0,2,0,49,6,12,2,2,1,0,0,0,0,0,0,1,1,1,1,0,0,0,0,24,22,10,12,0,0,1,2,19,8,2,6,12,2,1,6,3,7,1,1,1,2,14,0,0,0,0,8,22,0,0
2022,Sudeste,3,São Paulo,SP,35,São Carlos,3548906,0,Araraquara,5,São Carlos,25,3,2,CENTRO ESTADUAL DE EDUCACAO TECNOLOGICA PAULA SOUZA,33,19500,Faculdade de Tecnologia de São Carlos,FATEC São Carlo,Rua Marechal Deodoro,3183,- de 2222/2223 a 3200/3201,Chácara Parollo,13560201.0,6,0,0,0,0,0,0,0,2,3,1,0,0,0,0,0,0,0,1,1,1,1,1,0,0,34,33,15,18,0,0,5,17,11,6,2,4,8,19,0,5,5,5,7,6,2,3,30,1,1,0,0,1,33,0,0
2022,Sudeste,3,São Paulo,SP,35,São Paulo,3550308,1,Metropolitana de São Paulo,15,São Paulo,61,3,2,CENTRO ESTADUAL DE EDUCACAO TECNOLOGICA PAULA SOUZA,33,19501,Faculdade de Tecnologia Sebrae,FATEC SEBRAE,Alameda Nothmann,598,- até 731/732,Campos Elíseos,1216000.0,5,0,0,0,0,0,1,1,0,2,1,0,0,0,0,0,0,1,1,1,1,1,1,400,11000,50,46,16,30,0,0,3,22,21,0,0,0,5,41,0,0,2,8,5,12,10,9,33,2,2,3,0,6,46,0,0
2022,Sudeste,3,Minas Gerais,MG,31,Araguari,3103504,0,Triângulo Mineiro/Alto Paranaíba,5,Uberlândia,18,2,4,INSTITUTO DE ADMINISTRACAO & GESTAO EDUCACIONAL LTDA,16258,19512,Centro Universitário Imepac - Araguari,,Avenida Minas Gerais,1.889,-,Centro,38440042.0,261,10,5,16,4,64,27,50,16,36,9,11,5,3,5,1,0,1,1,1,1,1,0,19839,13101,119,119,61,58,0,0,12,50,57,15,0,15,104,0,1,10,22,23,26,12,15,10,100,1,15,1,0,2,119,0,0
2022,Sudeste,3,Minas Gerais,MG,31,Porteirinha,3152204,0,Norte de Minas,2,Janaúba,4,3,4,SOCIEDADE EDUCACIONAL MATO VERDE LTDA,17467,19555,Favenorte de Porteirinha,FAVEPORT,Avenida Dalton Cunha,851,-,Eldorado,39520000.0,10,0,0,0,0,6,0,4,0,0,0,0,0,0,0,1,0,1,1,1,1,1,1,500,300,19,18,13,5,0,0,7,9,2,13,0,13,5,0,2,10,6,0,0,0,0,0,2,0,5,0,0,11,18,0,0
2022,Sudeste,3,São Paulo,SP,35,Cotia,3513009,0,Metropolitana de São Paulo,15,Itapecerica da Serra,60,3,2,CENTRO ESTADUAL DE EDUCACAO TECNOLOGICA PAULA SOUZA,33,19578,Faculdade de Tecnologia de Cotia,FATEC COTIA,Rua Nelson Raineri,700,-,Recanto Vista Alegre,6702155.0,7,0,0,0,0,0,1,2,1,1,2,0,0,0,0,0,0,0,0,0,0,0,0,0,0,76,76,16,60,0,2,23,33,18,6,0,6,29,41,1,4,9,11,12,11,8,20,51,2,14,4,0,5,76,0,0
2022,Sudeste,3,São Paulo,SP,35,Campinas,3509502,0,Campinas,7,Campinas,32,3,4,FACULDADE UNITA LTDA  - ME,15895,19586,FACULDADE UNITÀ,UNITÀ,Avenida Júlio de Mesquita,840,- de 522 ao fim - lado par,Cambuí,13025061.0,2,0,0,0,0,0,2,0,0,0,0,0,0,0,0,0,0,1,0,0,1,1,0,46,641,33,27,13,14,0,0,10,16,1,3,0,3,24,0,1,5,2,11,6,0,0,2,20,0,1,0,0,6,27,0,0
2022,Sudeste,3,Rio de Janeiro,RJ,33,Duque de Caxias,3301702,0,Metropolitana do Rio de Janeiro,6,Rio de Janeiro,18,3,2,FUNDACAO DE APOIO A ESCOLA TECNICA DO EST.RIO DE JANEIRO,904,19588,Faculdade de Educação Tecnológica do Estado do Rio de Janeiro,FAETERJ CAXIAS,Rua Almirante Cochrane,s/n,-,Santa Lúcia - Imbariê,,3,0,0,0,0,1,0,1,1,0,0,0,0,0,0,0,0,1,0,0,0,0,0,0,0,10,10,0,10,0,0,0,6,4,10,0,10,0,0,0,0,0,2,1,2,3,2,9,0,1,0,0,0,10,0,0
2022,Sudeste,3,São Paulo,SP,35,Campinas,3509502,0,Campinas,7,Campinas,32,3,2,CENTRO ESTADUAL DE EDUCACAO TECNOLOGICA PAULA SOUZA,33,19739,Faculdade de Tecnologia de Campinas,FATEC CAMPINAS,Avenida Cônego Antônio Rocato,KM 3.5,-,Chácaras Campos dos Amarais,13082015.0,9,0,0,0,0,1,0,0,1,4,3,0,0,0,0,0,0,0,1,0,0,0,0,0,0,80,80,30,50,0,0,8,37,35,4,0,4,38,38,0,2,10,10,13,16,11,18,72,0,5,2,0,1,79,1,1
2022,Sudeste,3,Minas Gerais,MG,31,Juiz de Fora,3136702,0,Zona da Mata,12,Juiz de Fora,65,3,4,EDITORA E DISTRIBUIDORA EDUCACIONAL S/A,14514,19781,Faculdade Pitágoras de Juiz de Fora,FPJF,Avenida Barão do Rio Branco,2572,Faculdade Pitágoras de Juiz de Fora,Centro,36016311.0,4,0,0,0,0,0,1,0,1,1,1,0,0,0,0,0,0,1,1,1,1,1,1,60395,238009,35,35,18,17,0,0,0,9,26,2,0,2,25,8,1,1,5,6,5,5,3,9,27,1,7,0,0,0,35,0,0
2022,Sudeste,3,Minas Gerais,MG,31,Ribeirão das Neves,3154606,0,Metropolitana de Belo Horizonte,7,Belo Horizonte,30,3,4,EDITORA E DISTRIBUIDORA EDUCACIONAL S/A,14514,19785,FACULDADE ANHANGUERA DE RIBEIRÃO DAS NEVES,,Rua Ari Teixeira da Costa,1500,Campus Principal,Savassi,33880630.0,10,0,0,2,0,1,4,1,0,0,1,0,0,1,0,0,0,1,1,1,1,1,1,60395,238009,34,34,16,18,0,0,3,4,27,2,0,2,25,7,1,0,4,7,6,5,2,9,23,2,8,0,1,0,34,0,0
2022,Sudeste,3,Espírito Santo,ES,32,Serra,3205002,0,Central Espírito-santense,3,Vitória,9,3,4,EDITORA E DISTRIBUIDORA EDUCACIONAL S/A,14514,19786,FACULDADE ANHANGUERA DE SERRA,FPS,Rua Nelcy Lopes Vieira,199,Campus Principal,Jardim Limoeiro,29164018.0,12,0,0,0,0,2,5,2,0,1,0,1,0,1,0,0,0,1,1,1,1,1,1,60395,238009,58,58,25,33,0,0,8,18,32,2,0,2,33,23,1,11,11,11,4,5,4,11,40,1,16,1,0,0,57,1,1
2022,Sudeste,3,São Paulo,SP,35,Santana de Parnaíba,3547304,0,Metropolitana de São Paulo,15,Osasco,57,3,5,INSTITUTO EDUCACIONAL E CULTURAL XV DE NOVEMBRO,16331,19861,Faculdade de Santana de Parnaíba,FASP,Rua Nelson Piccinini Miguel,10,-,Jardim Frediani,6502156.0,10,0,0,0,0,4,1,3,1,1,0,0,0,0,0,0,0,0,1,1,1,0,1,50,12000,11,11,3,8,0,0,6,2,3,4,0,4,5,2,0,0,2,3,2,2,0,2,5,2,2,0,0,2,11,0,0
2022,Sudeste,3,São Paulo,SP,35,Bebedouro,3506102,0,Ribeirão Preto,2,Jaboticabal,13,3,2,CENTRO ESTADUAL DE EDUCACAO TECNOLOGICA PAULA SOUZA,33,19862,Faculdade de Tecnologia Jorge Caram Sabbag,FATEC Bebedouro,Rua Doutor Oscar Werneck,1286,-,Centro,,6,0,0,0,0,0,0,2,1,3,0,0,0,0,0,0,0,0,0,0,1,1,0,0,0,16,16,6,10,0,0,2,10,4,0,0,0,0,16,1,1,3,2,3,1,4,1,12,0,4,0,0,0,16,0,0
2022,Sudeste,3,São Paulo,SP,35,Assis,3504008,0,Assis,10,Assis,39,3,2,CENTRO ESTADUAL DE EDUCACAO TECNOLOGICA PAULA SOUZA,33,19863,Faculdade de Tecnologia de Assis,FATEC Assis,Unesp - Campus Assis,2100,Unesp - Campus Assis,Parque Universitário,19806900.0,6,0,0,0,0,1,0,0,0,4,0,0,0,0,1,1,0,1,1,0,1,1,1,0,0,24,22,11,11,0,0,3,15,4,2,0,2,0,20,0,0,4,7,8,2,1,0,19,0,2,0,0,1,22,0,0
2022,Sudeste,3,São Paulo,SP,35,Itapira,3522604,0,Campinas,7,Mogi Mirim,31,3,2,CENTRO ESTADUAL DE EDUCACAO TECNOLOGICA PAULA SOUZA,33,19864,Faculdade de Tecnologia de Itapira,FATEC Itapira,Rua Tereza Lera Paoletti,590,-,Jardim Bela Vista,13974080.0,12,0,0,0,0,0,2,1,0,3,2,0,2,1,1,0,0,0,0,0,0,0,0,0,0,51,49,10,39,0,0,15,22,12,4,0,4,15,30,0,2,10,8,5,10,6,8,37,1,1,3,0,7,49,0,1
2022,Sudeste,3,Minas Gerais,MG,31,Pouso Alegre,3152501,0,Sul/Sudoeste de Minas,10,Pouso Alegre,52,3,4,FACEB EDUCACAO LTDA,1117,19865,Faculdade Una de Pouso Alegre,Una PousoAlegre,Rua João Basílio,420,-,Centro,37550027.0,50,2,0,1,0,11,16,4,6,2,2,1,1,4,0,1,0,1,1,1,1,1,1,22000,34357,104,104,59,45,0,0,18,65,21,24,0,24,45,35,2,25,31,19,12,4,6,5,96,0,7,1,0,0,104,0,0
2022,Sudeste,3,São Paulo,SP,35,São Paulo,3550308,1,Metropolitana de São Paulo,15,São Paulo,61,3,4,INSTITUTO DE ENSINO E PESQUISA E POS GRADUACAO EM EDUCACAO E SAUDE LTDA - EPP,16194,19879,Faculdade IPESSP,IPESSP,Rua Dona Antônia de Queirós,333,Faculdade Instituto de Pesquisa e Educação em Saúde de São Paulo - FIPESSP,Consolação,1307012.0,28,0,0,7,3,1,0,6,6,2,1,1,0,1,0,0,0,0,1,0,1,1,0,3,2000,7,7,0,7,0,0,1,3,3,1,0,1,6,0,0,0,0,1,3,2,0,1,5,0,2,0,0,0,7,0,0
2022,Sudeste,3,São Paulo,SP,35,Itanhaém,3522109,0,Litoral Sul Paulista,14,Itanhaém,56,3,4,"UNISEPE UNIAO DAS INSTITUICOES DE SERVICO, ENSINO E PESQUISA LTDA",715,19883,Faculdade Sul Paulista de Itanhaém,FASUPI,Rua Paulo José de Moraes,S/N,-,Sabaúna,11740000.0,3,0,0,0,0,2,0,0,0,1,0,0,0,0,0,0,0,0,1,0,0,0,0,0,0,15,15,9,6,0,0,3,8,4,2,2,0,0,13,1,1,0,1,3,4,3,2,14,0,0,0,0,1,15,0,0
2022,Sudeste,3,Minas Gerais,MG,31,Montes Claros,3143302,0,Norte de Minas,2,Montes Claros,7,3,4,INSTITUTO SUPERIOR EM CIENCIAS DA SAUDE LTDA.,16250,19963,Faculdade de Ciências Odontológicas,FCO,Rua Doutor Walter Ferreira Barreto,144,- até 249/250,Ibituruna,39401347.0,53,0,0,0,0,16,11,3,3,5,2,3,3,5,2,1,0,1,1,1,1,1,1,1,300,36,35,19,16,0,0,1,18,16,13,1,12,22,0,1,6,6,10,10,1,0,1,7,2,19,1,0,6,34,1,0
2022,Sudeste,3,Minas Gerais,MG,31,Belo Horizonte,3106200,1,Metropolitana de Belo Horizonte,7,Belo Horizonte,30,3,5,FUNDACAO UNIMED,16360,20053,FACULDADE UNIMED,,Rua Grão Pará,379,FACULDADE UNIMED - Campus principal,Santa Efigênia,30150340.0,121,0,0,1,0,20,8,46,13,24,5,2,0,2,0,0,0,0,1,0,1,1,0,35,7685,12,12,6,6,0,0,2,5,5,2,0,2,4,6,0,0,5,1,3,0,1,2,7,0,2,0,0,3,12,0,0
2022,Sudeste,3,São Paulo,SP,35,São Paulo,3550308,1,Metropolitana de São Paulo,15,São Paulo,61,3,4,INTEGRACAO CONSULTORES ASSOCIADOS LTDA,16245,20098,Faculdade Integração,FI,Rua Manuel Guedes,504,-,Jardim Europa,,1,0,0,0,0,0,0,1,0,0,0,0,0,0,0,0,0,0,0,0,0,0,0,0,0,8,2,0,2,0,0,1,1,0,0,0,0,1,1,0,0,0,1,1,0,0,0,1,0,1,0,0,0,2,0,0
2022,Sudeste,3,São Paulo,SP,35,São Paulo,3550308,1,Metropolitana de São Paulo,15,São Paulo,61,3,4,APCD - INSTITUICAO DE ENSINO SUPERIOR E PESQUISA LTDA,16357,20328,FACULDADE DE ODONTOLOGIA DA APCD,FAOA,Rua Voluntários da Pátria,547,- até 891 - lado ímpar,Santana,2011000.0,41,0,0,0,0,21,2,14,1,3,0,0,0,0,0,0,0,1,0,0,1,0,0,54,2079,22,22,4,18,0,0,0,5,17,2,0,2,13,7,0,1,1,0,1,4,6,9,18,0,0,3,0,1,22,0,0
2022,Sudeste,3,São Paulo,SP,35,São Paulo,3550308,1,Metropolitana de São Paulo,15,São Paulo,61,3,5,SPDM - ASSOCIACAO PAULISTA PARA O DESENVOLVIMENTO DA MEDICINA,15008,20340,FACULDADE PAULISTA DE CIÊNCIAS DA SAÚDE,FPCS,Avenida Brigadeiro Luís Antônio,3751,Faculdade Paulisra de Ciências da SAúde,Jardim Paulista,1401001.0,20,0,0,0,0,5,5,2,3,2,2,0,0,1,0,0,0,0,0,0,1,1,1,14,10700,31,26,10,16,0,0,8,9,9,0,0,0,26,0,1,3,3,6,4,4,3,2,18,0,2,0,0,6,26,0,0
2022,Sudeste,3,São Paulo,SP,35,Holambra,3519055,0,Campinas,7,Campinas,32,3,4,INSTITUTO EDUCACIONAL JAGUARY LTDA,982,20465,Faculdade de Agronegócios de Holambra,FAAGROH,"Estrada Municipal HBR 155, Lote 24 Seção K",S/N,-,Palmeira,13825000.0,4,0,0,0,0,0,3,0,0,1,0,0,0,0,0,0,0,1,1,1,1,0,1,7000,10000,17,17,7,10,0,0,2,7,8,0,0,0,0,17,3,2,3,5,2,1,0,1,14,0,0,0,0,3,17,0,0
2022,Sudeste,3,São Paulo,SP,35,São Paulo,3550308,1,Metropolitana de São Paulo,15,São Paulo,61,3,4,UNI-A EDUCACAO LTDA,16879,20476,Faculdade ANCLIVEPA,ANCLIVEPA,Rua Platina,556,-,Vila Azevedo,3308010.0,20,1,0,0,0,5,5,4,5,0,0,0,0,0,0,0,0,1,1,1,1,1,1,88,12000,22,22,17,5,0,0,4,6,12,0,0,0,22,0,4,3,3,6,4,2,0,0,16,0,2,1,0,3,22,0,0
2022,Sudeste,3,São Paulo,SP,35,Santana de Parnaíba,3547304,0,Metropolitana de São Paulo,15,Osasco,57,3,2,CENTRO ESTADUAL DE EDUCACAO TECNOLOGICA PAULA SOUZA,33,20478,Faculdade de Tecnologia de Santana de Parnaíba,FATEC-SPB,Estrada Tenente Marques,s/n,-,Jardim do Luar (Fazendinha),6529001.0,4,0,0,0,0,1,0,1,0,1,0,0,0,0,1,0,0,0,1,1,1,1,1,0,1550,63,62,17,45,0,1,20,28,13,1,0,1,24,37,0,5,5,7,14,13,13,5,32,1,13,2,0,14,62,0,0
2022,Sudeste,3,São Paulo,SP,35,São Paulo,3550308,1,Metropolitana de São Paulo,15,São Paulo,61,3,4,RMEC ASSESSORIA EMPRESARIAL LTDA - ME,15635,20497,FACULDADE ROBERTO MIRANDA,FRM SP,"Av. Paulista, 1009 - 21o andar",187,- de 151/152 a 349/350,Vila Mariana,1311100.0,12,0,0,0,0,0,4,4,1,1,2,0,0,0,0,0,0,0,1,0,1,1,0,0,11676,8,8,3,5,0,0,3,4,1,1,0,1,0,7,1,0,0,2,1,1,1,2,7,0,0,0,0,1,7,1,0
2022,Sudeste,3,São Paulo,SP,35,Guarujá,3518701,0,Metropolitana de São Paulo,15,Santos,63,3,5,INSTITUTO PROFESSOR AMARO DE ARAUJO LIMA SOBRINHO,16431,20530,Faculdade Marquês de Olinda,FMO,Avenida Adhemar de Barros,987/974,- de 869/870 a 1163/1164,Vila Santo Antônio,11430001.0,115,0,0,29,12,30,12,9,7,2,2,4,3,3,2,0,0,0,0,0,1,1,0,14,10700,41,37,22,15,0,1,9,19,8,12,0,12,17,8,3,5,5,10,4,5,3,2,30,3,2,0,0,2,37,0,0
2022,Sudeste,3,São Paulo,SP,35,São Paulo,3550308,1,Metropolitana de São Paulo,15,São Paulo,61,3,4,INSTITUICAO DE ENSINO RIZZO & CIA LTDA,16410,20586,Faculdade Van Gogh,FVG,Rua Bento Quirino,467,FVG,Vila Talarico,3534010.0,10,0,0,0,0,3,1,3,2,0,0,0,1,0,0,1,0,0,1,1,1,1,1,428,11487,19,19,7,12,0,0,0,15,4,1,0,1,18,0,0,1,0,0,7,7,3,1,13,1,4,1,0,0,19,0,0
2022,Sudeste,3,Minas Gerais,MG,31,Pouso Alegre,3152501,0,Sul/Sudoeste de Minas,10,Pouso Alegre,52,3,5,FUNDACAO DE ENSINO E PESQUISA DO SUL DE MINAS,2124,20591,FACULDADE UNIS POUSO ALEGRE,,Rua Pedro Bechara,140,-,Centro,37550132.0,8,0,0,0,0,2,0,0,0,2,0,0,4,0,0,1,0,0,1,0,1,0,1,866,15774,22,22,7,15,0,0,3,16,3,4,0,4,18,0,0,7,3,4,3,3,1,1,13,0,0,0,0,9,22,0,0
2022,Sudeste,3,Minas Gerais,MG,31,Cambuquira,3110707,0,Sul/Sudoeste de Minas,10,São Lourenço,54,3,4,ASSOCIACAO KEPPE E PACHECO,16308,20636,Faculdade Trilógica Keppe & Pacheco,Keppe & Pacheco,Avenida Nossa Senhora Aparecida,59,-,Centro,37420000.0,32,0,0,0,0,1,2,2,1,13,7,2,1,3,0,1,0,0,0,0,1,1,0,78,2723,24,24,12,12,0,0,7,14,3,5,0,5,19,0,1,1,0,2,5,3,2,10,23,0,0,0,0,1,22,2,0
2022,Sudeste,3,Rio de Janeiro,RJ,33,Rio de Janeiro,3304557,1,Metropolitana do Rio de Janeiro,6,Rio de Janeiro,18,3,5,INSTITUTO D'OR DE PESQUISA E ENSINO,16441,20682,Faculdade IDOR de Ciências Médicas,Faculdade IDOR,Rua Diniz Cordeiro,30,3º andar,Botafogo,22281100.0,163,1,0,1,0,10,21,54,35,4,2,4,1,16,14,1,0,1,0,1,1,0,1,2000,8000,26,26,12,14,0,0,9,4,13,8,1,7,11,7,1,4,6,7,3,4,0,1,9,1,6,0,0,10,26,0,0
2022,Sudeste,3,Minas Gerais,MG,31,São Francisco,3161106,0,Norte de Minas,2,Januária,3,3,4,FACULDADE DE DESENVOLVIMENTO DO NORTE - FADENORTE LTDA,18114,20700,FACULDADE DE DESENVOLVIMENTO DO NORTE,FADENORTE,Rua Astolfo Caetano,845,-,Centro,39300000.0,6,0,0,0,0,1,0,2,1,1,0,0,1,0,0,0,0,1,1,1,1,1,1,2482,2482,25,25,12,13,0,0,20,5,0,2,1,1,23,0,8,9,4,1,2,1,0,0,2,0,2,0,0,21,25,0,0
2022,Sudeste,3,Rio de Janeiro,RJ,33,Resende,3304201,0,Sul Fluminense,5,Vale do Paraíba Fluminense,11,2,1,COMANDO DO EXERCITO,409,21095,Academia Militar das Agulhas Negras,AMAN,Rodovia Presidente Dutra,km 306,Academia Militar das Agulhas Negras,Cabral,27534900.0,553,0,3,0,63,5,274,11,74,6,59,5,40,3,10,0,0,1,1,1,1,0,1,37,10000,79,79,13,66,0,7,27,44,1,79,79,0,0,0,0,7,6,9,19,22,7,9,49,5,21,0,0,4,79,0,1
2022,Sudeste,3,Minas Gerais,MG,31,Belo Horizonte,3106200,1,Metropolitana de Belo Horizonte,7,Belo Horizonte,30,3,4,INSTITUTO DE GESTAO E TECNOLOGIA DA INFORMACAO LTDA - EPP,16531,21112,Faculdade XP Educação - IGTI,XPE,Rua Roma,561,-,Santa Lúcia,30360680.0,74,0,0,0,0,0,0,29,22,11,8,2,1,1,0,0,0,0,1,1,1,1,1,32,18436,7,7,0,7,0,0,3,2,2,2,0,2,5,0,0,0,1,4,1,0,1,0,6,0,0,0,0,1,7,0,0
2022,Sudeste,3,Minas Gerais,MG,31,Belo Horizonte,3106200,1,Metropolitana de Belo Horizonte,7,Belo Horizonte,30,3,4,ISMD - INSTITUTO SUPERIOR DE MEDICINA LTDA,16475,21200,Faculdade ISMD,ISMD,Avenida Coronel José Dias Bicalho,520,-,São José,31275050.0,22,0,0,0,0,10,4,5,3,0,0,0,0,0,0,1,0,1,1,1,1,1,0,2,1005,9,9,6,3,0,0,4,4,1,0,0,0,0,9,0,0,4,0,2,1,1,1,6,0,2,0,0,1,9,0,0
2022,Sudeste,3,São Paulo,SP,35,São José do Rio Preto,3549805,0,São José do Rio Preto,1,São José do Rio Preto,4,3,4,CENTRO EDUCACIONAL MICHELIN LTDA - ME,12629,21204,FACULDADE UNITERP,FACTERP,Rua General Glicério,3350,- de 2546/2547 a 4898/4899,Centro,15015400.0,18,0,0,2,0,2,2,2,1,5,4,0,0,0,0,0,0,1,0,0,1,1,1,1000,10000,22,22,11,11,0,0,4,11,7,0,0,0,22,0,3,6,3,4,5,1,0,0,15,1,1,0,0,5,22,0,0
2022,Sudeste,3,Rio de Janeiro,RJ,33,Rio de Janeiro,3304557,1,Metropolitana do Rio de Janeiro,6,Rio de Janeiro,18,3,1,COMANDO DO EXERCITO,409,21206,Escola de Educação Física do Exército,EsEFEx,Avenida João Luís Alves,sn,-,Urca,22291090.0,7,0,0,0,0,0,7,0,0,0,0,0,0,0,0,1,0,1,1,1,1,1,1,5,10,32,32,5,27,0,14,11,3,4,32,32,0,0,0,4,9,5,11,3,0,0,0,27,0,5,0,0,0,32,0,0
2022,Sudeste,3,São Paulo,SP,35,São José do Rio Preto,3549805,0,São José do Rio Preto,1,São José do Rio Preto,4,3,4,EDITORA E DISTRIBUIDORA EDUCACIONAL S/A,14514,21238,Faculdade Anhanguera de São José do Rio Preto,FASJRP,Avenida Bady Bassitt,4875,Faculdade Anhanguera de São José do Rio Preto.,Centro,15015700.0,1,0,0,0,0,0,0,0,0,0,1,0,0,0,0,0,0,1,1,1,1,1,1,60395,238009,42,42,17,25,0,0,7,6,29,2,0,2,29,11,1,4,6,7,7,6,2,9,31,1,10,0,0,0,42,0,1
2022,Sudeste,3,São Paulo,SP,35,Jaú,3525300,0,Bauru,4,Jaú,21,3,4,EDITORA E DISTRIBUIDORA EDUCACIONAL S/A,14514,21239,Faculdade Anhanguera de Jaú,FAJ,Avenida do Café,250,Faculdade Anhanguera de Jaú - Campus Principal,Vila Netinho Prado,17208010.0,32,0,0,0,0,5,3,12,3,5,1,3,0,0,0,0,0,1,1,1,1,1,1,60395,238009,47,47,24,23,0,0,4,12,31,2,0,2,31,14,3,2,9,9,5,6,3,10,34,2,10,1,0,0,47,0,1
2022,Sudeste,3,São Paulo,SP,35,Votorantim,3557006,0,Macro Metropolitana Paulista,12,Sorocaba,46,3,4,CPO - ENSINO SUPERIOR LTDA,18326,21344,FACULDADE UNICPO,FACULDADE UNICPO,Rua Albertina Nascimento,132,-,Centro,18110095.0,4,0,0,1,0,1,0,0,1,1,0,0,0,0,0,1,0,1,1,1,1,1,1,0,0,1,1,1,0,0,0,0,1,0,0,0,0,0,1,0,0,1,0,0,0,0,0,1,0,0,0,0,0,1,0,0
2022,Sudeste,3,Minas Gerais,MG,31,Passos,3147907,0,Sul/Sudoeste de Minas,10,Passos,47,3,4,FACULDADES INTEGRADAS DO SUDOESTE MINEIRO LTDA - EPP,16549,21355,Faculdades de Inovação e Tecnologia de Minas Gerais,FIT MG,Praça Monsenhor Messias Bragança,185,FIT MG,Centro,37900084.0,9,0,0,0,0,4,2,0,3,0,0,0,0,0,0,0,0,1,1,1,1,1,0,12,28,7,7,1,6,0,0,2,5,0,1,1,0,6,0,1,0,0,2,0,2,1,1,6,1,0,0,0,0,7,0,0
2022,Sudeste,3,São Paulo,SP,35,Taubaté,3554102,0,Vale do Paraíba Paulista,13,São José dos Campos,50,3,1,COMANDO DO EXERCITO,409,21416,Centro de Instrução de Aviação do Exército,CIAvEx,Complexo de Aviação do Exército - CAVEX,2.135,"Estrada Municipal dos Remédios, Bairro Itaim",Granjas Rurais Reunidas São Judas Tadeu,12086900.0,5,0,0,0,0,0,4,0,0,0,0,1,0,0,0,0,0,0,1,0,0,0,0,0,0,36,36,2,34,0,19,15,2,0,35,35,0,1,0,4,3,7,5,10,6,0,1,29,1,5,0,0,1,36,0,0
2022,Sudeste,3,Minas Gerais,MG,31,Belo Horizonte,3106200,1,Metropolitana de Belo Horizonte,7,Belo Horizonte,30,3,4,SILAS PEDRO DE CARVALHO - EPP,16567,21442,Faculdade Mega,MEGA,Rua Goiás,36,Silas Pedro de Carvalho - EPP,Centro,30190030.0,6,0,0,0,0,2,0,1,1,0,1,0,1,0,0,0,0,1,0,0,1,1,0,0,0,6,5,2,3,0,0,1,3,1,0,0,0,0,5,0,0,1,1,2,0,1,0,4,0,1,0,0,0,5,0,0
2022,Sudeste,3,São Paulo,SP,35,Cotia,3513009,0,Metropolitana de São Paulo,15,Itapecerica da Serra,60,3,5,ASSOCIACAO POTENCIAL DE ENSINO,18033,21502,FACULDADES INTEGRADAS POTENCIAL,FIP,Rua José Augusto Pedroso,44,FIP Campus Cotia,Vila São Francisco de Assis,6717126.0,7,0,0,0,0,0,0,3,1,1,0,1,1,0,0,1,0,1,1,1,1,1,1,39,27326,16,16,7,9,0,0,5,8,3,3,0,3,11,2,0,1,0,2,2,2,5,4,9,1,1,0,0,5,16,0,0
2022,Sudeste,3,Rio de Janeiro,RJ,33,Rio de Janeiro,3304557,1,Metropolitana do Rio de Janeiro,6,Rio de Janeiro,18,4,1,COLEGIO PEDRO II,16593,21503,COLÉGIO PEDRO II,CP II,"Campo de São Cristóvão, Colégio Pedro II",177,3ºandar,São Cristóvão,20921903.0,84,0,0,0,0,5,6,5,8,24,22,6,4,2,2,1,0,1,0,0,1,1,0,49000,12000,62,61,20,41,0,0,0,21,40,61,57,4,0,0,0,9,23,13,9,2,3,2,41,6,11,0,2,1,61,0,1
2022,Sudeste,3,São Paulo,SP,35,Itapeva,3522406,0,Itapetininga,11,Itapeva,41,3,4,EDITORA E DISTRIBUIDORA EDUCACIONAL S/A,14514,21554,Faculdade Anhanguera de Itapeva,FAI,Rua Benjamin Constant,654,Campus Principal,Jardim Ferrari,18405000.0,16,0,0,0,0,3,5,2,1,1,1,0,0,3,0,0,0,1,1,1,1,1,1,60395,238009,33,33,16,17,0,0,6,1,26,2,0,2,25,6,1,0,7,7,3,4,2,9,22,1,10,0,0,0,33,0,0
2022,Sudeste,3,São Paulo,SP,35,São Paulo,3550308,1,Metropolitana de São Paulo,15,São Paulo,61,3,4,PUGA & NUNES EDUCACIONAL LTDA,16633,21573,Faculdade Ana Carolina Puga,FAPUGA,Rua Padre Estevão Pernet,398/402,Campus Principal,Vila Gomes Cardim,3315000.0,5,0,0,0,0,0,0,3,1,0,1,0,0,0,0,0,0,0,0,1,1,0,0,0,0,2,2,2,0,0,0,0,1,1,1,0,1,1,0,0,0,0,0,0,0,2,0,2,0,0,0,0,0,2,0,0
2022,Sudeste,3,São Paulo,SP,35,Piracicaba,3538709,0,Piracicaba,6,Piracicaba,28,3,5,INSTITUTO DE PESQUISAS E EDUCACAO CONTINUADA EM ECONOMIA E GESTAO DE EMPRESAS,16577,21638,Faculdade PECEGE,PECEGE,Rua Alexandre Herculano,120,Torre B,Vila Monteiro,13418445.0,13,0,0,0,0,0,0,4,4,0,0,2,1,1,1,0,0,0,1,1,1,1,1,10,10223,7,7,2,5,0,0,0,4,3,2,2,0,5,0,0,1,0,3,1,1,1,0,7,0,0,0,0,0,7,0,0
2022,Sudeste,3,São Paulo,SP,35,São Paulo,3550308,1,Metropolitana de São Paulo,15,São Paulo,61,3,5,ASSOCIACAO PEDAGOGICA RUDOLF STEINER,16660,21643,Faculdade Rudolf Steiner,FRS,Rua Job Lane,900,- de 461/462 ao fim,Jardim Petrópolis,4639001.0,17,0,0,0,0,0,1,6,0,3,3,2,0,1,1,0,0,0,0,0,1,0,1,22,112,16,14,12,2,0,0,2,8,4,3,0,3,3,8,0,1,2,3,2,2,4,0,10,2,2,0,0,0,13,1,0
2022,Sudeste,3,São Paulo,SP,35,São Paulo,3550308,1,Metropolitana de São Paulo,15,São Paulo,61,3,5,LIGA CULTURAL E EDUCACIONAL PAULISTA,16358,21654,Faculdade de Engenharia e Agrimensura de São Paulo,FEASP,Rua Araritaguaba,804,- até 849/850,Vila Maria Alta,2122010.0,4,0,0,0,0,3,0,1,0,0,0,0,0,0,0,0,0,0,0,0,1,1,1,5000,2700,14,8,5,3,0,0,0,6,2,0,0,0,1,7,1,2,0,2,0,1,1,1,6,0,2,0,0,0,8,0,0
2022,Sudeste,3,Minas Gerais,MG,31,Itabira,3131703,0,Metropolitana de Belo Horizonte,7,Itabira,31,3,4,EDITORA E DISTRIBUIDORA EDUCACIONAL S/A,14514,21687,FACULDADE ANHANGUERA ITABIRA,,Rua Santana,235,Campus Principal,Penha,35900064.0,20,0,0,0,0,1,3,6,0,7,2,0,1,0,0,0,0,1,1,1,1,1,1,60395,238009,41,41,20,21,0,0,11,4,26,2,0,2,25,14,2,4,9,8,3,4,2,9,27,3,11,0,0,0,41,0,0
2022,Sudeste,3,São Paulo,SP,35,Franca,3516200,0,Ribeirão Preto,2,Franca,12,3,4,EDITORA E DISTRIBUIDORA EDUCACIONAL S/A,14514,21693,Faculdade Anhanguera Franca,FAF,Avenida Professor Moacir Vieira Coelho,3125,Campus Principal,Residencial Nosso Lar,14405700.0,16,0,0,0,0,5,4,2,1,1,1,1,0,1,0,0,0,1,1,1,1,1,1,60395,238009,53,53,27,26,0,0,0,16,37,2,0,2,34,17,3,3,7,9,8,7,6,10,43,1,8,1,0,0,53,0,1
2022,Sudeste,3,São Paulo,SP,35,Ribeirão Preto,3543402,0,Ribeirão Preto,2,Ribeirão Preto,14,3,2,CENTRO ESTADUAL DE EDUCACAO TECNOLOGICA PAULA SOUZA,33,21713,Faculdade de Tecnologia - Fatec de Ribeirão Preto,,Avenida Pio XII,1255,-,Vila Virgínia,14030250.0,7,0,0,0,0,1,0,2,3,0,0,0,1,0,0,0,0,0,1,1,1,0,1,0,0,61,61,19,42,0,0,9,27,25,1,0,1,20,40,2,2,8,15,15,9,6,4,55,1,3,1,0,1,60,1,0
2022,Sudeste,3,Minas Gerais,MG,31,São Lourenço,3163706,0,Sul/Sudoeste de Minas,10,São Lourenço,54,3,4,CENTRO EDUCACIONAL SUL MINEIRO LTDA - ME,16210,21757,Fasul Educacional EaD,FASUL EDUCACIONAL,Rua Dr. Melo Viana,75,-,Centro,37470000.0,21,0,0,0,0,0,0,8,5,4,2,0,1,0,1,0,0,0,1,0,1,1,0,7776,2600,7,7,2,5,0,0,3,2,2,2,2,0,1,4,0,0,1,0,3,0,2,1,6,1,0,0,0,0,7,0,0
2022,Sudeste,3,São Paulo,SP,35,São Paulo,3550308,1,Metropolitana de São Paulo,15,São Paulo,61,3,4,IGESP EDUCACAO E SAUDE LTDA,16701,21764,Faculdade de Ciências da Saúde IGESP,,Rua da Consolação,1025,- de 1101 a 2459 - lado ímpar,Consolação,1301100.0,17,0,0,0,0,3,1,1,3,2,6,1,0,0,0,0,0,1,0,1,1,0,1,130,13124,16,16,10,6,0,0,2,6,8,11,0,11,3,2,1,0,1,7,1,1,3,2,11,2,2,0,0,1,16,0,1
2022,Sudeste,3,Minas Gerais,MG,31,Leopoldina,3138401,0,Zona da Mata,12,Cataguases,66,3,5,FUNDACAO JOSE BONIFACIO LAFAYETTE DE ANDRADA,220,21812,Faculdade Regional de Leopoldina,,Rua Carmita Monteiro,S/N,-,Chácara Dona Euzébia,36700000.0,1,0,0,0,0,0,0,0,0,0,0,1,0,0,0,1,0,1,1,1,1,1,1,0,0,4,4,2,2,0,0,1,3,0,1,0,1,3,0,0,1,1,1,0,0,0,1,2,0,0,0,0,2,4,0,0
2022,Sudeste,3,São Paulo,SP,35,Guarulhos,3518800,0,Metropolitana de São Paulo,15,Guarulhos,59,3,4,FACULDADE DE ENSINO GUARULHENSE SS LTDA,16736,21822,FACULDADE FAVENI GUARULHOS,FAVENI - GUARULHOS,Rua do Rosário,313,-,Vila Camargos,7111080.0,9,0,0,0,0,2,0,1,1,0,1,2,1,1,0,0,0,0,1,1,1,0,1,40,14000,22,22,5,17,0,0,2,16,4,3,0,3,19,0,2,2,3,3,1,1,5,5,15,0,6,0,0,1,22,0,0
2022,Sudeste,3,São Paulo,SP,35,São Paulo,3550308,1,Metropolitana de São Paulo,15,São Paulo,61,3,5,SERVICO DE APOIO AS MICRO E PEQ EMPRESAS DE SAO PAULO,16702,21826,Faculdade Sebrae,,Alameda Nothmann,598,- até 731/732,Campos Elíseos,1216000.0,19,0,0,0,0,1,0,3,3,4,2,4,1,0,1,0,0,1,1,0,1,0,1,57000,10000,17,17,6,11,0,0,0,10,7,11,0,11,6,0,1,1,2,2,4,5,2,0,12,0,0,0,0,5,17,0,0
2022,Sudeste,3,São Paulo,SP,35,Itápolis,3522703,0,Araraquara,5,Araraquara,24,3,4,EJ - ESCOLA DE AVIACAO CIVIL LTDA,16746,21876,EJ - Faculdade de Tecnologia em Aviação Civil,EJ,Rua Paraná,450,-,Aeroporto,14900000.0,7,0,0,0,0,0,0,4,2,0,0,0,0,0,1,0,0,0,0,1,1,1,0,50,50,16,12,3,9,0,0,8,2,2,0,0,0,0,12,2,2,4,2,0,1,1,0,12,0,0,0,0,0,12,0,0
2022,Sudeste,3,São Paulo,SP,35,Catanduva,3511102,0,São José do Rio Preto,1,Catanduva,5,3,4,EDITORA E DISTRIBUIDORA EDUCACIONAL S/A,14514,21900,Faculdade Anhanguera de Catanduva,FAC,Rua Belém,892,Campus Principal,Centro,15801240.0,2,0,0,0,0,0,0,0,0,0,0,1,1,0,0,0,0,1,1,1,1,1,1,60395,238009,32,32,13,19,0,0,2,4,26,2,0,2,25,5,0,2,4,5,6,4,2,9,24,1,7,0,0,0,32,0,0
2022,Sudeste,3,Minas Gerais,MG,31,Pouso Alegre,3152501,0,Sul/Sudoeste de Minas,10,Pouso Alegre,52,3,4,ORME SERVICOS EDUCACIONAIS LTDA,3167,21903,Faculdade Pitágoras de Pouso Alegre,FPPA,Avenida Doutor João Beraldo,520,Campus Principal,Centro,37550000.0,1,0,0,0,0,0,0,0,0,0,0,0,1,0,0,0,0,1,1,1,1,1,1,60395,238009,33,33,15,18,0,0,1,5,27,2,0,2,25,6,0,3,5,7,3,4,2,9,23,1,9,0,0,0,33,0,0
2022,Sudeste,3,Minas Gerais,MG,31,Juiz de Fora,3136702,0,Zona da Mata,12,Juiz de Fora,65,3,5,INSTITUTO ENSINAR BRASIL,218,21929,Faculdade Doctum da Zona Norte de Juiz de Fora,Doctum,Rua Onofre Oliveira Salles,16,-,Santa Maria,36085155.0,9,0,0,0,0,5,2,1,1,0,0,0,0,0,0,0,0,0,1,0,1,0,0,10,9000,20,20,5,15,0,0,0,10,10,0,0,0,20,0,1,3,1,7,2,0,4,2,12,1,2,0,0,5,20,0,0
2022,Sudeste,3,São Paulo,SP,35,São Paulo,3550308,1,Metropolitana de São Paulo,15,São Paulo,61,3,4,INSTITUTO PHORTE DE EDUCACAO LTDA - ME,16676,21940,Faculdade Phorte de Educação e Tecnologia,,Rua Treze de Maio,681,- até 1149/1150,Bela Vista,1327000.0,18,0,0,0,0,1,1,8,3,1,3,0,1,0,0,0,0,0,1,1,1,1,0,206,15766,15,15,9,6,0,0,2,7,6,0,0,0,6,9,0,0,2,3,2,4,2,2,4,1,1,0,0,9,15,0,0
2022,Sudeste,3,Minas Gerais,MG,31,Belo Horizonte,3106200,1,Metropolitana de Belo Horizonte,7,Belo Horizonte,30,3,5,INSTITUTO DE EDUCACAO SUPERIOR LATINOAMERICANO - IESLA,16764,21949,INSTITUTO DE EDUCACAO SUPERIOR LATINOAMERICANO,SIGLA IESLA,Avenida Miguel Perrela,680,-,Castelo,31330290.0,74,0,0,1,0,6,7,12,9,2,0,0,0,21,16,0,0,1,0,0,1,1,0,120,12000,16,16,7,9,0,0,1,9,6,0,0,0,0,16,0,0,3,2,3,4,3,1,10,0,5,0,0,1,16,0,0
2022,Sudeste,3,São Paulo,SP,35,São Paulo,3550308,1,Metropolitana de São Paulo,15,São Paulo,61,3,5,FUNDACAO GETULIO VARGAS,110,21952,FGV / Escola de Relações Internacionais,FGV/RI,Avenida Paulista,548,- até 610 - lado par,Bela Vista,1310000.0,10,0,0,0,0,0,0,1,0,3,1,5,0,0,0,1,0,1,1,1,1,1,1,265,20286,20,19,8,11,0,0,0,0,19,11,11,0,1,7,1,1,12,3,1,0,0,1,13,1,0,0,0,5,18,1,0
2022,Sudeste,3,São Paulo,SP,35,Presidente Venceslau,3541505,0,Presidente Prudente,8,Presidente Prudente,36,3,4,FACULDADE SAO PAULO LTDA - ME,16789,22021,FACULDADE SÃO PAULO DE PRESIDENTE VENCESLAU,FASPREV,Rua Princesa Isabel,230,-,Centro,19400000.0,8,0,0,0,0,2,0,3,2,0,0,1,0,0,0,0,0,1,0,0,1,1,0,250,6000,16,16,11,5,0,0,2,12,2,1,1,0,2,13,2,3,2,1,2,2,3,1,13,1,2,0,0,0,16,0,0
2022,Sudeste,3,São Paulo,SP,35,São Paulo,3550308,1,Metropolitana de São Paulo,15,São Paulo,61,3,4,ACADEMY CENTRO DE TREINAMENTO EM ANATOMIA E ATENDIMENTO ODONTOLOGICO LTDA.,18029,22028,Faculdade CTA,CTA,Rua Antônio Marcondes,285,SEDE,Vila Dom Pedro I,4267020.0,4,0,0,0,0,0,0,3,0,0,0,0,0,0,1,0,0,1,0,1,1,1,1,5000,5000,17,17,6,11,0,0,3,9,5,0,0,0,1,16,0,3,0,5,4,2,2,1,14,2,0,0,0,1,17,0,0
2022,Sudeste,3,São Paulo,SP,35,São Paulo,3550308,1,Metropolitana de São Paulo,15,São Paulo,61,3,4,INSTITUTO FACUMINAS EAD LTDA,18100,22084,Faculdade FACUMINAS de Pós-Graduação EAD,FACUMINAS EAD,Rua Izonzo,161,-,Sacomã,4249000.0,2,0,0,0,0,1,0,0,0,1,0,0,0,0,0,0,0,0,0,0,1,1,0,10,10,5,5,4,1,0,0,2,3,0,1,0,1,3,1,3,0,0,0,1,1,0,0,3,0,2,0,0,0,5,0,0
2022,Sudeste,3,São Paulo,SP,35,Araras,3503307,0,Piracicaba,6,Limeira,27,3,4,SOCIEDADE REGIONAL DE ENSINO E SAUDE S/S LTDA,1547,22096,FACULDADE SÃO LEOPOLDO MANDIC DE ARARAS,SLMANDIC-ARARAS,Avenida Dona Renata,71,-,Centro,13600001.0,46,0,1,1,1,11,8,16,2,5,0,1,0,0,0,1,0,1,1,1,1,1,1,8000,14098,80,80,37,43,0,0,12,23,45,36,0,36,32,12,0,2,17,18,18,11,6,8,73,0,0,0,0,7,80,0,0
2022,Sudeste,3,Minas Gerais,MG,31,Patos de Minas,3148004,0,Triângulo Mineiro/Alto Paranaíba,5,Patos de Minas,20,3,4,CIEP - CENTRO INTEGRADO DE ESTUDOS E PESQUISAS LTDA - ME,16106,22101,Faculdade de Educação de Patos de Minas,FAEP,Rua Tenente Bino,86,predio,Centro,38700108.0,8,1,0,0,0,2,1,3,0,0,0,1,0,0,0,0,0,1,0,0,0,0,0,0,0,13,8,2,6,0,0,6,2,0,0,0,0,0,8,2,2,2,1,0,1,0,0,6,0,2,0,0,0,8,0,0
2022,Sudeste,3,Minas Gerais,MG,31,Belo Horizonte,3106200,1,Metropolitana de Belo Horizonte,7,Belo Horizonte,30,3,5,SANTA CASA DE MISERICORDIA DE BELO HORIZONTE,16327,22103,FACULDADE SANTA CASA DE BELO HORIZONTE,FSCBH,Avenida dos Andradas,2688,Faculdade Santa Casa BH,Santa Efigênia,30260070.0,53,0,0,1,0,9,7,6,8,18,1,1,1,1,0,1,0,0,0,0,1,0,1,0,15911,21,21,14,7,0,0,10,6,5,12,0,12,1,8,0,1,4,4,4,1,4,3,16,1,2,0,0,2,21,0,0
2022,Sudeste,3,Rio de Janeiro,RJ,33,Miguel Pereira,3302908,0,Metropolitana do Rio de Janeiro,6,Vassouras,14,3,5,FUNDACAO EDUCACIONAL SEVERINO SOMBRA,100,22116,Faculdade de Miguel Pereira,FAMIPE,Rua Avarenga Peixoto,111,-,Vila Selma,26900000.0,52,2,3,4,4,8,19,1,3,6,1,0,1,0,0,1,0,1,1,1,1,0,1,4,1454,38,38,13,25,0,0,4,30,4,15,0,15,16,7,3,6,6,10,5,2,4,2,26,1,8,0,0,3,38,0,0
2022,Sudeste,3,Espírito Santo,ES,32,Vitória,3205309,1,Central Espírito-santense,3,Vitória,9,3,4,FUCAPE PESQUISA E ENSINO S/A,17008,22119,ESCOLA DE DIREITO FUCAPE,FUCAPE DIREITO,Avenida Fernando Ferrari,1358,-,Boa Vista,29075505.0,69,0,0,0,0,16,11,26,5,3,2,3,3,0,0,1,0,1,1,1,1,0,1,5106,7349,12,9,2,7,0,0,0,3,6,6,5,1,2,1,1,1,1,2,2,2,0,0,7,0,2,0,0,0,9,0,0
2022,Sudeste,3,Rio de Janeiro,RJ,33,Três Rios,3306008,0,Centro Fluminense,3,Três Rios,5,3,4,SUPREMA-SOCIEDADE UNIVERSITARIA PARA O ENSINO MEDICO ASSISTENCIAL LTDA,1852,22121,Faculdade de Ciências Médicas de Três Rios,FCM/TR,Rua Isaltino Silveira,1470,-,Cantagalo,25804250.0,38,1,4,4,4,10,8,5,0,0,2,0,0,0,0,0,0,1,0,0,1,0,1,2636,0,35,35,17,18,0,0,8,18,9,0,0,0,32,3,2,5,11,4,1,2,5,5,31,0,2,0,0,2,35,0,0
2022,Sudeste,3,Minas Gerais,MG,31,Bertópolis,3106606,0,Vale do Mucuri,4,Nanuque,16,3,4,INSTITUTO DE EDUCACAO TECNOLOGICA LTDA - ME,16609,22171,FACULDADE REGIONAL DE MINAS GERAIS,FACMINAS,Rua Aparício Gomes,100,-,centro,39875000.0,7,0,0,1,0,1,0,3,0,1,0,1,0,0,0,0,0,1,0,1,1,1,1,56,350,12,12,8,4,0,0,4,6,2,1,1,0,7,4,1,3,2,2,2,2,0,0,6,0,5,0,1,0,12,0,0
2022,Sudeste,3,São Paulo,SP,35,São Joaquim da Barra,3549409,0,Ribeirão Preto,2,São Joaquim da Barra,10,3,5,FUNDACAO EDUCACIONAL DE ITUVERAVA,306,22175,Faculdade  São Joaquim da Barra,,Rua Rio Grande do Norte,1470,-,Centro,14600000.0,4,0,0,0,0,0,0,2,0,2,0,0,0,0,0,0,0,1,1,1,1,1,1,167,25646,61,31,11,20,0,0,14,10,7,0,0,0,1,30,10,2,4,4,3,3,1,4,14,0,2,2,0,13,31,0,0
2022,Sudeste,3,São Paulo,SP,35,Ribeirão Pires,3543303,0,Metropolitana de São Paulo,15,São Paulo,61,3,4,ENAU EDUCACIONAL LTDA - EPP,16827,22176,Faculdade ENAU,FacEnau,Rua Doutor Jorge Tibiriçá,124,-,Centro Alto,9424130.0,6,0,0,0,0,1,2,2,1,0,0,0,0,0,0,1,0,0,0,1,1,0,1,5,19630,24,24,11,13,0,0,3,15,6,9,0,9,10,5,0,1,7,8,4,2,0,2,19,1,4,0,0,0,24,0,0
2022,Sudeste,3,São Paulo,SP,35,São Paulo,3550308,1,Metropolitana de São Paulo,15,São Paulo,61,3,4,FAUP - FACULDADE UNIAO PAULISTANA LTDA - ME,16828,22177,Faculdade União Paulistana,FAUP,Rua Barão do Rio Branco,864,Faculdade União Paulistana,Santo Amaro,4753001.0,15,0,0,1,0,4,2,2,1,2,1,1,0,1,0,1,0,0,1,1,1,0,0,10,1600,5,5,2,3,0,0,1,4,0,1,1,0,3,1,0,1,0,0,1,0,2,1,4,0,0,0,0,1,5,0,0
2022,Sudeste,3,Minas Gerais,MG,31,Sete Lagoas,3167202,0,Metropolitana de Belo Horizonte,7,Sete Lagoas,27,3,4,CENTRO EDUCACIONAL HYARTE-ML LTDA,1675,22194,FACULDADE ATENAS SETE LAGOAS,,Avenida Prefeito Alberto Moura,6000,- de 04201/4202 a 6399/06400,Nova Cidade,35702272.0,46,0,0,0,0,8,9,12,6,6,2,2,0,0,1,1,0,1,1,1,1,1,1,5002,2800,30,30,17,13,0,0,5,12,13,6,0,6,24,0,2,10,7,4,4,3,0,0,13,2,4,0,0,11,30,0,0
2022,Sudeste,3,Minas Gerais,MG,31,Passos,3147907,0,Sul/Sudoeste de Minas,10,Passos,47,3,4,CENTRO EDUCACIONAL HYARTE-ML LTDA,1675,22197,FACULDADE ATENAS PASSOS,,Oscar Cândido Monteiro,1000,-,Jardim Colégio de Passos,37900380.0,123,3,40,6,17,8,16,16,3,6,1,5,1,1,0,1,0,1,0,1,1,1,0,8831,2401,30,30,20,10,0,0,2,13,15,8,2,6,22,0,1,5,10,7,1,2,2,2,18,0,2,0,0,10,30,0,0
2022,Sudeste,3,Minas Gerais,MG,31,Sete Lagoas,3167202,0,Metropolitana de Belo Horizonte,7,Sete Lagoas,27,3,4,ORME SERVICOS EDUCACIONAIS LTDA,3167,22236,FACULDADE UNOPAR DE CIÊNCIAS JURÍDICAS DE SETE LAGOAS,,Rua Monsenhor Messias,94,-,Centro,35700041.0,1,0,0,0,0,0,0,0,0,0,0,1,0,0,0,0,0,1,1,1,1,1,1,60395,238009,35,35,16,19,0,0,0,5,30,1,0,1,26,8,0,1,5,8,3,5,4,9,22,1,12,0,0,0,35,0,1
2022,Sudeste,3,São Paulo,SP,35,Assis,3504008,0,Assis,10,Assis,39,3,4,ANHANGUERA EDUCACIONAL PARTICIPACOES S/A,16452,22237,Faculdade de Ciências Jurídicas de Assis,,Rua Josino de Andrade,"267, 277",- até 340/341,Centro,19800290.0,1,0,0,0,0,0,0,0,0,0,0,0,1,0,0,0,0,1,1,1,1,1,1,60395,238009,31,31,15,16,0,0,2,2,27,2,0,2,25,4,1,1,4,4,4,6,2,9,23,1,7,0,0,0,31,0,0
2022,Sudeste,3,São Paulo,SP,35,São José dos Campos,3549904,0,Vale do Paraíba Paulista,13,São José dos Campos,50,3,4,FACULDADE VANGUARDA LTDA,16837,22263,FACULDADE VANGUARDA,,Avenida Engenheiro Francisco José Longo,520,Faculdade Vanguarda,Jardim São Dimas,12245001.0,5,0,0,0,0,1,1,2,0,0,0,1,0,0,0,0,0,1,1,1,1,1,1,12,16000,32,32,17,15,0,0,7,19,6,0,0,0,0,32,1,1,6,9,5,4,3,3,22,2,4,0,1,3,32,0,0
2022,Sudeste,3,Rio de Janeiro,RJ,33,Rio de Janeiro,3304557,1,Metropolitana do Rio de Janeiro,6,Rio de Janeiro,18,3,5,FUNDACAO GETULIO VARGAS,110,22266,Instituto de Desenvolvimento Tecnológico da FGV,FGV/IDT,Rua Jornalista Orlando Dantas,30,-,Botafogo,22231010.0,56,0,0,0,0,1,2,12,6,16,3,9,4,3,0,1,0,1,1,1,1,1,1,20931,269,29,29,7,22,0,0,0,1,28,25,0,25,4,0,1,2,4,3,2,6,3,8,22,1,4,0,0,2,27,2,0
2022,Sudeste,3,São Paulo,SP,35,Osasco,3534401,0,Metropolitana de São Paulo,15,Osasco,57,3,5,ASSOCIACAO EDUCACIONAL NOVE DE JULHO,222,22312,FACULDADE NOVE DE JULHO DE OSASCO,NOVE-OSASCO,Rua Dante Battiston,107,-,Centro,6013030.0,18,0,0,0,0,5,0,6,1,3,0,0,2,0,1,1,0,1,1,1,1,1,1,59647,94907,43,43,23,20,0,0,11,21,11,0,0,0,9,34,5,10,11,12,2,2,1,0,30,0,0,0,0,13,43,0,0
2022,Sudeste,3,São Paulo,SP,35,Bauru,3506003,0,Bauru,4,Bauru,20,3,5,ASSOCIACAO EDUCACIONAL NOVE DE JULHO,222,22313,FACULDADE NOVE DE JULHO DE BAURU,NOVE-BAURU,Rua Nicolau Assis,Quadra 7,"nºs 1, 15, 21, 27, 35, 41, 46, 51",Jardim Panorama,17011102.0,22,0,0,0,0,9,0,7,2,1,1,0,0,1,1,1,0,1,1,1,1,1,1,59647,94907,14,14,6,8,0,0,4,8,2,1,0,1,2,11,0,4,4,1,4,0,1,0,10,0,0,0,0,4,14,0,0
2022,Sudeste,3,São Paulo,SP,35,Guarulhos,3518800,0,Metropolitana de São Paulo,15,Guarulhos,59,3,5,ASSOCIACAO EDUCACIONAL NOVE DE JULHO,222,22314,FACULDADE NOVE DE JULHO GUARULHOS,NOVE-GUARULHOS,Rua Harry Simonsen,21,-,Vila das Palmeiras,7013110.0,18,0,0,0,0,5,0,5,4,1,0,0,3,0,0,1,0,1,1,1,1,1,1,59647,94907,28,28,14,14,0,0,5,18,5,0,0,0,5,23,1,1,6,11,3,4,1,1,23,0,0,0,0,5,28,0,0
2022,Sudeste,3,São Paulo,SP,35,Mauá,3529401,0,Metropolitana de São Paulo,15,São Paulo,61,3,5,ASSOCIACAO EDUCACIONAL NOVE DE JULHO,222,22316,FACULDADE NOVE DE JULHO MAUÁ,NOVE_MAUÁ,Rua Álvares Machado,48,-,Vila Bocaina,9310020.0,18,0,0,0,0,6,0,2,3,2,0,2,1,1,1,1,0,1,1,1,1,1,1,59647,94907,33,33,19,14,0,0,6,17,10,0,0,0,9,24,2,4,8,7,5,4,3,0,24,1,0,0,0,8,33,0,0
2022,Sudeste,3,São Paulo,SP,35,Itatiba,3523404,0,Macro Metropolitana Paulista,12,Bragança Paulista,48,3,2,CENTRO ESTADUAL DE EDUCACAO TECNOLOGICA PAULA SOUZA,33,22319,Faculdade de Tecnologia de Itatiba,Fatec Itatiba,Rua Daniel Peçanha de Moraes,220,-,Jardim Salessi,13251140.0,3,0,0,0,0,0,0,1,0,0,2,0,0,0,0,0,0,0,0,0,0,0,0,0,0,46,46,17,29,0,0,4,27,15,1,0,1,14,31,0,2,3,5,6,6,9,15,37,0,3,1,0,5,46,0,0
2022,Sudeste,3,Minas Gerais,MG,31,Juiz de Fora,3136702,0,Zona da Mata,12,Juiz de Fora,65,3,4,ENSIN.E EDUCACAO LTDA,17395,22441,FACULDADE Ensin.E,ENSIN.E,Avenida Barão do Rio Branco,3480,FACULDADE ENSIN.E,Passos,36025020.0,13,0,0,0,0,2,1,2,5,0,1,0,1,1,0,0,0,1,1,0,1,1,1,0,14002,9,9,2,7,0,0,1,3,5,0,0,0,5,4,0,0,5,1,1,2,0,0,8,0,0,0,0,1,9,0,0
2022,Sudeste,3,Rio de Janeiro,RJ,33,Rio de Janeiro,3304557,1,Metropolitana do Rio de Janeiro,6,Rio de Janeiro,18,3,5,INSTITUTO DE POS GRADUACAO MEDICA CARLOS CHAGAS,16869,22449,INSTITUTO SUPERIOR DE CIÊNCIAS DA SAÚDE CARLOS CHAGAS,IPGMCC,Avenida Beira-Mar,406,GRUPOS 503 A 506,Centro,20021060.0,10,0,0,0,0,3,3,1,1,0,0,0,0,1,1,0,0,1,0,0,1,1,0,1500,1000,9,9,4,5,0,0,5,3,1,0,0,0,1,8,0,1,1,1,0,3,2,1,7,0,2,0,0,0,9,0,0
2022,Sudeste,3,São Paulo,SP,35,Fernandópolis,3515509,0,São José do Rio Preto,1,Fernandópolis,2,3,4,"RENOVIE GESTAO EMPRESARIAL, EDUCACIONAL E COMERCIAL LTDA",16672,22452,FACULDADE ATITUDE DE EDUCAÇÃO CONTINUADA,FAEC,RUA : MARIA MININEL,14,-,T.PAINEIRAS,15600000.0,30,0,0,4,6,5,6,0,4,0,3,0,1,0,1,0,0,1,1,1,1,1,1,60,0,5,5,2,3,0,0,0,3,2,0,0,0,5,0,0,1,0,3,0,0,0,1,2,0,1,0,0,2,5,0,0
2022,Sudeste,3,Minas Gerais,MG,31,Araxá,3104007,0,Triângulo Mineiro/Alto Paranaíba,5,Araxá,23,3,4,INSTITUTO EDUCACIONAL WOLI LTDA,16940,22455,FGW - Faculdade de Gestão WOLI,WOLI,Avenida João Moreira Sales,690,-,Arasol,38182264.0,6,0,0,0,0,0,0,2,1,3,0,0,0,0,0,0,0,0,1,1,1,1,1,1,2750,23,23,12,11,0,0,2,16,5,1,1,0,21,1,0,2,5,4,5,3,2,2,4,1,2,0,0,16,23,0,0
2022,Sudeste,3,Minas Gerais,MG,31,Pirapora,3151206,0,Norte de Minas,2,Pirapora,6,3,5,MITRA ARQUIDIOCESANA DE DIAMANTINA,576,22472,FACULDADE ARQUIDIOCESANA DE PIRAPORA,FAP,Rua Otávio Carneiro,652,-,Santo Antônio,39270000.0,4,0,0,0,0,0,1,2,1,0,0,0,0,0,0,0,0,1,1,1,1,1,0,34,2392,4,4,2,2,0,0,2,2,0,0,0,0,0,4,1,0,1,1,0,1,0,0,1,0,0,0,0,3,4,0,0
2022,Sudeste,3,São Paulo,SP,35,Santo André,3547809,0,Metropolitana de São Paulo,15,São Paulo,61,3,4,PROFESSOR DR. CLEBER LEITE EDUCACAO E PESQUISA LTDA - ME,16882,22527,Faculdade Cleber Leite,FCL,Rua Catequese,833,Faculdade Cleber Leite,Vila Guiomar,9090401.0,18,0,0,2,0,3,1,6,0,3,0,1,0,0,2,1,0,1,1,1,1,1,1,26,13389,27,27,13,14,0,0,10,8,9,12,2,10,15,0,0,1,3,4,7,2,4,6,25,2,0,0,0,0,27,0,0
2022,Sudeste,3,São Paulo,SP,35,São Paulo,3550308,1,Metropolitana de São Paulo,15,São Paulo,61,3,4,UNI-B EDUCACAO LTDA,18399,22603,FACULDADE ANCLIVEPA DE GESTÃO E HUMANOLOGIA,FAGH,Rua Ulisses Cruz,285,FACULDADE ZONA LESTE,Tatuapé,3077000.0,20,1,0,0,0,5,5,4,5,0,0,0,0,0,0,0,0,1,1,1,1,1,1,88,12000,8,8,4,4,0,0,0,7,1,0,0,0,8,0,1,2,1,2,1,0,1,0,7,0,1,0,0,0,8,0,0
2022,Sudeste,3,São Paulo,SP,35,São Paulo,3550308,1,Metropolitana de São Paulo,15,São Paulo,61,3,4,CENTRO EDUCACIONAL ALVORADA LTDA,16884,22605,Faculdade Alvorada de Saúde,,Rua Atílio Piffer,687,Nova Sede,Casa Verde,2516000.0,20,1,0,0,0,5,5,4,5,0,0,0,0,0,0,0,0,1,1,1,1,1,1,88,12000,15,15,11,4,0,0,2,3,10,1,1,0,12,2,1,2,2,5,4,0,1,0,12,0,1,0,0,2,15,0,0
2022,Sudeste,3,São Paulo,SP,35,São Paulo,3550308,1,Metropolitana de São Paulo,15,São Paulo,61,3,4,DAMASIO EDUCACIONAL S.A.,3673,22606,Faculdade Damásio,Damasio,Rua da Glória,195,Faculdade Damásio,Liberdade,1510000.0,189,6,0,2,0,31,16,58,52,11,3,5,3,1,1,0,0,1,1,0,1,0,1,36000,25981,0,0,0,0,0,0,0,0,0,0,0,0,0,0,0,0,0,0,0,0,0,0,0,0,0,0,0,0,0,0,0
2022,Sudeste,3,São Paulo,SP,35,Votuporanga,3557105,0,São José do Rio Preto,1,Votuporanga,3,3,4,FACULDADE BOOK PLAY LTDA,16926,22625,FACULDADE BOOKPLAY,,Rua Denizar Vidigal,3620,-,Chácara das Paineiras,15502221.0,15,0,0,0,0,1,0,2,7,1,2,1,0,1,0,0,0,1,1,1,1,1,1,500,60000,8,8,5,3,0,0,4,2,2,4,2,2,0,4,0,0,3,0,2,1,1,1,3,0,1,0,0,4,8,0,0
2022,Sudeste,3,Minas Gerais,MG,31,Belo Horizonte,3106200,1,Metropolitana de Belo Horizonte,7,Belo Horizonte,30,3,4,CEDIN EDUCACIONAL LTDA - ME,16400,22629,Centro de Estudos em Direito e Negócios,,Rua Paraíba,1170,Campus Sede,Funcionários,30130141.0,13,0,0,0,0,2,2,1,3,2,1,2,0,0,0,0,0,1,1,1,1,1,0,0,1372,15,15,5,10,0,0,0,10,5,2,1,1,13,0,0,8,1,5,0,1,0,0,10,0,1,0,0,4,15,0,0
2022,Sudeste,3,Minas Gerais,MG,31,Ipatinga,3131307,0,Vale do Rio Doce,8,Ipatinga,39,3,5,FUNDACAO EDUCACIONAL SAO FRANCISCO XAVIER,16963,22636,Faculdade São Francisco Xavier,FACSFX,Avenida Itália,1910,- de 1047/1048 a 2047/2048,Cariru,35160114.0,11,0,0,0,0,0,2,2,1,4,1,1,0,0,0,0,0,0,0,1,1,1,1,0,18709,13,13,9,4,0,0,2,9,2,0,0,0,0,13,1,1,2,5,2,0,1,1,4,0,2,0,0,7,13,0,0
2022,Sudeste,3,São Paulo,SP,35,São Paulo,3550308,1,Metropolitana de São Paulo,15,São Paulo,61,3,5,INSTITUTO BRASILEIRO DE TECNOLOGIA E CIENCIA DA COMPUTACAO - IBTCC,17905,22651,Instituto de Tecnologia e Liderança,Inteli,Avenida Professor Almeida Prado,532,Prédios 5 e 6,Butantã,5508901.0,50,0,0,0,0,0,3,18,13,7,4,1,3,1,0,0,0,1,0,1,1,1,0,1356,14418,38,36,9,27,0,0,0,16,20,17,0,17,19,0,1,5,8,5,6,2,6,3,13,0,2,2,0,19,36,0,0
2022,Sudeste,3,Minas Gerais,MG,31,Itajubá,3132404,0,Sul/Sudoeste de Minas,10,Itajubá,56,3,4,ORME SERVICOS EDUCACIONAIS LTDA,3167,22707,FACULDADE PITÁGORAS UNOPAR DE ITAJUBÁ,,Rua Doutor Xavier Lisboa,348,-,Varginha,37501042.0,1,0,0,0,0,0,0,0,0,0,0,0,0,0,1,0,0,1,1,1,1,1,1,60395,238009,32,32,13,19,0,0,0,4,28,2,0,2,25,5,0,0,6,6,4,4,2,10,24,1,7,0,0,0,32,0,0
2022,Sudeste,3,Minas Gerais,MG,31,Muriaé,3143906,0,Zona da Mata,12,Muriaé,63,3,4,ORME SERVICOS EDUCACIONAIS LTDA,3167,22712,FACULDADE PITÁGORAS UNOPAR DE MURIAÉ,,RUA MARIUS DORNELAS,110,-,Barra,36880000.0,1,0,0,0,0,0,0,0,0,0,0,1,0,0,0,0,0,1,1,1,1,1,1,60395,238009,31,31,17,14,0,0,1,3,27,1,0,1,26,4,2,3,3,5,2,5,2,9,23,1,7,0,0,0,31,0,1
2022,Sudeste,3,São Paulo,SP,35,Penápolis,3537305,0,Araçatuba,3,Birigui,18,3,4,ORME SERVICOS EDUCACIONAIS LTDA,3167,22716,FACULDADE PITÁGORAS DE PENÁPOLIS,,"RUA ANTONIO VERONEZE,",850,-,JARDIM POR DO SOL,16300000.0,2,0,0,0,0,0,0,0,0,0,0,1,1,0,0,0,0,1,1,1,1,1,1,60395,238009,31,31,14,17,0,0,1,3,27,1,0,1,26,4,0,1,5,5,4,5,2,9,23,1,7,0,0,0,31,0,1
2022,Sudeste,3,Minas Gerais,MG,31,Itabira,3131703,0,Metropolitana de Belo Horizonte,7,Itabira,31,3,4,FACEB EDUCACAO LTDA,1117,22758,Faculdade Una de Itabira,Una,Rua Guarda-Mor Custódio,60,Campus Centro,Centro,35900003.0,30,0,0,0,1,15,2,6,0,2,0,0,3,0,1,1,0,1,1,1,1,1,1,22000,34357,33,33,19,14,0,0,8,19,6,4,0,4,11,18,2,8,11,6,1,2,3,0,28,0,5,0,0,0,33,0,0
2022,Sudeste,3,Minas Gerais,MG,31,Itabira,3131703,0,Metropolitana de Belo Horizonte,7,Itabira,31,3,4,FACEB EDUCACAO LTDA,1117,22759,Instituto Una de Itabira,Una,Rua Guarda-Mor Custódio,60,Campus Centro,Centro,35900003.0,30,0,0,0,1,15,2,6,0,2,0,0,3,0,1,1,0,1,1,1,1,1,1,22000,34357,8,8,6,2,0,0,0,5,3,5,0,5,3,0,0,0,2,3,2,0,1,0,5,0,3,0,0,0,8,0,0
2022,Sudeste,3,São Paulo,SP,35,Cerquilho,3511508,0,Itapetininga,11,Tatuí,43,3,4,A. FLEMING EDUCACIONAL LTDA,16980,22760,Faculdade Fleming Cerquilho,Fac Cerquilho,Avenida Prefeito Antônio Souto,191,-,Jardim Itália,18520000.0,17,1,0,8,1,0,0,3,1,0,1,2,0,0,0,0,0,1,0,1,1,1,0,0,0,24,24,13,11,0,0,5,13,6,24,6,18,0,0,2,4,8,4,3,0,2,1,18,0,2,0,0,4,24,0,0
2022,Sudeste,3,Minas Gerais,MG,31,Belo Horizonte,3106200,1,Metropolitana de Belo Horizonte,7,Belo Horizonte,30,3,4,ESJUS - ESCOLA SUPERIOR DE JUSTICA LTDA - ME,16962,22764,ESCOLA SUPERIOR DE EDUCAÇÃO,ESJUS,Avenida Miguel Perrela,-,-,Castelo,31330290.0,74,0,0,1,0,6,7,12,9,0,2,0,0,21,16,0,0,1,0,0,1,1,0,120,12000,25,25,14,11,0,0,1,11,13,0,0,0,0,25,0,2,6,6,3,5,2,1,14,0,7,0,0,4,25,0,0
2022,Sudeste,3,São Paulo,SP,35,São Paulo,3550308,1,Metropolitana de São Paulo,15,São Paulo,61,3,4,AUDEN EDUCACAO LTDA,16999,22814,Faculdade Auden Educacional,FAED,Avenida Paulista,807,17º andar - Cj. 1071,Cerqueira Cesar,1311000.0,29,0,0,0,0,1,0,3,3,6,6,5,3,0,2,0,0,1,0,0,1,0,0,620,27917,18,18,6,12,0,0,3,11,4,3,0,3,11,4,0,3,5,1,3,2,2,2,18,0,0,0,0,0,18,0,0
2022,Sudeste,3,São Paulo,SP,35,São Paulo,3550308,1,Metropolitana de São Paulo,15,São Paulo,61,3,4,FRANKLINCOVEY EDUCACAO E EDITORA LTDA - ME,16996,22862,FranklinCovey Business School,FCBS,Rua Alcides Ricardini Neves,12,"Conjuntos 906,0907,0908 e 909",Cidade Monções,4575050.0,4,0,0,0,0,0,0,1,1,0,2,0,0,0,0,0,0,0,1,1,1,0,1,0,2600,13,12,6,6,0,0,2,5,5,4,0,4,5,3,1,0,0,1,3,2,4,1,8,1,0,1,0,2,12,0,0
2022,Sudeste,3,São Paulo,SP,35,São Paulo,3550308,1,Metropolitana de São Paulo,15,São Paulo,61,3,5,ASSOCIACAO EDUCACIONAL E CULTURAL PAULISTANA,16715,22866,Faculdade Associada Brasil - EAD,,Rua Nova dos Portugueses,365,- até 719/720,Chora Menino,2462080.0,8,0,0,0,0,3,1,2,1,1,0,0,0,0,0,0,0,0,1,1,1,0,0,50,12000,6,6,3,3,0,0,1,0,5,3,0,3,3,0,0,0,0,0,3,0,1,2,5,1,0,0,0,0,6,0,0
2022,Sudeste,3,Rio de Janeiro,RJ,33,Maricá,3302700,0,Metropolitana do Rio de Janeiro,6,Rio de Janeiro,18,3,5,FUNDACAO EDUCACIONAL SEVERINO SOMBRA,100,22917,FACULDADE DE CIÊNCIAS MÉDICAS DE MARICÁ,,Avenida Roberto da Silveira,2082,FACULDADE DE CIENCIAS MEDICAS DE MARICA (FACMAR),Flamengo,24903815.0,37,0,0,0,1,4,3,3,5,1,1,3,7,4,5,1,0,1,1,1,1,0,1,59,1454,36,36,23,13,0,0,2,14,20,15,0,15,15,6,1,10,10,8,4,2,1,0,19,1,2,0,0,14,36,0,0
2022,Sudeste,3,São Paulo,SP,35,Araraquara,3503208,0,Araraquara,5,Araraquara,24,3,2,CENTRO ESTADUAL DE EDUCACAO TECNOLOGICA PAULA SOUZA,33,22939,Faculdade de Tecnologia de Araraquara,FATEC ARQ,Rua Precide Scarpino Martim,126,-,Jardim Santa Clara (Vila Xavier),14811373.0,4,0,0,0,0,0,0,1,0,1,2,0,0,0,0,0,0,0,0,0,0,0,0,0,0,61,54,13,41,0,0,8,24,22,0,0,0,0,54,0,3,8,10,9,9,10,5,42,2,2,0,0,8,54,0,0
2022,Sudeste,3,Minas Gerais,MG,31,Belo Horizonte,3106200,1,Metropolitana de Belo Horizonte,7,Belo Horizonte,30,3,4,IBE - INSTITUTO BRASILEIRO DE ENSINO LTDA - ME,17039,22966,Faculdade Instituto Brasileiro de Ensino,FACIBE,Rua Silva Jardim,296,loja,Floresta,30150010.0,11,0,0,0,0,4,0,4,2,0,0,1,0,0,0,0,0,1,0,1,1,1,1,11,11,16,16,13,3,0,0,14,2,0,0,0,0,0,16,0,2,1,4,2,1,3,3,7,0,1,0,0,8,16,0,0
2022,Sudeste,3,São Paulo,SP,35,São Paulo,3550308,1,Metropolitana de São Paulo,15,São Paulo,61,3,5,ASSOCIACAO KEPPE E PACHECO,16308,22985,Faculdade Trilógica Nossa Senhora de Todos os Povos,FATRI EAD,Avenida Rebouças,3115,- de 2595 a 2983 - lado ímpar,Pinheiros,5401350.0,35,0,0,0,0,1,2,2,1,14,8,2,2,3,0,0,0,1,1,1,1,1,0,78,2723,16,16,8,8,0,0,2,11,3,3,0,3,13,0,0,1,0,1,4,2,2,6,16,0,0,0,0,0,15,1,0
2022,Sudeste,3,São Paulo,SP,35,São Paulo,3550308,1,Metropolitana de São Paulo,15,São Paulo,61,3,4,CETRUS - DIAGNOSTICO LTDA.,17033,23022,Faculdade Cetrus Sanar,CETRUS,Avenida Jabaquara,474,- até 0620 - lado par,Mirandópolis,4046000.0,139,0,0,1,0,65,12,37,24,0,0,0,0,0,0,0,0,1,0,0,0,0,0,0,15437,10,5,3,2,0,0,0,3,2,0,0,0,0,5,0,0,0,2,1,1,0,1,4,0,0,0,0,1,5,0,0
2022,Sudeste,3,Espírito Santo,ES,32,Vila Velha,3205200,0,Central Espírito-santense,3,Vitória,9,3,4,"INSTITUICAO SUPERIOR DE ENSINO, PESQUISA E EXTENSAO LTDA",17056,23025,Faculdade de Ensino Superior Brasileira - Faculdade FEBRAS,FEBRAS,Rua Doutor Annor da Silva,106,-,Coqueiral de Itaparica,29102300.0,4,0,0,0,0,2,0,0,0,1,0,1,0,0,0,0,0,1,0,1,1,1,0,0,8000,5,5,1,4,0,0,1,2,2,0,0,0,5,0,0,0,2,1,1,0,0,1,2,1,2,0,0,0,5,0,0
2022,Sudeste,3,Rio de Janeiro,RJ,33,Rio de Janeiro,3304557,1,Metropolitana do Rio de Janeiro,6,Rio de Janeiro,18,3,1,COMANDO DO EXERCITO,409,23026,Escola de Sargentos de Logística,EsSLog,Rua João Vicente,2179,- de 2150/2151 ao fim,Deodoro,21610211.0,80,0,0,0,1,1,37,4,25,1,9,1,1,0,0,0,0,1,1,1,0,1,1,40,0,81,80,11,69,14,44,21,1,0,80,80,0,0,0,15,12,26,15,10,2,0,0,38,11,31,0,0,0,80,0,0
2022,Sudeste,3,Minas Gerais,MG,31,Três Corações,3169307,0,Sul/Sudoeste de Minas,10,Varginha,50,3,1,COMANDO DO EXERCITO,409,23028,Escola de Sargentos das Armas,ESA,avenida sete de setembro,628,-,centro,37410000.0,209,0,0,0,1,0,50,1,104,16,27,3,6,1,0,0,0,1,1,1,1,0,1,48,10000,173,173,14,159,57,66,37,12,1,173,173,0,0,0,42,43,52,21,15,0,0,0,92,15,36,0,0,30,173,0,0
2022,Sudeste,3,Espírito Santo,ES,32,Serra,3205002,0,Central Espírito-santense,3,Vitória,9,3,4,SHIFT+ TECNOLOGIA EDUCACIONAL - EIRELI,18207,23038,Faculdade de Educação e Tecnologia do Espírito Santo,FETES,Avenida Central,15,Loja B,Parque Residencial Laranjeiras,29165130.0,8,0,0,0,0,0,2,1,0,3,1,0,1,0,0,1,0,1,1,1,1,1,1,10,13084,6,6,4,2,0,0,0,4,2,1,0,1,5,0,0,1,1,0,3,0,1,0,4,1,1,0,0,0,6,0,0
2022,Sudeste,3,Espírito Santo,ES,32,Serra,3205002,0,Central Espírito-santense,3,Vitória,9,3,5,INSTITUTO DE ENSINO SUPERIOR CAPIXABA  IESCAPI,17031,23090,INSTITUTO DE ENSINO SUPERIOR CAPIXABA,IESCAPI,Rua L,11,Rosario de Fatima,Rosário de Fátima,29161152.0,9,1,1,0,0,0,1,0,0,3,3,0,0,0,0,0,0,1,0,0,1,1,0,147,9149,6,4,1,3,0,0,0,1,3,0,0,0,3,1,0,0,0,2,0,1,1,0,3,0,1,0,0,0,4,0,0
2022,Sudeste,3,São Paulo,SP,35,São José dos Campos,3549904,0,Vale do Paraíba Paulista,13,São José dos Campos,50,3,4,OLHAR EDUCACIONAL LTDA,17861,23096,FACULDADE SANTO ANTÔNIO - SJC,FSA,Estrada Doutor Altino Bondensan,500,FACULDADE SANTO ANTÔNIO-SJC,Eugênio de Mello,12247016.0,5,0,0,0,0,1,0,1,2,0,1,0,0,0,0,0,0,1,1,0,1,0,0,0,6000,21,20,12,8,0,0,5,10,5,3,0,3,17,0,3,4,3,3,5,1,1,0,15,2,3,0,0,0,20,0,0
2022,Sudeste,3,São Paulo,SP,35,São Paulo,3550308,1,Metropolitana de São Paulo,15,São Paulo,61,3,4,INSTITUTO PAULISTANO DE ENSINO SUPERIOR DO COMERCIO S.A,17095,23147,Faculdade do Comércio de São Paulo,FAC-SP,Associação Comercial de São Paulo,51,"Rua Boa Vista nº 51 - 1º, 2º, 3º e 7º andar",Centro,1014911.0,13,0,0,0,0,3,1,2,6,0,0,1,0,0,0,0,0,1,0,0,1,1,1,0,3200,36,36,11,25,0,1,10,19,6,9,0,9,10,17,2,1,0,6,10,7,6,4,30,1,3,1,0,1,36,0,1
2022,Sudeste,3,Minas Gerais,MG,31,Divinópolis,3122306,0,Oeste de Minas,9,Divinópolis,43,3,4,BRASIL EDUCACAO S/A,3052,23163,Faculdade de Educação Superior de Divinópolis,,Rua Coronel João Notini,151,- até 1507/1508,Centro,35500017.0,35,1,1,1,0,14,3,3,2,3,0,3,2,2,0,1,0,1,1,1,1,1,1,22000,34357,4,4,4,0,0,0,1,1,2,3,0,3,1,0,0,0,0,3,1,0,0,0,3,0,1,0,0,0,4,0,0
2022,Sudeste,3,Minas Gerais,MG,31,Divinópolis,3122306,0,Oeste de Minas,9,Divinópolis,43,3,4,IEDUC - INSTITUTO DE EDUCACAO E CULTURA S/A,14298,23164,Centro de Ensino Superior de Divinópolis,,Rua Coronel João Notini,151,- até 1507/1508,Centro,35500017.0,35,1,1,1,0,14,3,3,2,3,0,3,2,2,0,1,0,1,1,1,1,1,1,22000,34357,108,108,69,39,0,0,27,58,23,34,0,34,36,38,7,14,29,26,19,8,5,0,87,1,20,0,0,0,108,0,0
2022,Sudeste,3,Minas Gerais,MG,31,Itabira,3131703,0,Metropolitana de Belo Horizonte,7,Itabira,31,3,4,FACEB EDUCACAO LTDA,1117,23169,Escola Superior de Itabira,,Rua Guarda-Mor Custódio,60,Campus Centro,Centro,35900003.0,30,0,0,0,1,15,2,6,0,2,0,0,3,0,1,1,0,1,1,1,1,1,1,22000,34357,8,8,6,2,0,0,0,4,4,5,0,5,3,0,0,0,5,2,1,0,0,0,4,0,3,1,0,0,8,0,0
2022,Sudeste,3,Minas Gerais,MG,31,Pouso Alegre,3152501,0,Sul/Sudoeste de Minas,10,Pouso Alegre,52,3,4,BRASIL EDUCACAO S/A,3052,23172,Faculdade de Educação Superior de Pouso Alegre,,Rua João Basílio,420,-,Centro,37550000.0,50,2,0,1,0,11,16,4,6,2,2,1,1,4,0,0,0,0,0,0,0,0,0,22000,34357,6,6,5,1,0,0,1,3,2,0,0,0,3,3,0,0,4,2,0,0,0,0,5,0,1,0,0,0,6,0,0
2022,Sudeste,3,Minas Gerais,MG,31,Pouso Alegre,3152501,0,Sul/Sudoeste de Minas,10,Pouso Alegre,52,3,4,FACEB EDUCACAO LTDA,1117,23175,Escola Superior de Pouso Alegre,,Rua João Basílio,420,-,Centro,37550000.0,50,2,0,1,0,11,16,4,6,2,2,1,1,4,0,1,0,1,1,1,1,1,1,22000,34357,19,19,11,8,0,0,1,6,12,13,0,13,5,1,0,3,8,2,5,1,0,0,16,0,3,0,0,0,19,0,0
2022,Sudeste,3,Minas Gerais,MG,31,Sete Lagoas,3167202,0,Metropolitana de Belo Horizonte,7,Sete Lagoas,27,3,4,BRASIL EDUCACAO S/A,3052,23176,Faculdade de Educação Superior de Sete Lagoas,,Avenida Secretário Divino Padrão,1411,A,Santo Antônio,35702075.0,29,1,0,0,0,12,5,5,1,0,0,2,3,0,0,1,0,1,1,1,1,1,1,22000,34357,5,5,4,1,0,0,1,2,2,2,0,2,3,0,0,0,2,2,0,0,1,0,4,0,1,0,0,0,5,0,0
2022,Sudeste,3,Minas Gerais,MG,31,Sete Lagoas,3167202,0,Metropolitana de Belo Horizonte,7,Sete Lagoas,27,3,4,IEDUC - INSTITUTO DE EDUCACAO E CULTURA S/A,14298,23178,Centro de Ensino Superior de Sete Lagoas,,Avenida Secretário Divino Padrão,1411,A,Santo Antônio,35702075.0,29,1,0,0,0,12,5,5,1,0,0,2,3,0,0,1,0,1,1,1,1,1,1,22000,34357,56,56,30,26,0,0,20,26,10,18,0,18,20,18,1,15,11,18,8,3,0,0,46,2,8,0,0,0,56,0,1
2022,Sudeste,3,São Paulo,SP,35,Ribeirão Preto,3543402,0,Ribeirão Preto,2,Ribeirão Preto,14,3,4,PSICOLOG - INSTITUTO DE ESTUDOS DO COMPORTAMENTO LTDA,17097,23194,Faculdade PSICOLOG,FAPSI,Rua Júlio Prestes,959,-,Jardim Sumaré,14025060.0,11,0,0,1,0,0,0,1,2,0,0,2,3,2,0,0,0,0,1,1,1,1,0,20,4000,4,4,2,2,0,0,0,3,1,1,1,0,1,2,0,1,0,0,2,1,0,0,4,0,0,0,0,0,4,0,0
2022,Sudeste,3,São Paulo,SP,35,Araçatuba,3502804,0,Araçatuba,3,Araçatuba,17,3,4,"INSTITUTO DE ENSINO SUPERIOR, PESQUISA E TECNOLOGIA DE SAO PAULO - ME",10515,23215,FACULDADE DO ESTADO DE SÃO PAULO,ESP,Estrada Municipal Caram Rezek,KM 1.35,- lado ímpar,Chácaras Sossego,16078035.0,7,0,0,0,0,1,1,1,1,1,1,1,0,0,0,1,0,0,1,1,1,1,1,50,23000,5,5,1,4,0,0,1,1,3,1,0,1,4,0,0,0,1,0,2,1,1,0,3,0,1,0,0,1,5,0,0
2022,Sudeste,3,São Paulo,SP,35,Guarulhos,3518800,0,Metropolitana de São Paulo,15,Guarulhos,59,3,4,IEDUC - INSTITUTO DE EDUCACAO E CULTURA S/A,14298,23228,Faculdade São Judas de Guarulhos,,Rua do Rosário,476,-,Vila Camargos,7111080.0,17,0,0,0,0,7,4,2,1,0,0,0,1,2,0,1,0,1,1,1,1,1,1,22000,34357,30,30,9,21,0,0,2,18,10,11,0,11,6,13,0,2,7,6,2,9,2,2,29,0,0,1,0,0,30,0,0
2022,Sudeste,3,São Paulo,SP,35,Guarulhos,3518800,0,Metropolitana de São Paulo,15,Guarulhos,59,3,4,BRASIL EDUCACAO S/A,3052,23235,Instituto Universitário São Judas de Guarulhos,,Rua do Rosário,476,-,Vila Camargos,7111080.0,17,0,0,0,0,7,4,2,1,0,0,0,1,2,0,1,0,1,1,1,1,1,1,22000,34357,3,3,1,2,0,0,0,1,2,2,0,2,1,0,0,0,0,2,1,0,0,0,3,0,0,0,0,0,3,0,0
2022,Sudeste,3,São Paulo,SP,35,Guarulhos,3518800,0,Metropolitana de São Paulo,15,Guarulhos,59,3,4,BRASIL EDUCACAO S/A,3052,23236,Escola Superior São Judas de Guarulhos,,Rua do Rosário,476,-,Vila Camargos,7111080.0,17,0,0,0,0,7,4,2,1,0,0,0,1,2,0,1,0,1,1,1,1,1,1,22000,34357,26,26,15,11,0,0,3,8,15,21,0,21,5,0,0,2,3,4,2,9,4,2,24,0,1,1,0,0,26,0,0
2022,Sudeste,3,São Paulo,SP,35,São Bernardo do Campo,3548708,0,Metropolitana de São Paulo,15,São Paulo,61,3,4,BRASIL EDUCACAO S/A,3052,23241,Instituto Universitário São Judas de São Bernardo do Campo,,Avenida Pereira Barreto,1479,-,Centro/Baeta Neves,9751000.0,17,0,0,0,0,9,1,0,2,1,0,1,1,0,2,1,0,1,1,1,1,1,1,22000,34357,20,20,8,12,0,0,1,8,11,16,0,16,4,0,1,2,5,3,2,4,2,1,18,2,0,0,0,0,20,0,0
2022,Sudeste,3,São Paulo,SP,35,São Bernardo do Campo,3548708,0,Metropolitana de São Paulo,15,São Paulo,61,3,4,BRASIL EDUCACAO S/A,3052,23242,Escola Superior São Judas de São Bernardo do Campo,,Avenida Pereira Barreto,1479,-,Centro,9751000.0,17,0,0,0,0,9,1,0,2,1,0,1,1,0,2,1,0,1,1,1,1,1,1,22000,34357,34,34,12,22,0,0,2,11,21,26,0,26,8,0,0,2,6,8,4,8,4,2,26,2,4,2,0,0,34,0,0
2022,Sudeste,3,Minas Gerais,MG,31,Conselheiro Lafaiete,3118304,0,Metropolitana de Belo Horizonte,7,Conselheiro Lafaiete,34,3,4,FACEB EDUCACAO LTDA,1117,23244,Instituto Universitário UNA de Conselheiro Lafaiete,,Rua Melvin Jones,90,-,Campo Alegre,36400107.0,14,0,0,0,0,4,3,3,1,1,0,1,0,1,0,1,0,1,1,1,1,1,1,22000,34357,6,6,4,2,0,0,0,5,1,3,0,3,3,0,0,1,1,1,1,2,0,0,4,0,2,0,0,0,6,0,0
2022,Sudeste,3,Minas Gerais,MG,31,Conselheiro Lafaiete,3118304,0,Metropolitana de Belo Horizonte,7,Conselheiro Lafaiete,34,3,4,BRASIL EDUCACAO S/A,3052,23245,Escola Superior UNA de Conselheiro Lafaiete,,Avenida Professor Mário Rodrigues Pereira,157,-,Jardim América,36400000.0,14,0,0,0,0,4,3,3,1,1,0,1,0,1,0,1,0,1,1,1,1,1,1,22000,34357,16,16,8,8,0,0,2,8,6,8,0,8,6,2,0,5,2,5,1,3,0,0,9,0,7,0,0,0,16,0,0
2022,Sudeste,3,São Paulo,SP,35,São Bernardo do Campo,3548708,0,Metropolitana de São Paulo,15,São Paulo,61,3,4,IEDUC - INSTITUTO DE EDUCACAO E CULTURA S/A,14298,23261,Faculdade São Judas de São Bernardo do Campo,,Avenida Pereira Barreto,1479,-,Baeta Neves,9751000.0,17,0,0,0,0,9,1,0,2,1,0,1,1,0,2,1,0,1,1,1,1,1,1,22000,34357,50,50,16,34,0,0,2,30,18,21,0,21,9,20,0,4,5,9,7,11,8,6,46,1,1,2,0,0,50,0,0
2022,Sudeste,3,Minas Gerais,MG,31,Conselheiro Lafaiete,3118304,0,Metropolitana de Belo Horizonte,7,Conselheiro Lafaiete,34,3,4,IEDUC - INSTITUTO DE EDUCACAO E CULTURA S/A,14298,23264,Faculdade UNA de Conselheiro Lafaiete,,Rua Melvin Jones,90,-,Campo Alegre,36400107.0,14,0,0,0,0,4,3,3,1,1,0,1,0,1,0,1,0,1,1,1,1,1,1,22000,34357,20,20,11,9,0,0,4,9,7,12,0,12,6,2,0,3,4,5,2,5,1,0,13,1,6,0,0,0,20,0,0
2022,Sudeste,3,Minas Gerais,MG,31,Conselheiro Lafaiete,3118304,0,Metropolitana de Belo Horizonte,7,Conselheiro Lafaiete,34,3,4,FACEB EDUCACAO LTDA,1117,23275,Faculdade de Agronomia UNA de Conselheiro Lafaiete,,Rua Melvin Jones,90,-,Campo Alegre,36400107.0,14,0,0,0,0,4,3,3,1,1,0,1,0,1,0,1,0,1,1,1,1,1,1,22000,34357,16,16,9,7,0,0,4,7,5,2,0,2,9,5,0,1,6,4,1,3,1,0,13,0,3,0,0,0,16,0,0
2022,Sudeste,3,Minas Gerais,MG,31,Belo Horizonte,3106200,1,Metropolitana de Belo Horizonte,7,Belo Horizonte,30,3,5,INSTITUTO DE EDUCACAO SUPERIOR LATINOAMERICANO - IESLA,16764,23280,FACULDADE DE EDUCAÇÃO SUPERIOR IESLA,IESLA,Avenida Presidente Tancredo Neves,5145,- de 2001 ao fim - lado ímpar,Castelo,31330430.0,42,0,0,1,0,6,0,12,0,2,0,0,0,21,0,0,0,1,0,0,1,1,0,120,12000,3,3,0,3,0,0,0,3,0,0,0,0,0,3,0,0,0,0,1,1,1,0,2,0,1,0,0,0,3,0,0
2022,Sudeste,3,Espírito Santo,ES,32,Cachoeiro de Itapemirim,3201209,0,Sul Espírito-santense,4,Cachoeiro de Itapemirim,12,3,4,EMPRESA BRASILEIRA DE ENSINO PESQUISA E EXTENSAO S/A - MULTIVIX,832,23318,FACULDADE BRASILEIRA DE CACHOEIRO,,Rodovia Engenheiro Fabiano Vivácqua,2531,Faculdade Brasileira de Cachoeiro,Monte Belo,29314803.0,27,0,0,2,0,7,0,5,0,0,4,3,4,0,2,0,0,1,1,1,1,0,0,5000,23000,89,89,45,44,0,0,63,19,7,7,0,7,35,47,2,21,26,15,6,7,8,4,52,0,4,0,0,33,89,0,0
2022,Sudeste,3,Minas Gerais,MG,31,Teófilo Otoni,3168606,0,Vale do Mucuri,4,Teófilo Otoni,15,3,4,INSTITUTO EDUCACIONAL ALFAUNIPAC LTDA,2371,23331,ALFA - Faculdade de Teófilo Otoni,ALFA - TO,Rua Engenheiro Celso Murta,600,-,Doutor Laerte Laender,39803087.0,154,5,1,4,4,41,27,24,6,21,5,7,5,1,3,1,0,1,1,0,1,1,1,100,100,5,5,1,4,0,0,3,0,2,3,0,3,1,1,1,1,1,1,1,0,0,0,3,1,1,0,0,0,5,0,0
2022,Sudeste,3,São Paulo,SP,35,Embu das Artes,3515004,0,Metropolitana de São Paulo,15,Itapecerica da Serra,60,3,4,ADHARA EDUCACIONAL - CONSULTORIA EM EDUCACAO E PARTICIPACOES LTDA,15791,23335,Faculdade Embu das Artes,FAEM,Rua Dona Aurora Amaral Araújo,228,-,Água Morna,6803200.0,14,0,0,2,0,5,0,2,2,0,1,0,0,1,1,0,0,1,1,1,1,1,0,70,7800,42,42,15,27,0,0,9,23,10,7,0,7,32,3,2,4,7,12,5,2,6,4,18,4,2,0,0,18,42,0,1
2022,Sudeste,3,São Paulo,SP,35,Avaré,3504503,0,Bauru,4,Avaré,22,3,4,F.R.A- FACULDADES REUNIDAS DE AVARE LTDA,18420,23394,Faculdade de Engenharia e Administração Paulista,FEAP,Avenida Doutor Plínio Fagundes,624,-,Jardim Paineiras,18705770.0,8,0,0,0,0,2,0,1,0,0,3,1,1,0,0,1,0,1,1,1,1,1,1,150,8000,13,13,3,10,0,0,9,3,1,1,0,1,2,10,1,3,1,1,4,1,1,1,12,0,0,1,0,0,13,0,0
2022,Sudeste,3,São Paulo,SP,35,Araras,3503307,0,Piracicaba,6,Limeira,27,3,2,CENTRO ESTADUAL DE EDUCACAO TECNOLOGICA PAULA SOUZA,33,23438,Faculdade de Tecnologia de Araras,,Rua Jarbas Leme de Godoy,875,- de 812 a 1740 - lado par,Jardim José Ometto II,13606389.0,4,0,0,0,0,0,0,1,0,3,0,0,0,0,0,0,0,0,1,0,0,0,0,0,0,49,49,15,34,0,0,15,29,5,3,0,3,0,46,1,7,7,10,11,4,3,6,43,0,3,0,0,3,49,0,0
2022,Sudeste,3,Minas Gerais,MG,31,Ipatinga,3131307,0,Vale do Rio Doce,8,Ipatinga,39,3,4,INSTITUTO SOUZA LTDA,17170,23455,Faculdade Integrada Instituto Souza,FASOUZA,Avenida Santa Helena,1140,-,Novo Cruzeiro,35164332.0,10,0,0,0,0,2,1,5,0,2,0,0,0,0,0,0,0,0,0,1,1,0,1,0,15915,10,10,3,7,0,0,3,5,2,0,0,0,4,6,1,0,3,2,0,3,1,0,6,1,0,0,0,3,10,0,0
2022,Sudeste,3,São Paulo,SP,35,Adamantina,3500105,0,Presidente Prudente,8,Adamantina,35,3,2,CENTRO ESTADUAL DE EDUCACAO TECNOLOGICA PAULA SOUZA,33,23459,Faculdade de Tecnologia de Adamantina,,Rua Paraná,400,-,Jardim Brasil,17800000.0,4,0,0,0,0,1,0,1,2,0,0,0,0,0,0,0,0,0,0,0,0,0,0,0,0,31,31,18,13,0,0,8,17,6,0,0,0,0,31,1,3,4,9,5,6,2,1,24,1,4,1,0,1,31,0,0
2022,Sudeste,3,São Paulo,SP,35,Ferraz de Vasconcelos,3515707,0,Metropolitana de São Paulo,15,Mogi das Cruzes,62,3,2,CENTRO ESTADUAL DE EDUCACAO TECNOLOGICA PAULA SOUZA,33,23700,Faculdade de Tecnologia de Ferraz de Vasconcelos,,Rua Carlos de Carvalho,200,Fatec Ferraz de Vasconcelos,Jardim São João,8545120.0,5,0,0,0,0,1,0,2,0,2,0,0,0,0,0,0,0,0,1,1,1,1,1,0,0,52,51,14,37,0,0,14,27,10,2,0,2,13,36,0,4,2,9,5,12,11,8,34,4,8,2,0,3,51,0,0
2022,Sudeste,3,São Paulo,SP,35,Franco da Rocha,3516408,0,Metropolitana de São Paulo,15,Franco da Rocha,58,3,2,CENTRO ESTADUAL DE EDUCACAO TECNOLOGICA PAULA SOUZA,33,23705,FACULDADE DE TECNOLOGIA DE FRANCO DA ROCHA,,Rodovia Luiz Salomão Chama,41,km 41,Vila Ramos,7857050.0,5,0,0,0,0,0,0,2,1,1,0,0,0,0,1,0,0,0,0,0,0,0,0,0,0,36,35,11,24,0,0,7,18,10,0,0,0,0,35,0,2,3,4,6,9,7,4,21,0,7,0,0,7,35,0,1
2022,Sudeste,3,Rio de Janeiro,RJ,33,Barra Mansa,3300407,0,Sul Fluminense,5,Vale do Paraíba Fluminense,11,3,2,FUNDACAO DE APOIO A ESCOLA TECNICA DO EST.RIO DE JANEIRO,904,23713,Faculdade de Educação Tecnológica Barra Mansa,FAETERJ B.MANSA,Via Sérgio Braga,s/n,- de 1219 ao fim - lado ímpar,Barbara,27330051.0,24,0,0,1,0,11,5,3,4,0,0,0,0,0,0,0,0,0,0,0,1,0,0,0,14000,18,18,5,13,0,1,6,10,1,3,0,3,6,9,0,1,2,5,4,4,1,1,10,0,2,0,0,6,18,0,0
2022,Sudeste,3,Rio de Janeiro,RJ,33,Rio de Janeiro,3304557,1,Metropolitana do Rio de Janeiro,6,Rio de Janeiro,18,3,4,DESCOMPLICA TECNOLOGIA E EDUCACAO S.A.,17276,23820,FACULDADE DESCOMPLICA,,Avenida das Américas,3443,- até 2211 - lado ímpar,Barra da Tijuca,22631000.0,367,0,0,0,0,17,17,139,118,30,20,9,9,3,5,0,0,0,0,0,1,0,0,661,15557,34,34,7,27,0,0,2,19,13,19,17,2,1,14,0,0,2,5,7,4,11,5,28,0,3,0,0,3,34,0,0
2022,Sudeste,3,São Paulo,SP,35,Sumaré,3552403,0,Campinas,7,Campinas,32,3,2,CENTRO ESTADUAL DE EDUCACAO TECNOLOGICA PAULA SOUZA,33,23867,Faculdade de Tecnologia de Sumaré,Fatec de Sumaré,Rua Ipiranga,73,-,Centro,13170026.0,4,0,0,0,0,0,0,0,0,3,1,0,0,0,0,0,0,0,0,0,1,1,1,0,0,31,31,10,21,0,0,6,19,6,0,0,0,0,31,0,1,6,4,7,5,3,5,24,2,3,2,0,0,31,0,1
2022,Sudeste,3,São Paulo,SP,35,São Paulo,3550308,1,Metropolitana de São Paulo,15,São Paulo,61,3,4,BRAVIA EDUCACAO HOLDING S.A.,17290,23868,Link School of Business,LSB,Avenida Brigadeiro Luís Antônio,4980,- de 4100 ao fim - lado par,Jardim Paulista,1402002.0,55,0,0,0,0,10,11,16,10,1,5,1,1,0,0,0,0,1,1,1,1,1,0,650,2020,49,49,18,31,0,0,35,9,5,0,0,0,0,49,0,12,13,11,8,1,2,2,33,0,1,0,0,15,48,1,0
2022,Sudeste,3,São Paulo,SP,35,Itapetininga,3522307,0,Itapetininga,11,Itapetininga,42,3,4,ANHANGUERA EDUCACIONAL PARTICIPACOES S/A,16452,23893,Faculdade Anhanguera de Itapetininga,,Rua Doutor Coutinho,733,Bloco D,Centro,18200358.0,24,0,0,0,0,5,3,10,2,1,1,1,0,1,0,0,0,1,1,1,1,1,1,60395,238009,32,32,15,17,0,0,3,2,27,1,0,1,25,6,0,1,3,6,3,7,3,9,23,1,8,0,0,0,32,0,1
2022,Sudeste,3,Rio de Janeiro,RJ,33,São João de Meriti,3305109,0,Metropolitana do Rio de Janeiro,6,Rio de Janeiro,18,3,4,ANHANGUERA EDUCACIONAL PARTICIPACOES S/A,16452,23924,Faculdade Anhanguera de São João de Meriti,,Rua Maria Soares Sendas,111,Espaço comercial 550,Centro,25575825.0,19,0,0,0,0,7,2,5,2,0,1,0,1,1,0,0,0,1,1,1,1,1,1,60395,238009,31,31,14,17,0,0,1,1,29,1,0,1,27,3,1,0,3,6,2,6,2,11,21,3,7,0,0,0,31,0,1
2022,Sudeste,3,São Paulo,SP,35,Lorena,3527207,0,Vale do Paraíba Paulista,13,Guaratinguetá,51,3,4,SOCIEDADE EDUCACIONAL SANTO ANTONIO LTDA,16817,24024,Centro de Ensino Superior de Lorena,,Estrada Chiquito de Aquino,46,Loja Externa 4,Santa Lucrécia,12612550.0,19,0,0,2,0,5,2,3,2,2,0,1,0,2,0,0,0,1,1,1,1,1,0,8000,8000,26,26,12,14,0,0,2,16,8,5,0,5,17,4,1,7,10,4,4,0,0,0,20,2,3,0,0,1,26,0,0
2022,Sudeste,3,São Paulo,SP,35,Lorena,3527207,0,Vale do Paraíba Paulista,13,Guaratinguetá,51,3,4,SOCIEDADE EDUCACIONAL SANTO ANTONIO LTDA,16817,24025,Centro de Ensino Superior de Serra Dourada,,Estrada Chiquito de Aquino,46,Loja Externa 4,Santa Lucrécia,12612550.0,19,0,0,2,0,5,2,3,2,2,0,1,0,2,0,0,0,1,1,1,1,1,0,8000,8000,31,31,16,15,0,0,3,17,11,12,0,12,18,1,1,7,10,5,6,1,1,0,23,2,3,0,0,3,31,0,0
2022,Sudeste,3,São Paulo,SP,35,Lorena,3527207,0,Vale do Paraíba Paulista,13,Guaratinguetá,51,3,4,SOCIEDADE EDUCACIONAL SANTO ANTONIO LTDA,16817,24026,Instituto de Serra Dourada,,Estrada Chiquito de Aquino,46,Loja Externa 4,Santa Lucrécia,12612550.0,18,0,0,1,0,5,2,3,2,2,0,1,0,2,0,0,0,1,1,1,1,1,0,8000,8000,39,39,21,18,0,0,3,21,15,9,0,9,25,5,0,10,11,5,8,4,1,0,31,3,1,0,0,4,39,0,0
2022,Sudeste,3,São Paulo,SP,35,São Paulo,3550308,1,Metropolitana de São Paulo,15,São Paulo,61,3,5,ASSOCIACAO PAULISTA DE MEDICINA,17295,24046,Faculdade da Associação Médica Paulista,APM,Edifício Associação Paulista Medicina,278,"Av. Brigadeiro Luiz Antonio, 278 - 13º Andar",Bela Vista,1318901.0,6,0,0,0,0,0,0,3,0,1,0,0,1,0,1,0,0,1,1,1,1,1,1,23,3000,6,6,1,5,0,0,0,4,2,1,0,1,4,1,0,0,0,1,0,1,1,3,4,1,0,0,0,1,6,0,0
2022,Sudeste,3,São Paulo,SP,35,São José dos Campos,3549904,0,Vale do Paraíba Paulista,13,São José dos Campos,50,3,5,IGREJA BATISTA DA CIDADE DE SAO JOSE DOS CAMPOS,17282,24066,Faculdade Cristã da Cidade,FCC,Rodovia Presidente Dutra,s/nº km 148,"- do km 145,000 ao km 145,999 - lado esquerdo",Vila Tatetuba,12220611.0,7,0,0,0,0,0,0,1,0,1,1,1,1,2,0,0,0,0,0,1,1,1,0,0,30000,8,8,5,3,0,0,2,4,2,2,2,0,2,4,2,2,1,0,1,1,1,0,7,0,0,1,0,0,8,0,0
2022,Sudeste,3,São Paulo,SP,35,São Paulo,3550308,1,Metropolitana de São Paulo,15,São Paulo,61,3,4,EDUCAWORLD EDUCACIONAL EIRELI,17313,24168,Faculdade Unida de São Paulo,FAUSP,Avenida Mateo Bei,178,- até 942 - lado par,Cidade São Mateus,3949000.0,6,0,0,0,0,2,1,2,1,0,0,0,0,0,0,1,0,1,1,1,1,1,1,120,14234,7,7,3,4,0,0,1,3,3,2,0,2,4,1,0,0,1,0,2,1,2,1,3,0,1,0,0,3,7,0,0
2022,Sudeste,3,Minas Gerais,MG,31,Almenara,3101706,0,Jequitinhonha,3,Almenara,14,3,5,INSTITUTO ENSINAR BRASIL,218,24208,FACULDADE DOCTUM DE ALMENARA,DOCTUM,RUA SEVERINO COUTINHO,448,-,CENTRO,39900000.0,7,0,1,0,0,3,1,1,0,1,0,0,0,0,0,0,0,0,1,0,1,0,0,10,9000,10,10,2,8,0,0,2,4,4,0,0,0,10,0,2,1,2,4,1,0,0,0,5,1,4,0,0,0,10,0,0
2022,Sudeste,3,Minas Gerais,MG,31,Ipatinga,3131307,0,Vale do Rio Doce,8,Ipatinga,39,3,4,DAVI MOURAO NOVAIS FERRAZ,17288,24214,Faculdade dos Gênios,FAGENIUS,Avenida Brasil,480,- lado par,Iguaçu,35162036.0,9,0,0,0,0,3,3,1,1,1,0,0,0,0,0,0,0,1,0,1,1,1,1,50,15833,9,9,5,4,0,0,2,6,1,6,1,5,2,1,0,1,1,3,1,1,1,1,7,1,1,0,0,0,9,0,1
2022,Sudeste,3,São Paulo,SP,35,Mauá,3529401,0,Metropolitana de São Paulo,15,São Paulo,61,3,4,UNIAO EDUCACIONAL MAUA - ME,17030,24275,Faculdade Unificada do Estado de São Paulo,FAUESP - online,Rua Manoel Pedro Júnior,287,-,Vila Bocaina,9310720.0,8,0,0,0,0,2,1,2,1,2,0,0,0,0,0,1,0,1,1,1,1,1,1,38,23000,1,1,1,0,0,0,0,1,0,1,0,1,0,0,0,0,0,0,0,1,0,0,0,1,0,0,0,0,1,0,0
2022,Sudeste,3,São Paulo,SP,35,São Paulo,3550308,1,Metropolitana de São Paulo,15,São Paulo,61,3,4,EDUCAWORLD EDUCACIONAL EIRELI,17313,24300,Faculdade Unida de São Paulo - EAD,FAUSP - EAD,Rua Serra de Botucatu,968,-,Tatuapé,3317000.0,6,0,0,0,0,2,1,2,1,0,0,0,0,0,0,0,0,1,1,1,1,1,1,20,55,5,5,2,3,0,0,1,2,2,3,0,3,2,0,0,0,0,0,3,0,2,0,2,0,1,0,0,2,5,0,0
2022,Sudeste,3,Minas Gerais,MG,31,Passos,3147907,0,Sul/Sudoeste de Minas,10,Passos,47,3,4,CENTRO EDUCACIONAL HYARTE-ML LTDA,1675,24403,FACULDADE ATENAS SUL DE MINAS,,Rua Oscar Cândido Monteiro,1000,-,Jardim Colégio de Passos,37900380.0,123,3,40,6,17,8,16,16,3,6,1,5,1,1,0,1,0,1,0,1,1,1,0,8831,2401,4,4,3,1,0,0,0,2,2,1,0,1,3,0,0,1,2,0,0,0,1,0,1,0,1,0,0,2,4,0,0
2022,Sudeste,3,Minas Gerais,MG,31,Sete Lagoas,3167202,0,Metropolitana de Belo Horizonte,7,Sete Lagoas,27,3,4,CENTRO EDUCACIONAL HYARTE-ML LTDA,1675,24404,FACULDADE ATENAS CENTRO DE MINAS,,Avenida Prefeito Alberto Moura,6000,-,Nova Cidade,35702272.0,46,0,0,0,0,8,9,12,6,6,2,2,0,0,1,1,0,1,0,1,1,1,1,5002,2800,5,5,1,4,0,0,0,4,1,0,0,0,5,0,0,3,1,1,0,0,0,0,0,0,3,0,0,2,5,0,0
2022,Sudeste,3,São Paulo,SP,35,Indaiatuba,3520509,0,Campinas,7,Campinas,32,3,3,FIEC FUNDACAO INDAIATUBANA DE EDUCACAO E CULTURA,17401,24462,CENTRO DE EDUCAÇÃO TECNOLÓGICO DA FUNDAÇÃO INDAIATUBANA DE EDUCAÇÃO E CULTURA,FIEC,Avenida Engenheiro Fábio Roberto Barnabé,-,-,Jardim Regina,13349003.0,63,0,0,3,1,11,10,20,11,5,0,1,0,0,1,0,0,0,1,1,1,1,1,0,10000,11,11,3,8,0,0,6,3,2,1,0,1,0,10,0,1,3,1,1,3,1,1,11,0,0,0,0,0,11,0,0
2022,Sudeste,3,Rio de Janeiro,RJ,33,Rio de Janeiro,3304557,1,Metropolitana do Rio de Janeiro,6,Rio de Janeiro,18,3,5,FACULDADE VITORIA EM CRISTO - FVC,17356,24463,Faculdade Vitória em Cristo,FVC,Rua André Rocha,890,-,Taquara,22730522.0,12,0,0,0,0,2,3,3,0,0,1,0,2,0,1,0,0,1,1,1,1,0,1,28,2111,6,6,1,5,0,0,0,2,4,3,0,3,3,0,0,0,1,2,0,2,1,0,4,1,1,0,0,0,6,0,0
2022,Sudeste,3,São Paulo,SP,35,Campinas,3509502,0,Campinas,7,Campinas,32,3,5,CENTRO NACIONAL DE PESQUISA EM ENERGIA E MATERIAIS,17434,24525,ILUM ESCOLA DE CIÊNCIA,,Rua Lauro Vannucci,1020,-,Parque Rural Fazenda Santa Cândida,13087548.0,11,0,0,0,0,0,0,2,5,1,1,1,0,0,1,1,0,0,0,0,0,0,0,49000,0,13,13,3,10,0,0,0,0,13,10,10,0,3,0,0,3,5,0,0,0,1,4,13,0,0,0,0,0,12,1,0
2022,Sudeste,3,Minas Gerais,MG,31,Pouso Alegre,3152501,0,Sul/Sudoeste de Minas,10,Pouso Alegre,52,3,4,ESCOLA DE NEGOCIOS E DESENVOLVIMENTO DE EXCELENCIA ENDEX LTDA,16663,24526,Faculdade Endex,Endex,Rua Pedro Caldas Rebello,205,-,Santa Doroteia,37553623.0,54,2,0,0,3,0,5,0,10,0,19,0,12,0,3,0,0,1,0,1,1,1,1,25000,25000,5,5,3,2,0,0,1,3,1,1,0,1,0,4,1,0,2,0,2,0,0,0,5,0,0,0,0,0,5,0,0
2022,Sudeste,3,São Paulo,SP,35,Matão,3529302,0,Araraquara,5,Araraquara,24,3,2,CENTRO ESTADUAL DE EDUCACAO TECNOLOGICA PAULA SOUZA,33,24672,FACULDADE DE TECNOLOGIA DE MATÃO,,Avenida Habib Gabriel,1360,-,Residencial das Acácias,15990539.0,4,0,0,0,0,0,1,2,0,0,1,0,0,0,0,0,0,0,0,0,0,0,0,0,0,19,19,2,17,0,0,4,11,4,2,2,0,0,17,0,2,3,7,3,1,3,0,17,0,1,1,0,0,19,0,0
2022,Sudeste,3,Rio de Janeiro,RJ,33,Rio de Janeiro,3304557,1,Metropolitana do Rio de Janeiro,6,Rio de Janeiro,18,3,4,INSTITUTO UNIVERSITARIO DO RIO DE JANEIRO LTDA,17473,24700,Faculdade Instituto Rio de Janeiro,FIURJ,Edifício São Borja,277,402,Centro,20040904.0,13,0,0,1,0,2,1,3,3,1,2,0,0,0,0,0,0,1,1,1,1,1,0,60,2840,10,10,2,8,0,0,1,5,4,6,2,4,4,0,0,1,0,0,0,2,3,4,6,0,2,0,0,2,10,0,0
2022,Sudeste,3,São Paulo,SP,35,São Paulo,3550308,1,Metropolitana de São Paulo,15,São Paulo,61,3,5,INSTITUTO BRASILEIRO DE INCREMENTO E EXPANSAO DO SABER   IBIES,17273,24864,INSTITUTO DE EDUCAÇÃO SUPERIOR E INOVAÇÃO INVENIO,INVENIO,Rua José Vieira Martins,270,-,Jardim Itapura,4466025.0,1,1,0,0,0,0,0,0,0,0,0,0,0,0,0,0,0,0,0,0,0,0,0,0,0,14,14,3,11,0,1,6,4,3,2,0,2,5,7,1,2,3,0,1,3,1,3,4,0,0,0,0,10,14,0,0
2022,Sudeste,3,Minas Gerais,MG,31,Belo Horizonte,3106200,1,Metropolitana de Belo Horizonte,7,Belo Horizonte,30,3,2,POLICIA MILITAR DO ESTADO DE MINAS GERAIS,17963,25613,ACADEMIA DE POLÍCIA MILITAR DE MINAS GERAIS,APM,Rua Diabase,320,-,Prado,30411060.0,213,0,0,0,0,4,31,32,89,14,34,3,3,1,2,1,0,1,1,1,1,1,1,4,15742,170,170,20,150,0,1,147,18,4,54,0,54,116,0,0,18,41,50,35,18,6,2,91,21,52,5,0,1,170,0,0
2022,Sudeste,3,Rio de Janeiro,RJ,33,São Gonçalo,3304904,0,Metropolitana do Rio de Janeiro,6,Rio de Janeiro,18,3,4,SOCIEDADE EDUCACIONAL LEONARDO DA VINCI S/S LTDA,821,25788,Faculdade Leonardo da Vinci de São Gonçalo,,Avenida Presidente Kennedy,425,Loja Q05B,Centro,24445000.0,7,0,0,0,0,5,1,0,0,1,0,0,0,0,0,1,0,1,0,0,1,0,0,6103,2259,4,4,3,1,0,0,0,1,3,2,0,2,2,0,0,1,0,1,2,0,0,0,2,0,2,0,0,0,4,0,0
