NU_ANO_CENSO,NO_REGIAO_IES,CO_REGIAO_IES,NO_UF_IES,SG_UF_IES,CO_UF_IES,NO_MUNICIPIO_IES,CO_MUNICIPIO_IES,IN_CAPITAL_IES,NO_MESORREGIAO_IES,CO_MESORREGIAO_IES,NO_MICRORREGIAO_IES,CO_MICRORREGIAO_IES,TP_ORGANIZACAO_ACADEMICA,TP_REDE,TP_CATEGORIA_ADMINISTRATIVA,IN_COMUNITARIA,IN_CONFESSIONAL,NO_MANTENEDORA,CO_MANTENEDORA,CO_IES,NO_IES,SG_IES,DS_ENDERECO_IES,DS_NUMERO_ENDERECO_IES,DS_COMPLEMENTO_ENDERECO_IES,NO_BAIRRO_IES,NU_CEP_IES,QT_TEC_TOTAL,QT_TEC_FUNDAMENTAL_INCOMP_FEM,QT_TEC_FUNDAMENTAL_INCOMP_MASC,QT_TEC_FUNDAMENTAL_COMP_FEM,QT_TEC_FUNDAMENTAL_COMP_MASC,QT_TEC_MEDIO_FEM,QT_TEC_MEDIO_MASC,QT_TEC_SUPERIOR_FEM,QT_TEC_SUPERIOR_MASC,QT_TEC_ESPECIALIZACAO_FEM,QT_TEC_ESPECIALIZACAO_MASC,QT_TEC_MESTRADO_FEM,QT_TEC_MESTRADO_MASC,QT_TEC_DOUTORADO_FEM,QT_TEC_DOUTORADO_MASC,IN_ACESSO_PORTAL_CAPES,IN_ACESSO_OUTRAS_BASES,IN_ASSINA_OUTRA_BASE,IN_REPOSITORIO_INSTITUCIONAL,IN_BUSCA_INTEGRADA,IN_SERVICO_INTERNET,IN_PARTICIPA_REDE_SOCIAL,IN_CATALOGO_ONLINE,QT_PERIODICO_ELETRONICO,QT_LIVRO_ELETRONICO,QT_DOC_TOTAL,QT_DOC_EXE,QT_DOC_EX_FEMI,QT_DOC_EX_MASC,QT_DOC_EX_SEM_GRAD,QT_DOC_EX_GRAD,QT_DOC_EX_ESP,QT_DOC_EX_MEST,QT_DOC_EX_DOUT,QT_DOC_EX_INT,QT_DOC_EX_INT_DE,QT_DOC_EX_INT_SEM_DE,QT_DOC_EX_PARC,QT_DOC_EX_HOR,QT_DOC_EX_0_29,QT_DOC_EX_30_34,QT_DOC_EX_35_39,QT_DOC_EX_40_44,QT_DOC_EX_45_49,QT_DOC_EX_50_54,QT_DOC_EX_55_59,QT_DOC_EX_60_MAIS,QT_DOC_EX_BRANCA,QT_DOC_EX_PRETA,QT_DOC_EX_PARDA,QT_DOC_EX_AMARELA,QT_DOC_EX_INDIGENA,QT_DOC_EX_COR_ND,QT_DOC_EX_BRA,QT_DOC_EX_EST,QT_DOC_EX_COM_DEFICIENCIA
2024,Sudeste,3,Minas Gerais,MG,31,Ouro Preto,3146107,0,Metropolitana de Belo Horizonte,7,Ouro Preto,33,1,1,1,0,0,UNIVERSIDADE FEDERAL DE OURO PRETO,6,6,UNIVERSIDADE FEDERAL DE OURO PRETO,UFOP,Rua Diogo de Vasconcelos,122,-,Centro,35400000.0,729,4,24,2,26,18,55,37,66,91,119,113,99,47,28,1,0,1,1,0,1,1,1,60,28969,885,885,359,526,0,0,14,76,795,873,818,55,12,0,0,36,131,212,190,101,107,108,435,25,176,5,3,241,884,1,0
2024,Sudeste,3,São Paulo,SP,35,São Carlos,3548906,0,Araraquara,5,São Carlos,25,1,1,1,0,0,FUNDACAO UNIVERSIDADE FEDERAL DE SAO CARLOS,1302,7,UNIVERSIDADE FEDERAL DE SÃO CARLOS,UFSCAR,Via Washington  Luis,Km 235,S/Nº,Monjolinho,13565905.0,957,10,19,7,9,6,36,53,72,180,165,143,106,84,67,1,0,1,1,0,1,1,1,49000,461889,1356,1356,605,751,0,0,3,56,1297,1269,1247,22,87,0,0,27,117,271,264,210,182,285,825,14,76,32,0,409,1328,28,9
2024,Sudeste,3,Minas Gerais,MG,31,Viçosa,3171303,0,Zona da Mata,12,Viçosa,62,1,1,1,0,0,UNIVERSIDADE FEDERAL DE VICOSA,15588,8,UNIVERSIDADE FEDERAL DE VIÇOSA,UFV,Av. P.H. Rolfs,s/n,Campus Universitário,Campus Universitário,36570000.0,1899,4,57,0,13,12,205,89,141,271,516,246,196,86,63,1,0,1,1,0,1,1,1,0,89170,1307,1307,533,774,0,8,20,101,1178,1264,1201,63,43,0,23,97,199,281,231,142,139,195,991,23,260,14,3,16,1281,26,0
2024,Sudeste,3,Rio de Janeiro,RJ,33,Petrópolis,3303906,0,Metropolitana do Rio de Janeiro,6,Serrana,15,1,2,5,1,1,ASSOCIACAO FACULDADES CATOLICAS PETROPOLITANAS,15046,15,UNIVERSIDADE CATÓLICA DE PETRÓPOLIS,UCP,Rua Benjamin Constant,213,Unidade SEDE,Centro,25610130.0,225,4,23,3,20,47,59,31,23,5,3,3,3,1,0,1,0,1,0,1,1,1,1,0,35328,151,151,59,92,0,0,2,75,74,50,0,50,48,53,1,5,17,19,30,23,21,35,140,3,8,0,0,0,150,1,4
2024,Sudeste,3,Minas Gerais,MG,31,Uberlândia,3170206,0,Triângulo Mineiro/Alto Paranaíba,5,Uberlândia,18,1,1,1,0,0,UNIVERSIDADE FEDERAL DE UBERLANDIA,9140,17,UNIVERSIDADE FEDERAL DE UBERLÂNDIA,UFU,Avenida João Naves de Ávila,2121,-,Santa Mônica,38400902.0,1995,2,27,6,19,220,156,129,112,383,310,251,182,121,77,1,0,1,1,1,1,1,1,445,522676,1929,1929,850,1079,0,13,20,125,1771,1902,1690,212,27,0,22,101,270,388,385,297,220,246,1482,49,294,43,1,60,1900,29,15
2024,Sudeste,3,São Paulo,SP,35,Campinas,3509502,0,Campinas,7,Campinas,32,1,2,5,1,1,SOCIEDADE CAMPINEIRA DE EDUCACAO E INSTRUCAO,19,19,PONTIFÍCIA UNIVERSIDADE CATÓLICA DE CAMPINAS,PUC-CAMPINAS,Rua Professor Doutor Euryclides de Jesus Zerbini,1516,Gleba 1 - QT. 06422 (PUC - Dom Pedro),Parque Rural Fazenda Santa Cândida,13087571.0,609,3,6,2,3,139,113,177,88,44,20,1,9,3,1,1,0,1,1,1,1,1,1,1888,26769,777,777,367,410,0,0,107,234,436,265,0,265,218,294,5,41,67,116,123,113,107,205,752,6,9,7,1,2,767,10,4
2024,Sudeste,3,São Paulo,SP,35,São Paulo,3550308,1,Metropolitana de São Paulo,15,São Paulo,61,1,2,5,1,1,INSTITUTO PRESBITERIANO MACKENZIE,22,22,UNIVERSIDADE PRESBITERIANA MACKENZIE,MACKENZIE,Rua da Consolação,896,Campus São Paulo,Consolação,1302907.0,663,3,1,4,1,128,137,160,85,71,23,19,22,2,7,1,0,1,1,0,1,1,1,74584,32837,1188,1188,450,738,0,0,8,285,895,493,0,493,548,147,5,45,109,130,221,178,189,311,985,18,110,36,1,38,1154,34,31
2024,Sudeste,3,Rio de Janeiro,RJ,33,Rio de Janeiro,3304557,1,Metropolitana do Rio de Janeiro,6,Rio de Janeiro,18,3,1,1,0,0,FUNDACAO INSTIT BRAS DE GEOGRAFIA E ESTATISTICA IBGE,26,26,ESCOLA NACIONAL DE CIÊNCIAS ESTATÍSTICAS,ENCE,Rua André Cavalcanti,106,-,Santa Teresa,20231050.0,36,0,0,0,0,2,5,1,3,10,7,3,2,0,3,1,0,1,1,1,1,1,1,50,3,37,37,18,19,0,0,0,8,29,32,0,32,4,1,0,0,3,8,8,11,3,4,26,1,4,1,1,4,37,0,0
2024,Sudeste,3,Minas Gerais,MG,31,Três Corações,3169307,0,Sul/Sudoeste de Minas,10,Varginha,50,2,2,5,0,0,FUNDACAO COMUNITARIA TRICORDIANA DE EDUCACAO EM RECUPERACAO JUDICIAL,27,27,Centro Universitário UninCor,UninCor,Avenida Castelo Branco,82,-,Chacara das Rosas,37417150.0,113,2,8,1,1,21,19,20,10,12,6,3,7,1,2,1,0,0,1,1,1,0,0,71051,28787,132,132,53,79,0,0,36,64,32,33,0,33,8,91,8,16,16,26,21,17,17,11,86,3,41,1,0,1,132,0,0
2024,Sudeste,3,Minas Gerais,MG,31,Alfenas,3101607,0,Sul/Sudoeste de Minas,10,Alfenas,49,1,2,5,0,0,FUNDACAO DE ENSINO E TECNOLOGIA DE ALFENAS,30,30,UNIVERSIDADE PROFESSOR EDSON ANTÔNIO VELANO,UNIFENAS,Rod Rodovia MG-179,s/n,Campus Universitário,Loteamento Trevo,37132440.0,674,26,61,44,40,125,140,71,55,37,30,11,15,10,9,1,0,1,1,1,1,0,1,0,13368,442,442,247,195,0,0,108,181,153,192,0,192,186,64,9,57,70,68,84,60,54,40,97,1,23,0,0,321,442,0,2
2024,Sudeste,3,São Paulo,SP,35,Sorocaba,3552205,0,Macro Metropolitana Paulista,12,Sorocaba,46,3,1,2,0,0,CENTRO ESTADUAL DE EDUCACAO TECNOLOGICA PAULA SOUZA,33,33,FACULDADE DE TECNOLOGIA DE SOROCABA,FATEC SO,AVENIDA ENGENHEIRO CARLOS REINALDO MENDES,2.015,-,ALTO DA BOA VISTA,18013280.0,51,0,0,0,0,4,5,14,9,6,8,4,0,1,0,0,0,0,1,0,0,0,0,0,0,178,178,46,132,0,0,39,80,59,22,11,11,78,78,1,9,10,18,17,26,29,68,133,3,11,3,0,28,178,0,1
2024,Sudeste,3,São Paulo,SP,35,São Paulo,3550308,1,Metropolitana de São Paulo,15,São Paulo,61,3,1,2,0,0,CENTRO ESTADUAL DE EDUCACAO TECNOLOGICA PAULA SOUZA,33,34,FACULDADE DE TECNOLOGIA DE SÃO PAULO,FATEC-SP,Praça Coronel Fernando Prestes,30,-,BOM RETIRO,1124060.0,64,0,1,1,1,16,8,25,7,4,1,0,0,0,0,0,0,0,1,1,1,0,1,99,0,427,427,180,247,0,2,85,184,156,43,13,30,266,118,0,1,15,37,47,61,66,200,357,5,24,30,0,11,425,2,3
2024,Sudeste,3,São Paulo,SP,35,Americana,3501608,0,Campinas,7,Campinas,32,3,1,2,0,0,CENTRO ESTADUAL DE EDUCACAO TECNOLOGICA PAULA SOUZA,33,35,"FACULDADE DE TECNOLOGIA DE AMERICANA ""MINISTRO RALPH BIASI""",FATEC-AM,Rua Emílio de Menezes,s/n,-,Vila Amorim,13469111.0,21,0,0,0,0,1,4,8,3,3,1,0,1,0,0,1,0,0,1,1,1,0,1,1,0,143,143,41,102,0,0,39,68,36,13,5,8,65,65,1,3,14,17,25,26,17,40,133,0,5,0,1,4,143,0,0
2024,Sudeste,3,São Paulo,SP,35,Santos,3548500,0,Metropolitana de São Paulo,15,Santos,63,3,1,2,0,0,CENTRO ESTADUAL DE EDUCACAO TECNOLOGICA PAULA SOUZA,33,36,FACULDADE DE TECNOLOGIA RUBENS LARA,FATEC-BS,Avenida Senador Feijó,340/350,FATEC BAIXADA SANTISTA - RUBENS LARA,Centro,11015502.0,22,0,0,0,2,1,1,6,6,2,4,0,0,0,0,0,0,0,1,0,1,1,1,21,0,109,109,34,75,0,0,21,58,30,10,0,10,0,99,0,2,9,9,17,14,20,38,85,5,16,1,0,2,108,1,1
2024,Sudeste,3,São Paulo,SP,35,Jaú,3525300,0,Bauru,4,Jaú,21,3,1,2,0,0,CENTRO ESTADUAL DE EDUCACAO TECNOLOGICA PAULA SOUZA,33,37,FACULDADE DE TECNOLOGIA DE JAHU,FATEC-JAHU,Rua Frei Galvão,S/N,-,JARDIM PEDRO OMETTO,17212599.0,31,0,0,0,0,3,3,8,3,4,9,1,0,0,0,0,0,0,0,1,1,0,0,0,0,98,98,32,66,0,0,23,38,37,22,22,0,12,64,0,4,11,12,19,11,17,24,87,1,1,1,0,8,98,0,0
2024,Sudeste,3,São Paulo,SP,35,Campinas,3509502,0,Campinas,7,Campinas,32,1,1,2,0,0,UNIVERSIDADE ESTADUAL DE CAMPINAS,12575,54,UNIVERSIDADE ESTADUAL DE CAMPINAS,UNICAMP,Cidade Universitária,S/N,-,BARÃO GERALDO,13083970.0,3773,8,30,14,61,287,546,773,850,442,351,134,113,96,68,1,0,1,1,1,1,1,1,2726,665407,1867,1867,718,1149,2,6,3,20,1836,1706,1698,8,161,0,1,49,161,289,304,256,236,571,1626,31,90,40,3,77,1765,102,12
2024,Sudeste,3,São Paulo,SP,35,São Paulo,3550308,1,Metropolitana de São Paulo,15,São Paulo,61,1,1,2,0,0,UNIVERSIDADE DE SAO PAULO,15715,55,UNIVERSIDADE DE SÃO PAULO,USP,Rua da Reitoria,374,-,Butantã,5508220.0,8988,48,152,82,140,1446,1719,1444,1197,883,549,375,282,408,263,1,0,1,1,1,1,1,1,15878,475256,5751,5751,2205,3546,0,0,0,45,5706,5467,4959,508,284,0,19,157,389,586,757,879,895,2069,5199,222,16,145,4,165,5483,268,0
2024,Sudeste,3,São Paulo,SP,35,São Paulo,3550308,1,Metropolitana de São Paulo,15,São Paulo,61,1,1,2,0,0,UNIVERSIDADE ESTADUAL PAULISTA JULIO DE MESQUITA FILHO,17109,56,UNIVERSIDADE ESTADUAL PAULISTA JÚLIO DE MESQUITA FILHO,UNESP,Rua Quirino de Andrade,215,-,Centro,1049010.0,3391,1,1,3,5,99,217,501,469,865,652,175,146,149,108,1,0,1,1,1,1,1,1,36,308537,3145,3145,1314,1831,0,2,0,20,3123,2972,2971,1,173,0,3,138,241,478,446,465,525,849,1616,34,86,38,2,1369,3059,86,2
2024,Sudeste,3,São Paulo,SP,35,São Bernardo do Campo,3548708,0,Metropolitana de São Paulo,15,São Paulo,61,3,1,7,0,0,FACULDADE DE DIREITO DE SAO BERNARDO DO CAMPO,17532,58,FACULDADE DE DIREITO DE SÃO BERNARDO DO CAMPO,FDSBC,Rua Java,425,-,JARDIM DO MAR,9750650.0,89,0,1,0,0,2,7,32,14,18,8,1,2,2,2,0,0,1,0,0,1,1,1,10,15000,50,50,16,34,0,0,1,10,39,5,0,5,24,21,0,0,3,5,13,7,12,10,41,1,1,3,0,4,50,0,0
2024,Sudeste,3,São Paulo,SP,35,Franca,3516200,0,Ribeirão Preto,2,Franca,12,3,1,3,0,0,FACULDADE DE DIREITO DE FRANCA,49,59,FACULDADE DE DIREITO DE FRANCA,FDF,Avenida Major Nicácio,2377,-,SÃO JOSÉ,14401135.0,28,0,0,0,0,5,3,4,13,0,0,0,1,2,0,1,0,1,0,1,1,1,0,1270,3615,38,38,12,26,0,0,0,16,22,15,0,15,10,13,0,1,5,0,5,5,4,18,36,1,0,1,0,0,38,0,0
2024,Sudeste,3,São Paulo,SP,35,Franca,3516200,0,Ribeirão Preto,2,Franca,12,2,1,7,0,0,CENTRO UNIVERSITARIO MUNICIPAL DE FRANCA,2234,60,CENTRO UNIVERSITÁRIO MUNICIPAL DE FRANCA,UNI-FACEF,Avenida Major Nicácio,2433,-,SÃO JOSÉ,14401135.0,47,0,0,0,1,2,1,16,7,8,4,4,3,1,0,1,0,1,1,1,1,0,1,13,28455,191,191,103,88,0,0,43,85,63,52,11,41,64,75,1,11,32,24,33,28,17,45,183,1,2,0,0,5,190,1,0
2024,Sudeste,3,São Paulo,SP,35,Piracicaba,3538709,0,Piracicaba,6,Piracicaba,28,3,1,3,0,0,FUNDACAO MUNICIPAL DE ENSINO DE PIRACICABA,52,67,ESCOLA DE ENGENHARIA DE PIRACICABA,EEP/FUMEP,Avenida Monsenhor Martinho Salgot,560,-,Areião,13414040.0,49,0,0,1,0,0,2,12,14,11,8,1,0,0,0,0,0,1,0,1,1,1,1,23,19496,79,79,15,64,0,0,5,37,37,10,0,10,15,54,1,2,3,9,11,9,15,29,45,1,1,0,0,32,79,0,0
2024,Sudeste,3,São Paulo,SP,35,Penápolis,3537305,0,Araçatuba,3,Birigui,18,3,2,5,0,0,FUNDACAO EDUCACIONAL DE PENAPOLIS,53,68,FACULDADE DE FILOSOFIA CIÊNCIAS E LETRAS DE PENÁPOLIS,FAFIPE,AV SÃO JOSÉ,400,-,VILA MARTINS,16300000.0,75,0,1,3,0,13,14,26,6,6,3,1,1,0,1,1,0,1,1,0,1,1,1,438,14717,113,113,49,64,0,0,27,31,55,30,0,30,54,29,2,9,28,34,15,10,8,7,107,0,5,1,0,0,113,0,0
2024,Sudeste,3,São Paulo,SP,35,São José do Rio Pardo,3549706,0,Campinas,7,São João da Boa Vista,30,3,1,3,0,0,FACULDADE DE FILOS CIENC E LETRAS DE S J DO RIO PARDO,17227,74,FACULDADE DE FILOSOFIA CIÊNCIAS E LETRAS DE SÃO JOSÉ DO RIO PARDO,FFCL,Rua Jorge Tibiriça,451,-,CENTRO,13720000.0,15,0,0,0,0,3,2,2,3,1,2,2,0,0,0,0,0,0,0,0,1,1,0,0,0,31,31,11,20,0,0,15,8,8,0,0,0,0,31,2,6,3,4,3,5,5,3,26,1,3,0,0,1,31,0,0
2024,Sudeste,3,Rio de Janeiro,RJ,33,Cabo Frio,3300704,0,Baixadas,4,Lagos,10,3,2,5,0,0,FUNDACAO EDUCACIONAL DA REGIAO DOS LAGOS,61,77,FACULDADE DA REGIÃO DOS LAGOS,FERLAGOS,Avenida Professora Júlia Kubitschek,80,-,JARDIM FLAMBOYANT,28905000.0,3,0,0,0,1,1,0,1,0,0,0,0,0,0,0,1,0,1,1,1,1,1,0,17832,12102,5,5,3,2,0,0,0,2,3,2,0,2,3,0,0,0,2,1,1,1,0,0,2,0,3,0,0,0,5,0,0
2024,Sudeste,3,Espírito Santo,ES,32,Alegre,3200201,0,Sul Espírito-santense,4,Alegre,11,3,1,3,0,0,PREFEITURA MUNICIPAL DE ALEGRE,62,78,FACULDADE DE FILOSOFIA CIÊNCIAS E LETRAS DE ALEGRE,FAFIA,Rua Belo Amorim,100,-,Centro,29500000.0,15,0,0,0,1,5,1,1,2,3,2,0,0,0,0,0,0,0,0,0,1,1,0,0,0,18,18,11,7,0,0,9,7,2,6,0,6,11,1,1,0,4,2,2,2,3,4,10,0,4,4,0,0,18,0,0
2024,Sudeste,3,São Paulo,SP,35,Catanduva,3511102,0,São José do Rio Preto,1,Catanduva,5,3,1,3,0,0,INSTITUTO MUNICIPAL DE ENSINO SUPERIOR DE CATANDUVA,63,79,INSTITUTO MUNICIPAL DE ENSINO SUPERIOR DE CATANDUVA,IMES CATANDUVA,Av. Daniel Dalto S/N,S/N,Rodovia Washington Luis SP 310 - KM 382,Rural,15800970.0,30,0,0,0,3,7,3,4,8,1,2,0,2,0,0,1,0,0,0,1,1,1,1,373,9500,71,71,34,37,0,0,28,23,20,6,0,6,22,43,3,11,18,9,6,9,10,5,62,2,4,2,0,1,71,0,0
2024,Sudeste,3,São Paulo,SP,35,Jundiaí,3525904,0,Macro Metropolitana Paulista,12,Jundiaí,47,3,1,3,0,0,MUNICIPIO DE JUNDIAI,74,93,FACULDADE DE MEDICINA DE JUNDIAÍ,FMJ,Rua Francisco Telles,250,-,VILA ARENS,13202550.0,65,0,0,0,0,21,16,14,12,2,0,0,0,0,0,1,0,1,0,1,1,1,1,23415,4233,155,155,65,90,0,0,7,49,99,1,0,1,154,0,0,5,8,33,22,24,21,42,152,0,0,3,0,0,155,0,1
2024,Sudeste,3,São Paulo,SP,35,Jundiaí,3525904,0,Macro Metropolitana Paulista,12,Jundiaí,47,3,1,3,0,0,MUNICIPIO DE JUNDIAI,74,94,ESCOLA SUPERIOR DE EDUCAÇÃO FÍSICA DE JUNDIAÍ,ESEFJ,Rua Rodrigo Soares de Oliveira,S/N,-,ANHANGABAU,13208120.0,23,0,0,1,0,6,1,3,10,1,0,0,0,1,0,0,0,0,1,1,1,0,1,0,0,15,15,2,13,0,0,0,6,9,0,0,0,0,15,0,2,1,2,1,2,3,4,14,0,1,0,0,0,15,0,0
2024,Sudeste,3,Minas Gerais,MG,31,Conselheiro Lafaiete,3118304,0,Metropolitana de Belo Horizonte,7,Conselheiro Lafaiete,34,3,2,5,0,0,FUNDACAO MUNICIPAL DE ENSINO SUPERIOR DE CONS LAFAIETE,77,99,FACULDADE DE DIREITO DE CONSELHEIRO LAFAIETE,FDCL,Rua Rua Lopes Franco - 473/474 ao fim,1001,-,Carijós,36406119.0,20,0,0,4,1,5,0,6,4,0,0,0,0,0,0,0,0,0,1,0,1,1,1,44,0,42,42,15,27,0,0,9,20,13,1,1,0,7,34,1,5,8,5,5,5,4,9,21,1,8,0,0,12,41,1,0
2024,Sudeste,3,Minas Gerais,MG,31,São João del Rei,3162500,0,Campo das Vertentes,11,São João Del Rei,58,1,1,1,0,0,UNIVERSIDADE FEDERAL DE SAO JOAO DEL-REI,81,107,UNIVERSIDADE FEDERAL DE SÃO JOÃO DEL REI,UFSJ,Praça Frei Orlando,170,-,Centro,36307352.0,511,0,0,0,6,5,14,15,31,122,113,91,78,19,17,1,0,1,1,1,1,1,1,38919,21845,973,973,418,555,0,2,45,125,801,958,821,137,15,0,7,43,126,210,214,156,106,111,91,3,23,1,1,854,972,1,2
2024,Sudeste,3,São Paulo,SP,35,Andradina,3502101,0,Araçatuba,3,Andradina,16,3,2,5,0,0,CEISP SERVICOS EDUCACIONAIS LTDA,16878,109,FACULDADES INTEGRADAS RUI BARBOSA,FIRB,Rua Rodrigues Alves,756,-,Centro,16900900.0,11,0,0,3,0,1,3,1,1,1,1,0,0,0,0,0,0,1,1,1,1,1,1,22203,14701,40,40,19,21,0,0,19,15,6,8,0,8,32,0,3,8,8,7,6,3,3,2,35,0,3,0,0,2,40,0,0
2024,Sudeste,3,São Paulo,SP,35,Araraquara,3503208,0,Araraquara,5,Araraquara,24,1,2,5,0,0,ASSOCIACAO SAO BENTO DE ENSINO,88,124,UNIVERSIDADE DE ARARAQUARA,UNIARA,Rua Voluntários da Pátria,1309,-,Centro,14801320.0,320,1,3,1,10,105,54,65,36,17,15,4,6,0,3,1,0,1,0,1,1,1,1,31,9962,438,438,214,224,0,0,92,151,195,173,0,173,71,194,12,20,66,80,59,62,56,83,409,2,6,3,0,18,437,1,0
2024,Sudeste,3,São Paulo,SP,35,Araras,3503307,0,Piracicaba,6,Limeira,27,2,2,5,0,0,ASSOCIACAO EDUCACIONAL DE ARARAS,89,125,CENTRO UNIVERSITÁRIO DE ARARAS -,UNAR,Avenida Ernani Lacerda de Oliveira,100,-,Parque Santa Cândida,13603112.0,40,0,0,0,2,6,4,10,3,7,2,0,2,1,3,0,0,1,0,0,1,1,1,93,3000,53,53,14,39,0,0,12,27,14,10,0,10,20,23,1,4,10,9,9,12,4,4,47,1,2,0,0,3,52,1,0
2024,Sudeste,3,Minas Gerais,MG,31,Santa Rita do Sapucaí,3159605,0,Sul/Sudoeste de Minas,10,Santa Rita do Sapucaí,53,3,2,5,0,0,FUNDACAO INSTITUTO NACIONAL DE TELECOMUNICACOES,90,126,INSTITUTO NACIONAL DE TELECOMUNICAÇÕES,INATEL,Avenida João de Camargo,510,-,Centro,37540000.0,823,15,22,8,5,58,117,154,287,40,64,7,37,3,6,1,0,0,1,0,1,1,1,347,642,69,69,11,58,0,0,6,34,29,40,0,40,12,17,5,10,6,10,14,8,14,2,58,0,2,2,0,7,68,1,0
2024,Sudeste,3,São Paulo,SP,35,Batatais,3505906,0,Ribeirão Preto,2,Batatais,15,2,2,5,1,0,ACAO EDUCACIONAL CLARETIANA,780,135,Claretiano - Centro Universitário,CLARETIANOBT,Rua Dom Bosco,466,-,Castelo,14300172.0,422,8,10,17,8,60,33,107,42,90,24,7,10,4,2,0,0,1,1,1,1,0,1,2925,31252,181,181,94,87,0,0,46,63,72,47,0,47,100,34,5,13,26,37,34,25,21,20,153,6,21,0,0,1,181,0,1
2024,Sudeste,3,São Paulo,SP,35,Bauru,3506003,0,Bauru,4,Bauru,20,2,2,5,0,1,INSTITUTO DAS APOSTOLAS DO SAGRADO CORACAO DE JESUS,97,137,CENTRO UNIVERSITÁRIO SAGRADO CORAÇÃO,UNISAGRADO,Rua Irmã Arminda,10-50,-,Jardim Brasil,17011160.0,155,5,5,12,5,42,25,19,14,13,7,1,1,5,1,1,0,0,1,1,1,1,0,22,19336,197,197,116,81,0,0,9,81,107,36,0,36,112,49,7,25,41,40,32,26,16,10,150,2,5,2,0,38,197,0,3
2024,Sudeste,3,São Paulo,SP,35,Ribeirão Preto,3543402,0,Ribeirão Preto,2,Ribeirão Preto,14,2,2,5,0,0,ORGANIZACAO EDUCACIONAL BARAO DE MAUA,98,138,CENTRO UNIVERSITÁRIO BARÃO DE MAUÁ,CBM,Rua Ramos de Azevedo,423,-,Jardim Paulista,14090180.0,347,0,0,13,11,112,68,53,30,28,6,9,4,8,5,0,0,1,1,1,1,0,1,20235,14718,334,334,191,143,0,0,48,124,162,75,0,75,173,86,2,28,50,68,68,45,39,34,309,0,16,7,2,0,333,1,0
2024,Sudeste,3,Rio de Janeiro,RJ,33,Vassouras,3306206,0,Metropolitana do Rio de Janeiro,6,Vassouras,14,1,2,5,0,0,FUNDACAO EDUCACIONAL SEVERINO SOMBRA,100,140,UNIVERSIDADE DE VASSOURAS,UNIVASSOURAS,AVENIDA EXPEDICIONÁRIO OSWALDO DE ALMEIDA RAMOS,280,BLOCO 7,CENTRO,27700000.0,808,17,19,23,23,113,3,94,45,252,158,25,18,8,10,1,0,0,0,1,1,1,1,4,167,513,513,245,268,0,0,43,284,186,227,0,227,274,12,29,63,94,76,86,54,52,59,337,26,78,4,0,68,511,2,0
2024,Sudeste,3,Minas Gerais,MG,31,Varginha,3170701,0,Sul/Sudoeste de Minas,10,Varginha,50,3,2,5,0,0,FUNDACAO EDUCACIONAL DE VARGINHA,101,141,FACULDADE DE DIREITO DE VARGINHA - FADIVA,FADIVA,Rua José Gonçalves Pereira,112,-,VILA PINTO,37010500.0,51,1,1,1,0,2,4,3,1,8,9,9,9,1,2,1,0,1,1,1,1,1,1,56,1193,35,35,14,21,0,0,12,21,2,7,0,7,14,14,1,3,0,4,6,0,8,13,32,0,1,0,0,2,35,0,0
2024,Sudeste,3,Minas Gerais,MG,31,Uberlândia,3170206,0,Triângulo Mineiro/Alto Paranaíba,5,Uberlândia,18,2,2,5,0,0,ASSOCIACAO SALGADO DE OLIVEIRA DE EDUCACAO E CULTURA,435,142,CENTRO UNIVERSITÁRIO DO TRIÂNGULO,UNITRI,Av.  Nicomedes Alves dos Santos,4545,-,Gávea,38411106.0,279,7,9,17,11,44,34,51,43,36,9,12,4,1,1,1,0,1,1,1,1,1,1,38553,18086,143,143,69,74,0,0,21,72,50,31,0,31,78,34,2,15,29,23,25,25,10,14,107,5,22,3,0,6,143,0,0
2024,Sudeste,3,Minas Gerais,MG,31,Uberaba,3170107,0,Triângulo Mineiro/Alto Paranaíba,5,Uberaba,22,1,2,5,0,0,SOCIEDADE EDUCACIONAL UBERABENSE,103,143,UNIVERSIDADE DE UBERABA,UNIUBE,"Av. Nene Sabino, 1801, Santa Marta.",1.801,Campus Universitário II,Universitário,38055550.0,775,4,4,7,10,219,99,217,81,72,37,15,6,3,1,1,0,1,1,1,1,0,1,23,21025,529,529,260,269,0,0,139,228,162,128,0,128,153,248,13,51,70,78,91,74,66,86,470,10,49,0,0,0,525,4,2
2024,Sudeste,3,São Paulo,SP,35,São José do Rio Preto,3549805,0,São José do Rio Preto,1,São José do Rio Preto,4,2,2,4,0,0,SOCIEDADE DE EDUCACAO E CULTURA DE SAO JOSE DO RIO PRETO LTDA.,2013,146,CENTRO UNIVERSITÁRIO DE RIO PRETO,UNIRP,Rua Yvette Gabriel Atique,45,Unidade SEDE,Boa Vista,15025400.0,288,10,3,22,6,38,32,69,38,20,15,13,6,10,6,1,0,0,1,1,1,1,1,2933,4736,264,264,136,128,0,0,84,102,78,66,0,66,41,157,12,19,32,49,42,39,34,37,245,2,14,2,1,0,264,0,0
2024,Sudeste,3,São Paulo,SP,35,São José do Rio Preto,3549805,0,São José do Rio Preto,1,São José do Rio Preto,4,3,1,2,0,0,ESTADO DE SAO PAULO,46,149,FACULDADE DE MEDICINA DE SÃO JOSÉ DO RIO PRETO,FAMERP,Avenida Brigadeiro Faria Lima,5416,-,VILA SÃO PEDRO,15090000.0,193,0,4,9,3,38,14,73,34,8,2,1,2,5,0,1,0,1,1,1,1,1,1,45000,15000,245,245,126,119,0,0,32,64,149,237,8,229,3,5,0,0,4,1,7,11,27,195,230,5,8,1,0,1,244,1,1
2024,Sudeste,3,São Paulo,SP,35,Sorocaba,3552205,0,Macro Metropolitana Paulista,12,Sorocaba,46,1,2,5,1,0,FUNDACAO DOM AGUIRRE,109,150,UNIVERSIDADE DE SOROCABA,UNISO,Rodovia Raposo Tavares,S/N,Cidade Universitária,Jardim Novo Eldorado,18023000.0,316,0,0,10,11,66,81,62,34,19,10,11,12,0,0,1,0,1,1,0,1,1,1,2348,20000,382,382,190,192,0,0,0,206,176,129,3,126,2,251,6,30,56,75,69,29,55,62,363,3,10,6,0,0,378,4,6
2024,Sudeste,3,São Paulo,SP,35,São Paulo,3550308,1,Metropolitana de São Paulo,15,São Paulo,61,3,2,5,0,0,FUNDACAO GETULIO VARGAS,110,151,ESCOLA DE ADMINISTRAÇÃO DE EMPRESAS DE SÃO PAULO - FGV EAESP,FGV-EAESP,Avenida 9 de Julho,2029,-,Bela Vista,1313902.0,164,0,0,0,0,13,8,49,16,21,7,21,16,8,5,1,0,1,1,1,1,1,1,253,18209,239,239,72,167,0,0,1,6,232,110,92,18,75,54,0,9,22,32,30,32,40,74,222,4,9,4,0,0,221,18,3
2024,Sudeste,3,Rio de Janeiro,RJ,33,Rio de Janeiro,3304557,1,Metropolitana do Rio de Janeiro,6,Rio de Janeiro,18,2,2,5,0,0,SOCIEDADE CIVIL CONSERVATORIO BRASILEIRO DE MUSICA,114,158,CONSERVATÓRIO BRASILEIRO DE MÚSICA - CENTRO UNIVERSITÁRIO BRASILEIRO DE EDUCAÇÃO,CBM-UniCBE,Praça Marquês de Herval,04,Santa Cruz II,Santa Cruz,23510140.0,37,0,0,0,1,8,6,9,6,4,3,0,0,0,0,1,0,1,1,1,1,1,1,547,17000,52,52,25,27,0,0,7,30,15,11,0,11,20,21,0,8,13,12,8,4,1,6,20,2,7,0,0,23,52,0,0
2024,Sudeste,3,São Paulo,SP,35,São Paulo,3550308,1,Metropolitana de São Paulo,15,São Paulo,61,2,2,5,0,1,FUNDACAO SAO PAULO,378,161,CENTRO UNIVERSITÁRIO ASSUNÇÃO,,Rua Afonso Celso,671/711,- de 631/632 a 1029/1030,Vila Mariana,4119060.0,28,1,0,0,0,4,3,14,2,3,1,0,0,0,0,0,0,1,1,0,1,0,1,961,16006,64,64,30,34,0,0,2,29,33,15,0,15,9,40,0,0,2,5,13,12,16,16,57,5,2,0,0,0,63,1,0
2024,Sudeste,3,São Paulo,SP,35,São Paulo,3550308,1,Metropolitana de São Paulo,15,São Paulo,61,2,2,4,0,0,FEBASP LTDA,118,162,CENTRO UNIVERSITÁRIO BELAS ARTES DE SÃO PAULO,FEBASP,Rua Dr. Álvaro Alvim,76/90,Campus Vila Mariana (Sede),Vila Mariana,4018010.0,244,0,1,5,1,58,85,44,34,7,5,3,1,0,0,1,0,1,1,1,1,1,1,2912,184216,238,238,87,151,0,0,10,101,127,60,0,60,123,55,0,10,21,39,47,34,24,63,184,7,17,9,0,21,236,2,2
2024,Sudeste,3,Rio de Janeiro,RJ,33,Rio de Janeiro,3304557,1,Metropolitana do Rio de Janeiro,6,Rio de Janeiro,18,1,2,4,0,0,SOCIEDADE DE ENSINO SUPERIOR ESTACIO DE SA LTDA,119,163,UNIVERSIDADE ESTÁCIO DE SÁ,UNESA,Av. das Américas,4.200,BARRA I -TOM JOBIM,Barra da Tijuca,22640102.0,1834,1,0,8,40,423,456,274,213,233,104,29,28,14,11,1,0,1,0,0,0,0,1,33000,15000,1439,1439,806,633,0,0,145,604,690,482,0,482,499,458,22,146,255,282,245,189,137,163,1025,80,313,13,6,2,1429,10,22
2024,Sudeste,3,Rio de Janeiro,RJ,33,Rio de Janeiro,3304557,1,Metropolitana do Rio de Janeiro,6,Rio de Janeiro,18,1,2,4,0,0,ANTARES EDUCACIONAL S.A.,121,165,UNIVERSIDADE VEIGA DE ALMEIDA,UVA,Rua Ibituruna,108,Unidade SEDE,Tijuca,20271901.0,492,0,2,12,12,135,109,94,70,27,18,3,7,2,1,1,0,1,1,0,1,1,1,49000,30000,549,549,292,257,0,0,24,298,227,166,0,166,270,113,6,31,59,97,90,85,83,98,386,11,72,3,1,76,547,2,2
2024,Sudeste,3,Minas Gerais,MG,31,Santa Rita do Sapucaí,3159605,0,Sul/Sudoeste de Minas,10,Santa Rita do Sapucaí,53,3,2,5,0,0,FUNDACAO EDUCANDARIO SANTARRITENSE,122,166,"FAI - CENTRO DE ENSINO SUPERIOR EM GESTÃO, TECNOLOGIA E EDUCAÇÃO",,Av. Antonio de Cássia,472,-,Jardim Santo Antonio,37540000.0,36,3,4,1,1,7,3,2,9,1,2,2,1,0,0,1,0,0,1,1,1,0,1,10,15000,62,62,33,29,0,0,10,39,13,8,0,8,21,33,3,4,12,7,11,8,5,12,53,1,3,1,0,4,62,0,0
2024,Sudeste,3,São Paulo,SP,35,São Bernardo do Campo,3548708,0,Metropolitana de São Paulo,15,São Paulo,61,1,2,5,1,0,INSTITUTO METODISTA DE ENSINO SUPERIOR,123,167,UNIVERSIDADE METODISTA DE SÃO PAULO,UMESP,Rua do Sacramento,230,Campus Rudge Ramos,Rudge Ramos,9640000.0,183,2,1,3,6,42,39,55,11,13,7,2,1,1,0,1,0,0,1,0,1,1,1,1174,16938,129,129,64,65,0,0,14,69,46,40,0,40,35,54,2,10,8,18,25,20,21,25,106,2,10,5,0,6,129,0,0
2024,Sudeste,3,Minas Gerais,MG,31,Pouso Alegre,3152501,0,Sul/Sudoeste de Minas,10,Pouso Alegre,52,3,2,5,0,0,FUNDACAO SUL MINEIRA DE ENSINO,126,171,FACULDADE DE DIREITO DO SUL DE MINAS,FDSM,Avenida Doutor João Beraldo,1075,-,Centro,37550000.0,64,0,2,0,7,12,10,15,4,7,5,1,1,0,0,1,0,1,0,1,1,1,1,0,16934,29,29,5,24,0,0,2,16,11,10,4,6,15,4,0,3,3,1,4,4,8,6,27,1,0,0,0,1,29,0,0
2024,Sudeste,3,Rio de Janeiro,RJ,33,Rio de Janeiro,3304557,1,Metropolitana do Rio de Janeiro,6,Rio de Janeiro,18,1,2,5,0,0,CENTRO EDUCACIONAL DE REALENGO,129,176,UNIVERSIDADE CASTELO BRANCO,UCB,Avenida Santa Cruz,1631,-,Realengo,21710250.0,167,2,3,7,7,32,34,28,31,5,10,2,3,1,2,0,0,1,1,1,1,1,1,351,210476,138,138,70,68,0,0,30,69,39,51,0,51,5,82,6,19,22,20,16,19,16,20,68,3,24,1,0,42,137,1,0
2024,Sudeste,3,Rio de Janeiro,RJ,33,Rio de Janeiro,3304557,1,Metropolitana do Rio de Janeiro,6,Rio de Janeiro,18,3,2,5,0,0,FUNDACAO TECNICO EDUCACIONAL SOUZA MARQUES,135,192,FACULDADE SOUZA MARQUES,FSM,AVENIDA ERNANI CARDOSO,335/345,-,Cascadura,21310310.0,205,1,6,8,9,36,43,34,23,24,16,1,4,0,0,1,0,1,1,1,1,1,1,18064,12000,335,335,178,157,0,0,124,114,97,7,0,7,294,34,1,13,27,32,50,38,47,127,226,1,25,0,0,83,335,0,0
2024,Sudeste,3,Rio de Janeiro,RJ,33,Rio de Janeiro,3304557,1,Metropolitana do Rio de Janeiro,6,Rio de Janeiro,18,3,2,5,0,0,INSTITUTO PRESBITERIANO MACKENZIE,22,195,FACULDADE PRESBITERIANA MACKENZIE RIO,,Rua Marquês de Olinda,51 e 70,Faculdade Presbiteriana Mackenzie Rio,Botafogo,22251040.0,45,0,1,0,2,5,9,5,11,7,4,1,0,0,0,1,0,1,1,0,1,0,1,39,32837,56,56,16,40,0,0,2,31,23,5,1,4,24,27,0,2,4,1,7,12,10,20,43,2,4,0,1,6,55,1,0
2024,Sudeste,3,São Paulo,SP,35,São Paulo,3550308,1,Metropolitana de São Paulo,15,São Paulo,61,3,2,5,0,0,FUNDACAO CASPER LIBERO,141,200,FACULDADE CÁSPER LÍBERO,FCL,Avenida Paulista,900,5º Andar,Bela Vista,1310940.0,63,0,0,2,1,8,6,16,6,11,7,1,3,0,2,1,0,1,1,1,1,1,1,58,17232,50,50,19,31,0,0,0,21,29,20,1,19,17,13,0,0,5,6,13,8,9,9,41,1,2,4,0,2,49,1,0
2024,Sudeste,3,São Paulo,SP,35,São Paulo,3550308,1,Metropolitana de São Paulo,15,São Paulo,61,1,2,4,0,0,AMC - SERVICOS EDUCACIONAIS LTDA,143,203,UNIVERSIDADE SÃO JUDAS TADEU,USJT,Rua Taquari,546,-,Mooca,3166000.0,306,1,8,0,4,91,87,38,11,12,7,13,14,12,8,1,0,1,1,1,1,1,1,18843,34716,558,558,265,293,0,0,28,281,249,188,0,188,49,321,7,48,86,88,97,92,78,62,512,10,31,5,0,0,557,1,0
2024,Sudeste,3,São Paulo,SP,35,São Paulo,3550308,1,Metropolitana de São Paulo,15,São Paulo,61,2,2,5,0,0,INSTITUICAO EDUCACIONAL PROFESSOR PASQUALE CASCINO,145,206,Centro Universitário Católico Ítalo Brasileiro,UNIÍTALO,Avenida João Dias,2046,-,Santo Amaro,4724003.0,260,0,1,4,7,88,73,44,15,12,11,1,1,2,1,0,0,1,1,1,1,1,1,1324,22029,154,154,72,82,0,0,51,66,37,19,17,2,134,1,7,11,14,24,21,22,28,27,105,5,22,1,0,21,154,0,0
2024,Sudeste,3,São Paulo,SP,35,Ribeirão Preto,3543402,0,Ribeirão Preto,2,Ribeirão Preto,14,2,2,5,0,0,INSTITUICAO UNIVERSITARIA MOURA LACERDA,146,207,CENTRO UNIVERSITÁRIO MOURA LACERDA,CUML,Rua Padre Euclides,995,-,Campos Elísios,14085420.0,104,2,2,5,16,18,15,28,6,3,6,2,0,1,0,0,0,1,1,1,1,0,1,0,8000,153,153,67,86,0,0,21,81,51,31,0,31,66,56,1,6,16,17,17,28,32,36,148,2,2,1,0,0,153,0,0
2024,Sudeste,3,São Paulo,SP,35,Ribeirão Preto,3543402,0,Ribeirão Preto,2,Ribeirão Preto,14,1,2,5,0,0,ASSOCIACAO DE ENSINO DE RIBEIRAO PRETO,147,208,UNIVERSIDADE DE RIBEIRÃO PRETO,UNAERP,Avenida Costábile Romano,2201,-,Ribeirânia,14096900.0,421,0,2,3,9,114,81,103,65,22,8,6,4,2,2,1,0,1,1,1,1,1,1,23000,23251,490,490,245,245,0,0,36,182,272,204,0,204,243,43,4,30,55,103,83,65,65,85,473,1,10,6,0,0,489,1,4
2024,Sudeste,3,São Paulo,SP,35,São Paulo,3550308,1,Metropolitana de São Paulo,15,São Paulo,61,2,2,5,1,0,FUNDACAO ESCOLA DE COMERCIO ALVARES PENTEADO - FECAP,151,213,CENTRO UNIVERSITÁRIO ÁLVARES PENTEADO,FECAP,Avenida da Liberdade,532,Bloco C,Liberdade,1502001.0,179,0,1,3,4,12,19,46,38,15,18,8,6,1,8,1,0,1,1,1,1,1,1,101,156,108,108,38,70,0,0,0,33,75,29,0,29,22,57,0,3,9,27,24,17,11,17,89,3,13,2,0,1,107,1,0
2024,Sudeste,3,Minas Gerais,MG,31,Belo Horizonte,3106200,1,Metropolitana de Belo Horizonte,7,Belo Horizonte,30,3,2,4,0,0,CESMIG - CENTRO DE ENSINO SUPERIOR MINAS GERAIS LTDA - ME,1136,214,FACULDADE DE ENGENHARIA DE MINAS GERAIS - FEAMIG,FEAMIG,Avenida do Contorno,10185,CAMPUS - BELO HORIZONTE - PRADO,Prado,30110067.0,42,0,2,0,0,9,9,10,6,1,2,2,0,0,1,0,0,1,1,1,1,1,1,125,8000,23,23,9,14,0,0,1,15,7,2,0,2,8,13,0,1,2,10,5,2,3,0,16,1,4,0,0,2,23,0,0
2024,Sudeste,3,Minas Gerais,MG,31,Belo Horizonte,3106200,1,Metropolitana de Belo Horizonte,7,Belo Horizonte,30,2,2,5,1,0,FUNDACAO MOVIMENTO DIREITO E CIDADANIA - FUNDACAO MDC,1856,216,CENTRO UNIVERSITÁRIO METODISTA IZABELA HENDRIX,CEUNIH,Rua da Bahia,2.020,-,Funcionários,30160012.0,18,0,0,0,0,3,4,5,6,0,0,0,0,0,0,1,0,1,1,1,1,1,1,1174,12799,2,2,0,2,0,0,0,1,1,2,0,2,0,0,0,0,0,0,0,2,0,0,1,0,1,0,0,0,2,0,0
2024,Sudeste,3,São Paulo,SP,35,São João da Boa Vista,3549102,0,Campinas,7,São João da Boa Vista,30,2,1,7,0,0,CENTRO UNIVERSITARIO DAS FACULDADES ASSOCIADAS DE ENSINO-FAE,155,217,CENTRO UNIVERSITÁRIO DAS FACULDADES ASSOCIADAS DE ENSINO - FAE,UNIFAE,Largo Engenheiro Paulo de Almeida Sandeville,15,-,JARDIM SANTO ANDRÉ,13870377.0,64,0,0,1,0,11,3,25,15,5,4,0,0,0,0,1,0,1,0,1,1,0,1,38000,13967,197,197,84,113,0,0,52,87,58,50,0,50,112,35,1,16,17,30,43,43,23,24,174,0,11,0,0,12,197,0,1
2024,Sudeste,3,São Paulo,SP,35,Monte Aprazível,3531407,0,São José do Rio Preto,1,Nhandeara,7,3,2,5,0,0,ASSOCIACAO DE ENSINO DOM BOSCO DE MONTE APRAZIVEL,157,219,FACULDADE DE EDUCAÇÃO CIÊNCIAS E ARTES DOM BOSCO DE MONTE APRAZÍVEL,FAECA DOM BOSCO,Rua Augusto Chiesa,679,-,Centro,15150000.0,11,0,0,0,0,1,2,2,1,3,0,2,0,0,0,0,0,1,1,1,1,0,0,10000,202000,40,40,7,33,0,0,16,19,5,8,0,8,7,25,0,0,3,3,7,10,7,10,40,0,0,0,0,0,40,0,1
2024,Sudeste,3,Rio de Janeiro,RJ,33,Rio de Janeiro,3304557,1,Metropolitana do Rio de Janeiro,6,Rio de Janeiro,18,3,2,5,0,0,ASSOCIACAO DE ENSINO SUPERIOR SAO JUDAS TADEU,158,220,FACULDADE SÃO JUDAS TADEU,FSJT,Rua Clarimundo de Melo,79,-,Encantado,20740321.0,15,0,0,0,0,8,1,3,3,0,0,0,0,0,0,0,0,0,0,0,0,1,0,4261,12691,6,6,5,1,0,0,0,5,1,2,0,2,2,2,0,0,0,0,1,3,1,1,4,0,0,0,0,2,6,0,0
2024,Sudeste,3,São Paulo,SP,35,São Paulo,3550308,1,Metropolitana de São Paulo,15,São Paulo,61,1,2,4,0,0,CRUZEIRO DO SUL EDUCACIONAL S.A.,159,221,UNIVERSIDADE CRUZEIRO DO SUL,UNICSUL,Avenida Doutor Ussiel Cirilo,111 a 213,-,Vila Jacuí,8060070.0,1623,0,0,2,11,226,178,281,199,125,110,126,158,115,92,1,0,1,1,0,1,0,1,50224,35134,695,695,330,365,0,0,76,359,260,232,0,232,144,319,26,73,81,108,136,98,75,98,513,23,135,9,0,15,691,4,8
2024,Sudeste,3,São Paulo,SP,35,Votuporanga,3557105,0,São José do Rio Preto,1,Votuporanga,3,2,2,5,1,0,FUNDACAO EDUCACIONAL DE VOTUPORANGA,160,222,CENTRO UNIVERSITÁRIO DE VOTUPORANGA,UNIFEV,Rua Pernambuco,4196,Unidade SEDE,Patrimônio Novo,15500006.0,149,1,0,0,0,10,18,53,23,25,17,2,0,0,0,0,0,1,1,0,1,1,1,2,42481,168,168,87,81,0,0,37,84,47,41,0,41,65,62,2,15,27,30,32,22,26,14,160,0,5,3,0,0,168,0,0
2024,Sudeste,3,São Paulo,SP,35,Santo André,3547809,0,Metropolitana de São Paulo,15,São Paulo,61,2,2,5,0,0,FUNDACAO DO ABC,162,224,Centro Universitário FMABC,FMABC,Avenida Príncipe de Gales,821,-,Príncipe de Gales,9060650.0,1140,7,4,11,3,447,90,228,81,144,78,16,13,11,7,1,0,1,1,0,1,0,1,172,295,331,331,166,165,0,0,44,116,171,67,0,67,221,43,0,6,16,31,43,40,50,145,305,1,6,8,0,11,328,3,0
2024,Sudeste,3,São Paulo,SP,35,Santos,3548500,0,Metropolitana de São Paulo,15,Santos,63,2,2,5,0,0,FUNDACAO LUSIADA,164,226,CENTRO UNIVERSITÁRIO LUSÍADA,UNILUS,Armando de Salles Oliveira,150,-,Boqueirão,11050071.0,225,3,9,1,9,29,49,75,50,0,0,0,0,0,0,1,0,1,1,1,1,1,1,0,0,153,153,81,72,0,0,30,71,52,43,0,43,65,45,0,4,17,23,18,22,24,45,144,0,3,3,0,3,152,1,1
2024,Sudeste,3,São Paulo,SP,35,Santos,3548500,0,Metropolitana de São Paulo,15,Santos,63,1,2,5,1,1,SOCIEDADE VISCONDE DE S LEOPOLDO,165,227,UNIVERSIDADE CATÓLICA DE SANTOS,UNISANTOS,Avenida Conselheiro Nébias,300,Campus D. Idilio Jose Soares,Vila Mathias,11015002.0,108,4,0,1,0,46,0,45,0,10,0,2,0,0,0,1,0,1,1,0,1,1,1,289,2748,264,264,129,135,0,0,3,116,145,153,0,153,104,7,5,7,22,23,43,33,40,91,242,1,10,8,0,3,260,4,2
2024,Sudeste,3,São Paulo,SP,35,São Bernardo do Campo,3548708,0,Metropolitana de São Paulo,15,São Paulo,61,3,2,5,0,0,FUNDACAO EDUCACIONAL JOAO RAMALHO,167,231,FACULDADE DE SÃO BERNARDO DO CAMPO,FASB,Rua Américo Brasiliense,449,-,Centro,9715020.0,16,0,0,0,0,1,3,7,2,2,1,0,0,0,0,0,0,1,0,1,1,1,1,66,16955,60,60,30,30,0,0,10,31,19,5,0,5,4,51,0,0,2,4,3,8,19,24,54,0,4,2,0,0,59,1,0
2024,Sudeste,3,São Paulo,SP,35,São Paulo,3550308,1,Metropolitana de São Paulo,15,São Paulo,61,3,2,4,0,0,INSTITUTO EDUCACIONAL OSWALDO QUIRINO LTDA,169,234,FACULDADES OSWALDO CRUZ,FOC,Rua Brigadeiro Galvão,540,-,Barra Funda,1151000.0,85,5,2,2,1,14,20,14,17,2,1,1,0,2,4,0,0,1,0,1,1,1,1,21000,1736,120,120,44,76,0,0,23,57,40,4,3,1,32,84,3,9,8,17,12,15,23,33,91,3,5,5,0,16,119,1,2
2024,Sudeste,3,Rio de Janeiro,RJ,33,Rio de Janeiro,3304557,1,Metropolitana do Rio de Janeiro,6,Rio de Janeiro,18,1,2,5,0,0,ASSOCIACAO UNIVERSITARIA SANTA URSULA,172,240,UNIVERSIDADE SANTA ÚRSULA,USU,Rua Fernando Ferrari,75,CAMPUS  - RIO DE JANEIRO - BOTAFOGO,Botafogo,22231040.0,88,6,6,3,8,16,31,7,4,3,0,2,1,0,1,1,0,1,1,1,1,1,0,33,33,127,127,54,73,0,0,4,52,71,22,0,22,83,22,0,6,21,24,25,14,15,22,94,2,26,0,0,5,125,2,0
2024,Sudeste,3,São Paulo,SP,35,Santo André,3547809,0,Metropolitana de São Paulo,15,São Paulo,61,2,2,4,0,0,ANHANGUERA EDUCACIONAL PARTICIPACOES S/A,16452,242,CENTRO UNIVERSITÁRIO ANHANGUERA PITÁGORAS AMPLI,,Rua Senador Flaquer,456/459,-,Centro,9010160.0,36,1,0,0,0,14,4,2,11,3,0,1,0,0,0,0,0,1,1,0,1,1,1,33730,270513,255,255,137,118,0,0,29,132,94,44,0,44,175,36,11,34,47,56,35,24,24,24,213,6,27,6,1,2,254,1,9
2024,Sudeste,3,São Paulo,SP,35,Mogi das Cruzes,3530607,0,Metropolitana de São Paulo,15,Mogi das Cruzes,62,3,2,5,0,0,CLUBE NAUTICO MOGIANO,175,243,FACULDADE DO CLUBE NÁUTICO MOGIANO,FCNM,Rua Cabo Diogo Oliver,758,-,Mogilar,8773000.0,15,2,3,1,1,2,3,2,1,0,0,0,0,0,0,1,0,1,0,1,1,1,0,1000,1300,7,7,2,5,0,0,0,5,2,2,0,2,5,0,0,2,1,0,1,1,1,1,7,0,0,0,0,0,7,0,0
2024,Sudeste,3,São Paulo,SP,35,Osasco,3534401,0,Metropolitana de São Paulo,15,Osasco,57,2,2,5,0,0,FUNDACAO INSTITUTO DE ENSINO PARA OSASCO,176,244,CENTRO UNIVERSITÁRIO FIEO,UNIFIEO,AV FRANZ VOEGELI,300,CAMPUS VILA YARA,VILA YARA,6020190.0,54,2,3,2,6,10,11,8,5,2,2,1,1,1,0,1,0,1,1,1,1,0,0,0,12080,143,143,65,78,0,0,73,54,16,6,0,6,61,76,10,15,19,24,30,15,13,17,91,5,19,1,0,27,143,0,0
2024,Sudeste,3,São Paulo,SP,35,São Paulo,3550308,1,Metropolitana de São Paulo,15,São Paulo,61,2,2,4,0,0,UNIAO BANDEIRANTE DE EDUCACAO E CULTURA S.A.,17362,254,CENTRO UNIVERSITÁRIO UNI-BAN,UNI-BAN,Rua Maria Cândida,1789,Nova Sede UNI-BAN,Vila Guilherme,2071013.0,15,0,0,0,0,2,2,4,3,1,1,2,0,0,0,1,0,1,1,1,1,1,0,95,6000,10,10,4,6,0,0,0,7,3,7,0,7,3,0,0,0,1,2,0,1,3,3,7,0,3,0,0,0,10,0,0
2024,Sudeste,3,São Paulo,SP,35,São Paulo,3550308,1,Metropolitana de São Paulo,15,São Paulo,61,3,2,5,0,0,ASSOCIACAO EDUCATIVA CAMPOS SALLES,186,263,FACULDADES INTEGRADAS CAMPOS SALLES,FICS,Rua Nossa Senhora da Lapa,284,-,Lapa,5072000.0,16,0,0,0,0,4,6,4,2,0,0,0,0,0,0,1,0,1,1,1,1,1,1,567,32123,32,32,11,21,0,0,7,19,6,32,0,32,0,0,1,1,4,1,4,4,4,13,25,1,1,0,1,4,32,0,0
2024,Sudeste,3,São Paulo,SP,35,Ourinhos,3534708,0,Assis,10,Ourinhos,40,2,2,5,0,0,FUNDACAO EDUCACIONAL MIGUEL MOFARREJ,188,265,CENTRO UNIVERSITÁRIO DAS FACULDADES INTEGRADAS DE OURINHOS,Unifio,"Rodovia BR-153, Km 338 + 420 m",s/n,-,Água do Cateto,19909100.0,107,0,5,0,1,22,26,28,20,1,1,2,1,0,0,1,0,1,1,1,1,1,1,17000,504306,193,193,75,118,0,0,27,104,62,21,0,21,76,96,16,27,47,38,24,22,10,9,174,2,9,5,0,3,193,0,1
2024,Sudeste,3,São Paulo,SP,35,Piracicaba,3538709,0,Piracicaba,6,Piracicaba,28,1,2,5,1,1,INSTITUTO EDUCACIONAL PIRACICABANO DA IGREJA METODISTA - EM RECUPERACAO JUDICIAL,189,266,UNIVERSIDADE METODISTA DE PIRACICABA,UNIMEP,Rodovia do Açúcar,7.000,Km 156 (SP 308),Taquaral,13400911.0,49,3,3,4,7,8,6,9,6,1,1,1,0,0,0,0,0,1,1,1,1,1,1,0,16938,38,38,18,20,0,0,4,21,13,8,0,8,4,26,2,5,2,4,5,3,7,10,33,0,2,0,0,3,38,0,1
2024,Sudeste,3,Espírito Santo,ES,32,Vitória,3205309,1,Central Espírito-santense,3,Vitória,9,2,2,5,0,0,FUNDACAO DE ASSISTENCIA E EDUCACAO - FAESA,190,267,CENTRO UNIVERSITÁRIO ESPÍRITO-SANTENSE/FAESA,,Rua Anselmo Serrat,199,-,Ilha de Monte Belo,29053250.0,126,0,0,0,0,34,12,38,15,17,2,4,1,2,1,0,0,1,1,1,1,0,1,312,200000,103,103,49,54,0,0,18,72,13,35,0,35,65,3,0,4,24,12,22,18,14,9,62,1,16,2,0,22,103,0,0
2024,Sudeste,3,São Paulo,SP,35,Tupã,3555000,0,Marília,9,Tupã,37,3,2,4,0,0,ORGANIZACAO EDUCACIONAL ARTUR FERNANDES LTDA,192,269,FACULDADE FACCAT,FACCAT,Rua Cherentes,36,Térreo e  Superior,Centro,17600090.0,13,1,0,0,2,0,5,0,3,0,2,0,0,0,0,0,0,1,0,1,1,1,0,0,0,34,34,5,29,0,0,25,6,3,4,2,2,10,20,2,1,2,9,2,3,2,13,31,0,1,2,0,0,34,0,0
2024,Sudeste,3,São Paulo,SP,35,Presidente Prudente,3541406,0,Presidente Prudente,8,Presidente Prudente,36,1,2,5,0,0,ASSOCIACAO PRUDENTINA DE EDUCACAO E CULTURA APEC,194,271,UNIVERSIDADE DO OESTE PAULISTA,UNOESTE,Rua José Bongiovani,700,Campus Universitário,Cidade Universitária,19050900.0,1057,39,82,40,58,184,271,101,90,63,52,30,28,10,9,1,0,1,1,1,1,1,1,61,32041,655,655,344,311,0,0,17,316,322,321,0,321,307,27,8,55,106,120,108,95,65,98,95,4,10,6,0,540,654,1,5
2024,Sudeste,3,São Paulo,SP,35,São José dos Campos,3549904,0,Vale do Paraíba Paulista,13,São José dos Campos,50,1,2,5,1,0,FUNDACAO VALEPARAIBANA DE ENSINO,197,275,UNIVERSIDADE DO VALE DO PARAÍBA,UNIVAP,"Av. Shishima Hifumi, nº 2911, Bairro Urbanova",2911,-,Urbanova,12244000.0,254,0,0,0,1,40,34,89,37,28,17,3,3,2,0,1,0,1,1,0,1,1,1,1647,6205,271,271,132,139,0,0,46,79,146,91,21,70,61,119,4,17,26,41,46,50,36,51,250,6,8,5,0,2,266,5,0
2024,Sudeste,3,São Paulo,SP,35,Sorocaba,3552205,0,Macro Metropolitana Paulista,12,Sorocaba,46,3,2,5,0,0,FUNDACAO EDUCACIONAL SOROCABANA FAC DIREITO DE SOROCABA,198,276,FACULDADE DE DIREITO DE SOROCABA,FADI,Rua Doutora Ursulina Lopes Torres,123,-,Vergueiro,18030103.0,26,0,1,2,1,3,5,8,3,3,0,0,0,0,0,1,0,1,1,1,1,1,1,120,9490,27,27,3,24,0,0,2,12,13,8,0,8,2,17,0,2,0,3,8,4,6,4,25,0,0,1,0,1,27,0,0
2024,Sudeste,3,Rio de Janeiro,RJ,33,Rio de Janeiro,3304557,1,Metropolitana do Rio de Janeiro,6,Rio de Janeiro,18,2,2,5,0,0,SOCIEDADE UNIFICADA DE ENSINO AUGUSTO MOTTA,199,277,CENTRO UNIVERSITÁRIO AUGUSTO MOTTA,UNISUAM,Avenida Paris,84,-,Bonsucesso,21041020.0,337,0,0,2,0,66,69,102,59,21,10,4,2,1,1,1,0,1,1,1,1,1,1,0,2745,632,632,344,288,0,0,130,343,159,218,0,218,309,105,31,78,106,124,104,67,54,68,387,70,161,0,0,14,629,3,2
2024,Sudeste,3,Rio de Janeiro,RJ,33,Rio de Janeiro,3304557,1,Metropolitana do Rio de Janeiro,6,Rio de Janeiro,18,2,2,5,0,0,ORGANIZACAO HELIO ALONSO DE EDUCACAO E CULTURA OHAEC,201,279,Centro Universitário Hélio Alonso,Unifacha,Rua Muniz Barreto,51,Unidade SEDE,Botafogo,22251090.0,82,0,6,1,0,9,8,30,20,4,4,0,0,0,0,0,0,1,1,0,1,1,1,193,18565,90,90,36,54,0,0,12,40,38,27,0,27,26,37,0,0,13,11,13,10,18,25,77,2,5,0,0,6,90,0,1
2024,Sudeste,3,Minas Gerais,MG,31,Itajubá,3132404,0,Sul/Sudoeste de Minas,10,Itajubá,56,3,2,4,0,0,CENTRO DE CIENCIAS EM SAUDE DE ITAJUBA S.A,17157,284,FACULDADE DE MEDICINA DE ITAJUBÁ,FMIT,AV.  RENNO JUNIOR,368,-,SÃO VICENTE,37502138.0,62,0,2,1,1,12,2,15,13,9,0,3,0,3,1,0,0,1,1,0,1,0,1,11384,15089,71,71,35,36,0,0,30,20,21,15,0,15,45,11,2,8,19,20,8,6,4,4,63,0,3,0,0,5,71,0,0
2024,Sudeste,3,Minas Gerais,MG,31,Governador Valadares,3127701,0,Vale do Rio Doce,8,Governador Valadares,37,3,2,5,0,0,SOCIEDADE SIMPLES CULTURA E EDUCACAO,207,288,FACULDADE DE DIREITO DO VALE DO RIO DOCE,FADIVALE,Rua Artur Bernardes,533,Prédio,Centro,35010090.0,33,4,4,0,1,3,1,4,3,8,1,3,0,0,1,0,0,1,0,0,1,0,0,0,0,39,39,10,29,0,0,13,18,8,3,0,3,16,20,0,0,4,2,6,7,9,11,30,2,6,1,0,0,39,0,0
2024,Sudeste,3,Minas Gerais,MG,31,Barbacena,3105608,0,Campo das Vertentes,11,Barbacena,59,3,2,5,0,0,FUNDACAO JOSE BONIFACIO LAFAYETTE DE ANDRADA,220,307,FACULDADE DE MEDICINA DE BARBACENA,FAME,Praça Presidente Antônio Carlos,08,-,São Sebastião,36202336.0,224,1,3,5,2,17,8,44,50,33,11,17,19,5,9,0,0,1,1,1,1,1,1,50,15000,106,106,43,63,0,0,36,44,26,3,0,3,82,21,0,6,15,13,17,13,14,28,103,1,2,0,0,0,106,0,0
2024,Sudeste,3,Minas Gerais,MG,31,Barbacena,3105608,0,Campo das Vertentes,11,Barbacena,59,2,2,5,0,0,FUNDACAO PRESIDENTE ANTONIO CARLOS,221,308,CENTRO UNIVERSITÁRIO PRESIDENTE ANTÔNIO CARLOS,UNIPAC,Rodovia BR-338,s/n,Barbacena - Campus I - Campus Magnus,Colônia Rodrigo Silva,36201143.0,249,5,11,12,14,26,26,22,18,34,22,29,14,7,9,0,0,1,1,1,1,1,1,0,15142,282,282,140,142,0,0,109,115,58,138,0,138,67,77,5,21,34,48,72,41,25,36,211,5,32,0,0,34,282,0,0
2024,Sudeste,3,São Paulo,SP,35,São Paulo,3550308,1,Metropolitana de São Paulo,15,São Paulo,61,1,2,5,0,0,ASSOCIACAO EDUCACIONAL NOVE DE JULHO,222,316,UNIVERSIDADE NOVE DE JULHO,UNINOVE,Rua Vergueiro,235,-,Liberdade,1504001.0,870,14,5,4,12,132,128,260,165,29,40,19,25,18,19,1,0,1,1,1,1,1,1,50102,84902,1498,1498,732,766,0,0,292,538,668,549,0,549,392,557,19,118,221,282,279,207,158,214,1334,21,87,54,2,0,1491,7,35
2024,Sudeste,3,São Paulo,SP,35,São Paulo,3550308,1,Metropolitana de São Paulo,15,São Paulo,61,1,2,5,0,0,CEISP SERVICOS EDUCACIONAIS LTDA,16878,319,UNIVERSIDADE BRASIL,UB,Rua Carolina Fonseca,584,Campus Sede - Itaquera,ITAQUERA,8230030.0,249,8,7,18,16,65,73,31,20,6,1,1,1,0,2,1,0,1,1,1,1,0,1,2520,216292,297,297,149,148,0,0,100,98,99,104,2,102,146,47,7,42,54,69,47,27,12,39,185,2,14,2,0,94,295,2,2
2024,Sudeste,3,São Paulo,SP,35,São Paulo,3550308,1,Metropolitana de São Paulo,15,São Paulo,61,1,2,4,0,0,ASSUPERO ENSINO SUPERIOR LTDA.,2415,322,UNIVERSIDADE PAULISTA,UNIP,Avenida Torres de Oliveira,330,-,Jaguaré,5347020.0,3711,42,92,9,4,504,1019,402,1029,120,352,40,70,10,18,1,0,1,1,1,1,1,1,56595,307447,3417,3417,1686,1731,0,0,446,1627,1344,1528,0,1528,842,1047,56,185,368,534,656,517,462,639,2944,84,320,68,1,0,3398,19,10
2024,Sudeste,3,Rio de Janeiro,RJ,33,Nova Iguaçu,3303500,0,Metropolitana do Rio de Janeiro,6,Rio de Janeiro,18,1,2,5,0,0,ASSOCIACAO DE ENSINO SUPERIOR DE NOVA IGUACU,230,330,UNIVERSIDADE IGUAÇU,UNIG,Avenida Abílio Augusto Távora,2134,-,Jardim Nova Era,26275580.0,715,18,79,39,72,140,189,96,65,10,7,0,0,0,0,0,0,1,1,1,1,1,1,2272,4614,482,482,223,259,0,0,84,284,114,165,0,165,257,60,2,19,70,88,85,78,49,91,108,8,38,1,0,327,482,0,0
2024,Sudeste,3,Minas Gerais,MG,31,Juiz de Fora,3136702,0,Zona da Mata,12,Juiz de Fora,65,2,2,5,0,0,ASSOCIACAO PROPAGADORA ESDEVA,235,337,Centro Universitário Academia,Uniacademia,Rua Halfeld,1179,Campus Academia e Comércio,Centro,36010972.0,112,1,7,10,8,23,24,11,2,5,2,5,9,3,2,1,0,1,1,1,1,1,1,4646,12500,185,185,92,93,0,0,34,104,47,19,0,19,59,107,1,13,30,32,41,20,20,28,130,3,27,0,0,25,185,0,2
2024,Sudeste,3,Minas Gerais,MG,31,Belo Horizonte,3106200,1,Metropolitana de Belo Horizonte,7,Belo Horizonte,30,1,2,5,1,1,SOCIEDADE MINEIRA DE CULTURA,236,338,PONTIFÍCIA UNIVERSIDADE CATÓLICA DE MINAS GERAIS,PUC MINAS,Avenida Dom José Gaspar,500,Campus/Polo Coração Eucarístico - SEDE,Coração Eucarístico,30535901.0,1709,17,24,4,12,418,352,346,194,181,96,27,29,3,6,1,0,1,1,1,1,1,1,49245,84963,1690,1690,783,907,0,0,147,658,885,558,0,558,758,374,28,115,218,217,247,262,236,367,850,40,298,10,1,491,1689,1,12
2024,Sudeste,3,Minas Gerais,MG,31,Belo Horizonte,3106200,1,Metropolitana de Belo Horizonte,7,Belo Horizonte,30,2,2,4,0,0,INSTITUTO CULTURAL NEWTON PAIVA FERREIRA S.A.,239,343,CENTRO UNIVERSITÁRIO NEWTON PAIVA,NEWTON PAIVA,Rua C (Marechal Foch),12,-,Nova Granada,30431189.0,146,2,3,0,1,23,17,35,24,22,8,8,1,2,0,0,0,1,0,1,1,0,1,33000,15000,155,155,89,66,0,0,5,73,77,35,0,35,80,40,2,15,28,31,28,34,10,7,111,7,21,0,1,15,155,0,0
2024,Sudeste,3,Minas Gerais,MG,31,Belo Horizonte,3106200,1,Metropolitana de Belo Horizonte,7,Belo Horizonte,30,2,2,4,0,0,BRASIL EDUCACAO S/A,3052,344,CENTRO UNIVERSITÁRIO UNA,UNA,Rua dos Aimorés,1.451,Campus Sede Aimorés,Lourdes,30140071.0,234,0,2,4,4,84,58,29,18,4,1,10,8,7,5,1,0,1,1,1,1,1,1,18843,34716,362,362,214,148,0,0,24,204,134,80,0,80,54,228,6,29,65,85,94,36,31,16,283,9,70,0,0,0,361,1,0
2024,Sudeste,3,Minas Gerais,MG,31,Belo Horizonte,3106200,1,Metropolitana de Belo Horizonte,7,Belo Horizonte,30,3,2,5,0,0,FUNDACAO EDUCACIONAL MINAS GERAIS,241,345,ESCOLA DE ENGENHARIA KENNEDY,EEK,Rua José Dias Vieira,46,-,Visconde do Rio Branco,31535040.0,49,4,3,2,3,8,5,9,6,4,2,2,0,0,1,0,0,0,1,1,1,1,1,108120,15200,12,12,2,10,0,0,0,4,8,6,0,6,6,0,0,0,1,3,4,1,2,1,10,0,0,1,0,1,12,0,0
2024,Sudeste,3,São Paulo,SP,35,Limeira,3526902,0,Piracicaba,6,Limeira,27,3,2,5,0,0,ASSOCIACAO LIMEIRENSE DE EDUCACAO ALIE,242,346,INSTITUTO SUPERIOR DE CIÊNCIAS APLICADAS - ISCA,ISCA,Rodovia Deputado Laércio Corte,3000,CAIXA POSTAL 98,Chácara Vista da Graminha,13482383.0,5,0,0,0,0,2,0,0,0,3,0,0,0,0,0,0,0,1,0,0,0,1,0,0,0,27,27,8,19,0,0,14,9,4,0,0,0,0,27,1,4,3,6,2,4,2,5,23,0,0,0,0,4,27,0,0
2024,Sudeste,3,Minas Gerais,MG,31,Belo Horizonte,3106200,1,Metropolitana de Belo Horizonte,7,Belo Horizonte,30,2,2,4,0,0,IEDUC - INSTITUTO DE EDUCACAO E CULTURA S/A,14298,349,CENTRO UNIVERSITÁRIO DE BELO HORIZONTE,UNI-BH,Avenida Prof. Mário Werneck,1685,Campus Buritis - Unidade SEDE,Estoril,30455610.0,177,0,6,1,2,64,45,17,12,4,4,6,9,3,4,1,0,1,1,1,1,1,1,18843,34716,175,175,104,71,0,0,12,82,81,41,0,41,30,104,1,22,34,30,37,24,12,15,143,5,27,0,0,0,175,0,0
2024,Sudeste,3,Minas Gerais,MG,31,Belo Horizonte,3106200,1,Metropolitana de Belo Horizonte,7,Belo Horizonte,30,3,2,5,0,0,FUNDACAO EDUCACIONAL LUCAS MACHADO FELUMA,244,351,FACULDADE DE CIÊNCIAS MÉDICAS DE MINAS GERAIS,FCMMG,Alameda Ezequiel Dias,275,-,Centro,30130110.0,566,1,2,2,6,163,89,166,60,44,17,6,5,4,1,1,0,1,1,0,1,1,1,36391,21488,420,420,232,188,0,0,23,228,169,90,0,90,290,40,5,34,70,87,82,61,32,49,312,2,96,2,0,8,419,1,2
2024,Sudeste,3,São Paulo,SP,35,São Paulo,3550308,1,Metropolitana de São Paulo,15,São Paulo,61,2,2,5,0,0,ORGANIZACAO PAULISTA DE EDUCACAO E CULTURA,251,360,Centro Universitário Paulistana,UNIPAULISTANA,Rua Madre Cabrini,38,-,Vila Mariana,4020001.0,26,1,2,4,1,4,3,6,2,2,0,0,1,0,0,0,0,1,1,1,1,1,1,0,13805,54,54,18,36,0,0,11,34,9,15,0,15,33,6,0,4,4,5,8,7,14,12,45,3,5,1,0,0,54,0,0
2024,Sudeste,3,São Paulo,SP,35,São Caetano do Sul,3548807,0,Metropolitana de São Paulo,15,São Paulo,61,3,2,5,0,0,AESP - ASSOCIACAO EDUCACIONAL DE SAO PAULO,15738,361,Faculdade Paulista de Serviço Social de São Caetano do Sul,FAPSS,Avenida Paraíso,600,-,Vila Gerti,9571200.0,5,0,0,0,0,1,0,3,0,1,0,0,0,0,0,0,0,1,1,1,1,1,1,0,7650,7,7,5,2,0,1,1,3,2,6,4,2,0,1,0,0,0,4,1,0,1,1,5,0,0,0,0,2,7,0,0
2024,Sudeste,3,São Paulo,SP,35,São Paulo,3550308,1,Metropolitana de São Paulo,15,São Paulo,61,3,2,4,0,0,PRIMUM ENSINO SUPERIOR EM CIENCIAS HUMANAS E DA SAUDE LTDA,16136,362,Faculdade Primum,Primum,Rua Lopes Chaves,273,Unidade SEDE,Barra Funda,1154010.0,319,0,0,5,0,73,26,144,64,0,0,3,3,1,0,0,0,1,1,1,1,0,1,44,17223,18,18,11,7,0,0,0,8,10,1,0,1,0,17,1,0,5,3,4,3,1,1,7,6,4,0,0,1,18,0,0
2024,Sudeste,3,São Paulo,SP,35,São Paulo,3550308,1,Metropolitana de São Paulo,15,São Paulo,61,3,2,5,0,0,SOCIEDADE DE ENSINO SUPERIOR MOZARTEUM,253,363,FACULDADE MOZARTEUM DE SÃO PAULO,FAMOSP,Rua Nova dos Portugueses,365,-,Santa Terezinha,2462080.0,9,0,0,2,0,1,1,2,1,1,0,0,1,0,0,0,0,0,1,1,1,0,0,50,12000,21,21,12,9,0,0,9,6,6,4,0,4,10,7,0,0,1,0,3,4,6,7,16,1,1,1,1,1,20,1,0
2024,Sudeste,3,Minas Gerais,MG,31,Montes Claros,3143302,0,Norte de Minas,2,Montes Claros,7,1,1,2,0,0,UNIVERSIDADE ESTADUAL DE MONTES CLAROS,256,367,UNIVERSIDADE ESTADUAL DE MONTES CLAROS,UNIMONTES,Campus Universitário Prof. Darcy Ribeiro - Avenida Rui Braga,s/n,Caixa Postal 126,Vila Mauricéia,39401089.0,1486,3,9,6,5,307,203,357,150,256,113,38,15,16,8,1,0,1,1,1,1,1,1,18,14000,989,989,551,438,0,0,112,370,507,867,187,680,122,0,8,39,97,150,174,184,152,185,48,5,856,1,0,79,988,1,0
2024,Sudeste,3,São Paulo,SP,35,Sorocaba,3552205,0,Macro Metropolitana Paulista,12,Sorocaba,46,3,2,5,0,0,ASSOCIACAO CRISTA DE MOCOS DE SOROCABA,257,368,FACULDADE DE EDUCAÇÃO FÍSICA DA ASSOCIAÇÃO CRISTÃ DE MOÇOS DE SOROCABA,FEFISO,Rua da Penha,680,-,Centro,18010002.0,7,0,0,0,0,3,0,1,1,2,0,0,0,0,0,0,0,1,1,1,1,1,1,1,2741,19,19,5,14,0,0,2,10,7,10,4,6,8,1,0,1,2,0,7,4,3,2,19,0,0,0,0,0,18,1,0
2024,Sudeste,3,São Paulo,SP,35,São Paulo,3550308,1,Metropolitana de São Paulo,15,São Paulo,61,3,2,5,0,0,IBDE INSTITUTO BRASILEIRO DE DESENV.EMPRESARIAL,806,370,FACULDADE PAULISTA DE ARTES,FPA,Avenida Brigadeiro Luís Antônio,1200,SEDE,Bela Vista,1318001.0,5,0,0,0,0,1,1,1,1,1,0,0,0,0,0,1,0,0,0,0,1,1,0,0,206409,17,17,6,11,0,0,7,7,3,0,0,0,0,17,0,1,3,4,2,2,3,2,14,0,1,0,0,2,17,0,0
2024,Sudeste,3,São Paulo,SP,35,São Paulo,3550308,1,Metropolitana de São Paulo,15,São Paulo,61,3,2,4,0,0,UNIESP S.A,16134,371,FACULDADE DE MÚSICA CARLOS GOMES,FMCG,Rua Conselheiro Crispiniano,116/120/140,-,Centro,5794330.0,14,1,0,1,0,3,3,6,0,0,0,0,0,0,0,1,0,1,0,1,1,1,1,22203,11213,4,4,0,4,0,0,1,1,2,1,0,1,3,0,0,0,0,0,0,0,3,1,3,0,0,0,0,1,4,0,0
2024,Sudeste,3,São Paulo,SP,35,São Paulo,3550308,1,Metropolitana de São Paulo,15,São Paulo,61,3,2,5,0,0,FUNDACAO ESCOLA DE SOCIOLOGIA E POLITICA DE SAO PAULO,261,373,ESCOLA DE SOCIOLOGIA E POLÍTICA DE SÃO PAULO,ESP,Rua General Jardim,522,-,Vila Buarque,1223010.0,69,4,2,1,1,8,11,19,9,10,3,0,1,0,0,0,0,1,1,1,1,0,1,78,615,29,29,16,13,0,0,3,10,16,4,0,4,5,20,0,2,2,11,4,4,5,1,25,3,0,0,1,0,29,0,0
2024,Sudeste,3,São Paulo,SP,35,São Paulo,3550308,1,Metropolitana de São Paulo,15,São Paulo,61,2,2,5,0,0,FACULDADES METROPOLITANAS UNIDAS EDUCACIONAIS LTDA.,262,374,CENTRO UNIVERSITÁRIO DAS FACULDADES METROPOLITANAS UNIDAS,FMU,Rua Afonso Braz,889,-,Vila Indianópolis,4511011.0,444,0,0,0,4,125,105,56,71,30,22,11,8,8,4,1,0,1,1,1,1,1,1,60000,13000,492,492,246,246,0,0,53,264,175,99,0,99,118,275,10,40,75,88,86,75,50,68,382,6,25,6,0,73,489,3,2
2024,Sudeste,3,São Paulo,SP,35,São Paulo,3550308,1,Metropolitana de São Paulo,15,São Paulo,61,1,2,5,0,0,OBRAS SOCIAIS E EDUCACIONAIS DE LUZ,488,375,UNIVERSIDADE SANTO AMARO,UNISA,Rua Enéas de Siqueira Neto,340,-,Jardim das Imbuias,4829300.0,906,27,16,28,17,239,236,103,84,80,49,10,15,2,0,1,0,1,1,1,1,1,1,3346,25887,665,665,346,319,0,0,20,357,288,368,13,355,251,46,21,69,96,111,95,92,76,105,524,18,88,25,0,10,661,4,0
2024,Sudeste,3,São Paulo,SP,35,São Paulo,3550308,1,Metropolitana de São Paulo,15,São Paulo,61,2,2,4,0,0,ANHANGUERA EDUCACIONAL PARTICIPACOES S/A,16452,376,CENTRO UNIVERSITÁRIO ANHANGUERA DE SÃO PAULO,Anhanguera SP,Avenida Raimundo Pereira de Magalhães,3305,Campus Pirituba,Pirituba,2938000.0,202,1,0,0,1,62,46,18,37,18,11,3,2,1,2,0,0,1,1,0,1,1,1,33730,270513,706,706,341,365,0,0,213,321,172,109,0,109,366,231,42,57,95,126,135,89,75,87,560,34,95,13,2,2,705,1,28
2024,Sudeste,3,São Paulo,SP,35,São Paulo,3550308,1,Metropolitana de São Paulo,15,São Paulo,61,3,2,5,0,0,FUNDACAO ARNALDO VIEIRA DE CARVALHO,288,415,FACULDADE DE CIÊNCIAS MÉDICAS DA SANTA CASA SÃO PAULO,FCMSCSP,RUA DOUTOR CESÁRIO MOTA JÚNIOR,61,11º ANDAR,VILA BUARQUE,1221020.0,360,1,1,4,9,40,46,80,51,63,45,9,3,4,4,1,0,1,1,1,1,1,1,50000,10000,341,341,176,165,0,0,14,48,279,32,0,32,291,18,1,13,30,32,46,48,57,114,287,5,13,17,1,18,338,3,0
2024,Sudeste,3,São Paulo,SP,35,São Paulo,3550308,1,Metropolitana de São Paulo,15,São Paulo,61,3,2,4,0,0,UNIESP S.A,16134,416,FACULDADE DE SÃO PAULO,FASP,Rua Álvares Penteado,"139,180 e 216",Unidade Acadêmica,Centro,1012000.0,14,1,0,1,0,3,3,6,0,0,0,0,0,0,0,1,0,1,0,1,1,1,1,22203,11213,6,6,1,5,0,0,1,4,1,3,0,3,3,0,0,0,0,2,1,0,1,2,2,0,1,0,0,3,6,0,0
2024,Sudeste,3,São Paulo,SP,35,São Paulo,3550308,1,Metropolitana de São Paulo,15,São Paulo,61,1,2,4,0,0,SECID - SOCIEDADE EDUCACIONAL CIDADE DE SAO PAULO S.A.,290,417,UNIVERSIDADE CIDADE DE SÃO PAULO,UNICID,Rua Cesário Galero,448/475,474,Tatuapé,3071000.0,877,0,0,5,3,115,76,131,97,50,57,107,77,96,63,0,0,1,1,0,1,0,1,37126,35134,591,591,330,261,0,0,37,305,249,197,0,197,196,198,6,32,73,79,124,75,77,125,478,15,81,5,0,12,583,8,6
2024,Sudeste,3,São Paulo,SP,35,Marília,3529005,0,Marília,9,Marília,38,1,2,4,0,0,ASSOCIACAO DE ENSINO DE MARILIA LTDA,292,420,UNIVERSIDADE DE MARÍLIA,UNIMAR,Avenida Higyno Muzzi Filho,1.001,Bloco I,Campus Universitario,17525902.0,195,0,0,2,7,47,36,40,25,16,16,3,3,0,0,1,0,1,1,1,1,1,1,1034,28665,284,284,132,152,0,0,33,114,137,132,0,132,128,24,12,17,32,38,52,40,55,38,243,5,28,6,1,1,283,1,11
2024,Sudeste,3,São Paulo,SP,35,Marília,3529005,0,Marília,9,Marília,38,3,1,2,0,0,FACULDADE DE MEDICINA DE MARILIA,300,431,FACULDADE DE MEDICINA DE MARÍLIA,FAMEMA,Avenida Monte Carmelo,800,-,FRAGATA C,17519030.0,197,1,2,5,5,35,22,65,16,22,13,10,0,0,1,1,0,1,1,0,1,1,1,16948,0,192,192,92,100,0,0,43,42,107,101,43,58,91,0,0,2,11,16,26,10,29,98,180,0,2,10,0,0,192,0,5
2024,Sudeste,3,São Paulo,SP,35,São Paulo,3550308,1,Metropolitana de São Paulo,15,São Paulo,61,3,2,5,0,0,ASSOCIACAO SANTA MARCELINA,303,434,FACULDADE SANTA MARCELINA,FASM,Rua Doutor Emílio Ribas,89,-,Perdizes,5006020.0,181,0,0,0,2,26,31,40,18,11,12,7,8,11,15,1,0,1,1,1,1,1,1,338,30025,322,322,157,165,0,0,130,102,90,50,1,49,181,91,4,17,33,60,74,44,37,53,246,5,36,13,0,22,315,7,0
2024,Sudeste,3,Minas Gerais,MG,31,Muriaé,3143906,0,Zona da Mata,12,Muriaé,63,3,2,5,0,0,ASSOCIACAO SANTA MARCELINA,303,435,FACULDADE SANTA MARCELINA MURIAÉ - FASM,FASM,Praça Praça Annina Bisegna,40,-,Centro,36880083.0,19,0,0,1,0,3,2,6,0,4,1,0,2,0,0,0,0,1,1,1,1,1,1,112,15814,27,27,13,14,0,0,10,10,7,2,0,2,6,19,4,1,7,6,4,1,3,1,20,0,7,0,0,0,27,0,0
2024,Sudeste,3,São Paulo,SP,35,Ituverava,3524105,0,Ribeirão Preto,2,Ituverava,11,3,2,5,1,0,FUNDACAO EDUCACIONAL DE ITUVERAVA,306,438,FACULDADE DE FILOSOFIA CIÊNCIAS E LETRAS DE ITUVERAVA,FFCL,Rua Coronel Flauzino Barbosa Sandoval,1259,-,Cidade Universitária,14500000.0,5,0,0,0,0,0,0,2,1,2,0,0,0,0,0,1,0,1,1,1,1,1,1,27812,668,60,60,23,37,0,0,25,22,13,1,0,1,2,57,10,6,11,10,6,8,4,5,38,0,4,2,0,16,60,0,0
2024,Sudeste,3,São Paulo,SP,35,Ituverava,3524105,0,Ribeirão Preto,2,Ituverava,11,3,2,5,0,0,FUNDACAO EDUCACIONAL DE ITUVERAVA,306,439,FACULDADE DOUTOR FRANCISCO MAEDA,FAFRAM,Rodovia Jerônimo Nunes Macêdo Km 01,s/n,Campus Agronomia,Aeroporto,14500000.0,89,0,0,4,5,17,21,28,11,0,0,0,1,1,1,0,0,1,1,1,1,1,1,668,27812,104,104,49,55,0,1,19,36,48,23,7,16,19,62,6,17,22,18,18,8,7,8,88,3,4,5,0,4,104,0,0
2024,Sudeste,3,São Paulo,SP,35,Itu,3523909,0,Macro Metropolitana Paulista,12,Sorocaba,46,3,2,4,0,0,OSAC - ORGANIZACAO SOROCABANA DE ASSISTENCIA E CULTURA LTDA.,307,440,FACULDADE DE DIREITO DE ITÚ,FADITU,Avenida Tiradentes,1.817,-,Parque Industrial,13309640.0,19,0,0,0,0,4,3,8,1,1,1,1,0,0,0,0,0,1,1,1,1,1,1,28,10158,51,51,13,38,0,0,12,33,6,5,0,5,1,45,1,4,7,16,9,4,3,7,44,3,2,0,0,2,51,0,0
2024,Sudeste,3,São Paulo,SP,35,São Paulo,3550308,1,Metropolitana de São Paulo,15,São Paulo,61,2,2,5,0,0,INSTITUTO SANTANENSE DE ENSINO SUPERIOR,316,456,CENTRO UNIVERSITÁRIO SANT¿ANNA,UNISANT'ANNA,Rua Voluntários da Pátria,257,CAMPUS  - SÃO PAULO - SANTANA,Santana,2011000.0,80,2,3,2,3,9,32,11,10,5,2,0,1,0,0,1,0,1,1,1,1,1,1,108273,16941,44,44,20,24,0,0,2,31,11,39,0,39,5,0,0,2,6,6,8,9,3,10,31,2,7,1,0,3,44,0,0
2024,Sudeste,3,São Paulo,SP,35,São Paulo,3550308,1,Metropolitana de São Paulo,15,São Paulo,61,1,2,5,0,0,ASSOCIACAO DE ENSINO IMPERIUM,17411,458,UNIVERSIDADE IBIRAPUERA,UNIB,Avenida Interlagos,1.329,-,Jardim Marajoara,4661100.0,13,0,0,0,0,0,0,6,4,0,0,1,2,0,0,1,0,1,1,1,1,1,1,500,236673,57,57,30,27,0,0,11,25,21,32,0,32,13,12,3,5,11,13,13,5,3,4,35,4,3,2,0,13,56,1,1
2024,Sudeste,3,São Paulo,SP,35,São Paulo,3550308,1,Metropolitana de São Paulo,15,São Paulo,61,2,2,5,0,0,FUNDACAO ARMANDO ALVARES PENTEADO,320,461,CENTRO UNIVERSITÁRIO ARMANDO ALVARES PENTEADO,FA-FAAP,Rua Alagoas,903,-,HIGIENOPOLIS,1242902.0,71,0,0,0,1,15,9,7,18,8,11,0,2,0,0,0,0,1,0,1,1,1,1,8307,20752,270,270,116,154,0,0,26,120,124,59,0,59,9,202,2,10,14,32,41,44,36,91,259,3,2,6,0,0,270,0,0
2024,Sudeste,3,São Paulo,SP,35,São Paulo,3550308,1,Metropolitana de São Paulo,15,São Paulo,61,1,2,4,0,0,ISCP - SOCIEDADE EDUCACIONAL LTDA.,321,466,UNIVERSIDADE ANHEMBI MORUMBI,UAM,Rua Dr. Almeida Lima,1124 e 1134,CAMPUS MOOCA,Brás,3164000.0,1176,3,0,10,7,354,216,222,117,113,63,29,20,11,11,1,0,1,1,1,1,1,1,18843,34716,659,659,345,314,0,0,172,261,226,186,0,186,105,368,19,52,115,129,105,86,73,80,650,3,5,1,0,0,659,0,0
2024,Sudeste,3,Rio de Janeiro,RJ,33,Duque de Caxias,3301702,0,Metropolitana do Rio de Janeiro,6,Rio de Janeiro,18,1,2,4,0,0,COMPANHIA NILZA CORDEIRO HERDY DE EDUCACAO E CULTURA,326,472,UNIVERSIDADE DO GRANDE RIO PROFESSOR JOSÉ DE SOUZA HERDY,UNIGRANRIO,Avenida Perimetral Professor José de Souza Herdy,120,POLO NA SEDE,Jardim Vinte e Cinco de Agosto,25075142.0,381,5,9,6,12,91,91,50,37,18,14,16,11,10,11,1,0,1,1,1,1,0,1,127932,40895,630,630,362,268,0,0,139,268,223,230,0,230,369,31,14,77,91,115,113,94,58,68,326,30,76,0,1,197,628,2,3
2024,Sudeste,3,Rio de Janeiro,RJ,33,Resende,3304201,0,Sul Fluminense,5,Vale do Paraíba Fluminense,11,2,2,5,0,0,ASSOCIACAO EDUCACIONAL DOM BOSCO,327,473,Centro Universitário Dom Bosco do Rio de Janeiro,UniDomBosco-RJ,Avenida Professor Antonio Esteves,01,-,Morada da Colina,27523000.0,65,0,1,0,3,9,7,18,10,8,5,0,4,0,0,0,0,1,1,0,1,1,1,387,12000,59,59,22,37,0,0,16,32,11,12,0,12,15,32,2,3,5,8,11,13,7,10,44,0,11,0,0,4,59,0,2
2024,Sudeste,3,Rio de Janeiro,RJ,33,Resende,3304201,0,Sul Fluminense,5,Vale do Paraíba Fluminense,11,3,2,5,0,0,ASSOCIACAO EDUCACIONAL DOM BOSCO,327,474,FACULDADE DE FILOSOFIA CIÊNCIAS E LETRAS DOM BOSCO,FFCLDB,Avenida Professor Antonio Esteves,01,-,Morada da Colina,27523000.0,65,0,1,0,3,9,7,18,10,8,5,0,4,0,0,0,0,1,1,0,1,1,1,387,12000,30,30,17,13,0,0,5,16,9,6,0,6,9,15,1,2,4,4,7,4,2,6,19,1,5,0,0,5,30,0,0
2024,Sudeste,3,Rio de Janeiro,RJ,33,Petrópolis,3303906,0,Metropolitana do Rio de Janeiro,6,Serrana,15,3,2,5,0,0,FUNDACAO OCTACILIO GUALBERTO,328,475,FACULDADE DE MEDICINA DE PETRÓPOLIS,FMP,Avenida Barão do Rio Branco,1003,-,Centro,25680120.0,363,1,5,6,10,65,34,48,18,97,54,14,2,6,3,0,0,1,1,1,0,0,1,997,22209,338,338,204,134,0,0,53,159,126,95,0,95,221,22,3,15,41,46,43,48,48,94,304,1,13,3,1,16,333,5,1
2024,Sudeste,3,Rio de Janeiro,RJ,33,Teresópolis,3305802,0,Metropolitana do Rio de Janeiro,6,Serrana,15,2,2,5,0,0,FESO FUNDACAO EDUCACIONAL SERRA DOS ORGAOS,330,480,CENTRO UNIVERSITÁRIO SERRA DOS ÓRGÃOS,UNIFESO,Avenida Alberto Torres,111,- até 491 - lado ímpar,Alto,25964004.0,348,0,0,11,14,69,54,96,55,31,12,4,2,0,0,0,0,1,0,1,1,1,1,0,503,428,428,243,185,0,0,115,151,162,89,0,89,304,35,5,38,65,56,67,62,44,91,306,12,35,1,1,73,423,5,2
2024,Sudeste,3,São Paulo,SP,35,Guarulhos,3518800,0,Metropolitana de São Paulo,15,Guarulhos,59,1,2,5,0,0,SOCIEDADE PAULISTA DE ENSINO E PESQUISA S/S LTDA,16298,481,Universidade Universus Veritas Guarulhos,Univeritas UNG,Praça Tereza Cristina,88,Guarulhos Centro,Centro,7023070.0,265,1,9,2,6,29,42,94,57,6,11,3,1,2,2,1,0,1,1,0,0,0,0,44348,32022,423,423,225,198,0,0,113,182,128,178,0,178,73,172,15,56,85,74,73,63,22,35,297,5,112,3,2,4,419,4,0
2024,Sudeste,3,São Paulo,SP,35,Guarulhos,3518800,0,Metropolitana de São Paulo,15,Guarulhos,59,2,2,5,0,0,SOCIEDADE GUARULHENSE DE EDUCACAO,333,483,CENTRO UNIVERSITÁRIO METROPOLITANO DE SÃO PAULO,UNIMESP,Rua Doutor Solon Fernandes,155,Centro Universitário Metropolitano de São Paulo - Unimesp,Vila Rosália - Guarulhos,7072080.0,106,7,7,4,4,9,10,24,19,13,8,0,1,0,0,1,0,1,1,1,1,1,1,334,29340,35,35,13,22,0,0,5,20,10,21,0,21,13,1,0,0,0,1,4,7,3,20,30,0,3,0,0,2,34,1,0
2024,Sudeste,3,Rio de Janeiro,RJ,33,Volta Redonda,3306305,0,Sul Fluminense,5,Vale do Paraíba Fluminense,11,2,2,5,0,0,FUNDACAO OSWALDO ARANHA,336,489,CENTRO UNIVERSITÁRIO DE VOLTA REDONDA,UNIFOA,Avenida Dauro Peixoto Aragão,1325,CAMPUS  - VOLTA REDONDA - TRÊS POÇOS,Três Poços,27240560.0,345,0,17,1,7,80,46,95,44,23,18,5,8,1,0,1,0,1,1,1,1,0,1,44246,19651,337,337,153,184,0,0,23,172,142,110,0,110,221,6,3,10,27,48,65,64,41,79,240,9,45,0,0,43,334,3,0
2024,Sudeste,3,Rio de Janeiro,RJ,33,Valença,3306107,0,Sul Fluminense,5,Barra do Piraí,12,2,2,5,0,0,FUNDACAO EDUCACIONAL D ANDRE ARCOVERDE,337,490,CENTRO UNIVERSITÁRIO DE VALENÇA,UNIFAA,Rua Sargento Vitor Hugo,219,Unidade SEDE,Fátima,27600000.0,421,12,9,64,30,60,27,42,51,35,20,22,25,15,9,0,0,1,1,1,1,0,1,660,25370,195,195,98,97,0,0,15,105,75,79,0,79,116,0,4,20,36,44,28,19,18,26,166,6,20,0,0,3,194,1,1
2024,Sudeste,3,São Paulo,SP,35,Guarujá,3518701,0,Metropolitana de São Paulo,15,Santos,63,2,2,5,0,0,ASSOCIACAO AMPARO AOS PRAIANOS DO GUARUJA,338,491,CENTRO UNIVERSITÁRIO DON DOMÊNICO,UNIDON,Av. Dr. Arthur Costa Filho,20,-,Vila Maia,11410080.0,15,0,0,0,0,0,0,3,2,0,2,4,3,0,1,0,0,1,0,0,1,0,1,4,15287,54,54,27,27,0,0,14,32,8,19,0,19,6,29,0,1,8,12,9,9,7,8,43,2,5,1,0,3,53,1,0
2024,Sudeste,3,São Paulo,SP,35,Guaratinguetá,3518404,0,Vale do Paraíba Paulista,13,Guaratinguetá,51,3,2,5,0,0,UNIESP S.A,16134,493,FACULDADE DE EDUCAÇÃO DE GUARATINGUETÁ,FACEG,AVENIDA PEDRO DE TOLEDO,195,PAVIMENTO INFERIOR,VILA PARAÍBA,12515690.0,5,0,0,0,1,1,2,0,0,1,0,0,0,0,0,0,0,1,1,1,1,1,1,22203,14701,12,12,10,2,0,0,0,7,5,2,0,2,10,0,0,0,0,2,1,4,1,4,8,0,4,0,0,0,12,0,0
2024,Sudeste,3,São Paulo,SP,35,Bragança Paulista,3507605,0,Macro Metropolitana Paulista,12,Bragança Paulista,48,3,1,3,0,0,FUNDACAO MUNICIPAL DE ENSINO SUPERIOR BRAGANCA PAULISTA,341,495,FACULDADE DE CIÊNCIAS E LETRAS DE BRAGANÇA PAULISTA,FESB,Avenida Francisco Samuel Lucche Filho,770,-,Penha,12929600.0,19,0,0,0,0,3,2,9,3,1,1,0,0,0,0,0,0,1,1,1,1,1,1,12,16882,75,75,41,34,0,0,24,33,18,0,0,0,0,75,2,2,9,9,17,8,15,13,61,1,3,1,0,9,74,1,0
2024,Sudeste,3,São Paulo,SP,35,Franca,3516200,0,Ribeirão Preto,2,Franca,12,1,2,4,0,0,ACEF S/A.,342,496,UNIVERSIDADE DE FRANCA,UNIFRAN,Avenida Doutor Armando Sales Oliveira,201,-,Parque Universitário,14404600.0,466,0,0,8,8,48,62,50,32,32,29,56,51,53,37,1,0,1,1,0,1,0,1,50224,35134,377,377,203,174,0,0,32,198,147,126,0,126,120,131,7,16,59,57,74,60,51,53,327,11,32,1,0,6,375,2,2
2024,Sudeste,3,Espírito Santo,ES,32,Vitória,3205309,1,Central Espírito-santense,3,Vitória,9,3,2,5,0,0,IRMANDADE DA SANTA CASA DE MISERICORDIA DE VITORIA,345,501,ESCOLA SUPERIOR DE CIÊNCIAS DA SANTA CASA DE MISERICÓRDIA DE VITÓRIA,EMESCAM,AVENIDA NOSSA SENHORA DA PENHA,2190,-,SANTA LUIZA,29045402.0,85,0,1,1,1,22,11,22,8,16,2,0,0,1,0,1,0,1,0,1,1,0,1,35069,15821,195,195,121,74,0,0,54,85,56,17,7,10,165,13,5,17,26,44,27,20,11,45,152,3,39,1,0,0,195,0,0
2024,Sudeste,3,São Paulo,SP,35,Santos,3548500,0,Metropolitana de São Paulo,15,Santos,63,2,2,4,0,0,"INSTITUTO DE EDUCACAO, CULTURA E ENSINO SUPERIOR S/A",346,502,CENTRO UNIVERSITÁRIO SÃO JUDAS TADEU,CSJT,Avenida Rangel Pestana,99,CAMPUS UNIMONTE,Vila Mathias,11013551.0,57,0,1,0,2,15,11,10,4,2,3,4,3,2,0,1,0,1,1,1,1,1,1,18843,34716,110,110,64,46,0,0,12,57,41,24,0,24,11,75,0,6,14,21,23,12,18,16,100,2,8,0,0,0,110,0,0
2024,Sudeste,3,Rio de Janeiro,RJ,33,Campos dos Goytacazes,3301009,0,Norte Fluminense,2,Campos dos Goytacazes,3,3,2,5,0,0,FUNDACAO BENEDITO PEREIRA NUNES,348,506,FACULDADE DE MEDICINA DE CAMPOS,FMC,Avenida Alberto Torres,217,- de 103 a 407 - lado ímpar,Centro,28035581.0,81,1,1,0,3,22,24,16,6,7,0,1,0,0,0,0,0,1,1,0,1,1,1,143,7991,143,143,62,81,0,0,34,63,46,12,0,12,106,25,1,3,8,18,23,18,15,57,118,1,11,1,8,4,143,0,1
2024,Sudeste,3,Minas Gerais,MG,31,Ituiutaba,3134202,0,Triângulo Mineiro/Alto Paranaíba,5,Ituiutaba,17,3,2,4,0,0,CENTRO DE EDUCACAO SUPERIOR MAIS LTDA,2666,507,Faculdade Mais de Ituiutaba,FacMais,Avenida Geraldo Alves Tavares,1980,-,Universitário,38302134.0,27,0,0,0,2,6,7,7,1,3,1,0,0,0,0,0,0,1,1,1,1,1,0,330,15000,72,72,40,32,0,0,24,34,14,14,2,12,58,0,9,14,21,14,7,2,4,1,65,0,7,0,0,0,72,0,1
2024,Sudeste,3,Minas Gerais,MG,31,Itajubá,3132404,0,Sul/Sudoeste de Minas,10,Itajubá,56,3,2,5,0,0,CENTRO REGIONAL DE CULTURA,350,508,FACULDADE DE CIÊNCIAS SOCIAIS APLICADAS DO SUL DE MINAS - FACESM,FACESM,Avenida Presidente Tancredo de Almeida Neves,45,-,São Judas Tadeu,37504066.0,17,0,0,0,0,2,2,2,1,2,1,1,4,0,2,0,0,1,1,1,1,1,1,4957,17800,19,19,5,14,0,0,2,13,4,5,0,5,2,12,0,3,2,2,2,3,4,3,18,1,0,0,0,0,19,0,0
2024,Sudeste,3,Minas Gerais,MG,31,Itajubá,3132404,0,Sul/Sudoeste de Minas,10,Itajubá,56,3,2,5,0,1,"ASSOCIACAO DE EDUCACAO, SAUDE E CULTURA - AESC",352,510,FACULDADE WENCESLAU BRAZ,,Avenida Cesário Alvim,566,-,Centro,37501059.0,14,0,0,0,0,3,1,5,1,2,0,2,0,0,0,0,0,1,1,1,1,1,1,0,3522,22,22,21,1,0,1,5,12,4,1,1,0,10,11,2,2,4,3,1,3,2,5,19,0,3,0,0,0,22,0,0
2024,Sudeste,3,Minas Gerais,MG,31,Governador Valadares,3127701,0,Vale do Rio Doce,8,Governador Valadares,37,1,2,5,0,0,FUNDACAO PERCIVAL FARQUHAR,354,513,UNIVERSIDADE VALE DO RIO DOCE,UNIVALE,Rua Israel Pinheiro,2000,Campus Antônio Rodrigues Coelho,Universitário,35020220.0,431,9,32,7,11,61,81,88,41,50,26,12,11,1,1,1,0,0,1,1,1,1,1,24937,32280,318,318,180,138,0,0,112,141,65,106,0,106,144,68,19,43,60,68,37,24,31,36,247,7,64,0,0,0,318,0,0
2024,Sudeste,3,Rio de Janeiro,RJ,33,Barra Mansa,3300407,0,Sul Fluminense,5,Vale do Paraíba Fluminense,11,2,2,5,0,0,SOBEU - ASSOCIACAO BARRAMANSENSE DE ENSINO,355,514,CENTRO UNIVERSITÁRIO DE BARRA MANSA,UBM,Rua Vereador Pinho de Carvalho,267,Campus Barra Mansa,Centro,27330550.0,163,6,9,3,2,48,32,29,18,9,4,3,0,0,0,1,0,0,1,0,1,1,0,17351,441,104,104,62,42,0,0,13,68,23,27,0,27,65,12,3,10,12,15,18,14,12,20,89,4,8,0,1,2,104,0,0
2024,Sudeste,3,Rio de Janeiro,RJ,33,Niterói,3303302,0,Metropolitana do Rio de Janeiro,6,Rio de Janeiro,18,2,2,4,0,0,ANHANGUERA EDUCACIONAL PARTICIPACOES S/A,16452,515,Centro Universitário Anhanguera Pitágoras Unopar de Niterói,UNIAN-RJ,Rua Visconde do Rio Branco,123,Unidade SEDE,Centro,24020000.0,40,1,0,0,0,11,8,8,6,4,1,0,1,0,0,0,0,1,1,0,1,1,1,33730,270513,294,294,161,133,0,0,38,145,111,56,0,56,201,37,15,39,60,62,42,29,26,21,220,14,50,8,0,2,293,1,7
2024,Sudeste,3,Rio de Janeiro,RJ,33,Rio de Janeiro,3304557,1,Metropolitana do Rio de Janeiro,6,Rio de Janeiro,18,2,2,5,0,0,UNIESP S.A,16134,516,CENTRO UNIVERSITÁRIO DO RIO DE JANEIRO,UNIRJ,Rua Engenheiro Trindade,229,-,Campo Grande,23050290.0,13,0,0,0,0,2,0,4,1,4,1,1,0,0,0,0,0,1,1,0,1,1,1,22203,14701,18,18,7,11,0,0,8,6,4,6,0,6,4,8,0,1,1,4,2,4,3,3,9,2,7,0,0,0,18,0,0
2024,Sudeste,3,São Paulo,SP,35,Jaboticabal,3524303,0,Ribeirão Preto,2,Jaboticabal,13,3,2,5,0,0,ASSOCIACAO JABOTICABALENSE DE EDUCACAO E CULTURA,358,517,FACULDADE DE EDUCAÇÃO SÃO LUÍS,FESL,Rua Floriano Peixoto,839/873,- até 969/970,Centro,14870370.0,27,0,0,0,0,3,3,13,6,1,0,0,0,1,0,0,0,1,0,0,1,0,1,380,1,100,100,52,48,0,0,29,47,24,10,0,10,49,41,0,4,13,23,26,11,6,17,96,0,2,2,0,0,99,1,1
2024,Sudeste,3,São Paulo,SP,35,Mogi das Cruzes,3530607,0,Metropolitana de São Paulo,15,Mogi das Cruzes,62,1,2,4,0,0,ORGANIZACAO MOGIANA DE EDUCACAO E CULTURA SOCIEDADE SIMPLES LIMITADA,362,521,UNIVERSIDADE DE MOGI DAS CRUZES,UMC,Avenida Doutor Cândido Xavier de Almeida Souza,200,Campus Universitário,Centro Cívico,8780911.0,280,0,0,5,3,77,80,26,50,6,12,5,8,3,5,1,0,1,1,0,1,1,1,0,31601,484,484,214,270,0,0,133,213,138,187,0,187,179,118,15,41,46,73,90,69,50,100,376,8,63,18,0,19,477,7,2
2024,Sudeste,3,Rio de Janeiro,RJ,33,Rio de Janeiro,3304557,1,Metropolitana do Rio de Janeiro,6,Rio de Janeiro,18,2,2,5,0,0,INSTITUTO SUPERIOR DE ENSINO CELSO LISBOA,363,522,CENTRO UNIVERSITÁRIO CELSO LISBOA,UCL,Rua Vinte e Quatro de Maio,797,-,Sampaio,20950091.0,216,0,1,2,8,53,51,60,23,12,4,2,0,0,0,0,0,1,1,1,1,0,1,18058,19,174,174,82,92,0,0,21,99,54,35,0,35,132,7,2,10,25,44,26,20,21,26,89,11,16,0,0,58,174,0,0
2024,Sudeste,3,São Paulo,SP,35,Mogi das Cruzes,3530607,0,Metropolitana de São Paulo,15,Mogi das Cruzes,62,2,2,4,0,0,SOCIEDADE EDUCACIONAL BRAZ CUBAS LTDA.,365,526,CENTRO UNIVERSITÁRIO BRAZ CUBAS,,Av. Francisco Rodrigues Filho,1233,-,Mogilar,8773380.0,305,0,0,1,6,29,27,37,26,33,35,41,37,21,12,0,0,1,1,0,1,0,1,37126,35134,357,357,197,160,0,0,59,184,114,72,0,72,148,137,7,31,53,57,65,47,47,50,292,13,39,5,1,7,354,3,4
2024,Sudeste,3,Rio de Janeiro,RJ,33,Rio de Janeiro,3304557,1,Metropolitana do Rio de Janeiro,6,Rio de Janeiro,18,1,2,5,1,1,FACULDADES CATOLICAS,367,528,PONTIFÍCIA UNIVERSIDADE CATÓLICA DO RIO DE JANEIRO,PUC-RIO,Pontifícia Universidade Católica - PUC,225,Rua Marques São Vicente,Gávea,22451900.0,1930,6,40,8,50,152,428,312,406,90,62,72,145,47,112,1,0,1,1,1,1,1,1,38000,250000,1231,1231,505,726,0,1,62,275,893,435,0,435,115,681,8,47,99,147,159,181,169,421,1095,28,70,4,2,32,1163,68,7
2024,Sudeste,3,Espírito Santo,ES,32,Vitória,3205309,1,Central Espírito-santense,3,Vitória,9,3,1,2,0,0,ESPIRITO SANTO SECRETARIA DE ESTADO DA EDUCACAO,368,530,FACULDADE DE MÚSICA DO ESPÍRITO SANTO MAURÍCIO DE OLIVEIRA,FAMES,Praça Américo Poli Monjardim,60,-,Centro,29010640.0,40,0,0,0,3,8,4,8,5,5,3,1,1,1,1,0,0,0,0,0,1,1,1,0,0,61,61,17,44,0,2,12,27,20,60,1,59,1,0,4,9,10,9,11,4,5,9,43,8,10,0,0,0,60,1,5
2024,Sudeste,3,São Paulo,SP,35,Itapetininga,3522307,0,Itapetininga,11,Itapetininga,42,3,2,5,0,0,FUNDACAO KARNIG BAZARIAN,371,533,FACULDADES INTEGRADAS DE ITAPETININGA,FII,Rodovia Raposo Tavares KM 162,S/N,Campus,Nova Itapetininga,18203340.0,25,0,0,0,0,7,4,6,2,0,5,0,1,0,0,0,0,0,0,0,1,1,1,0,12009,47,47,12,35,0,0,28,17,2,9,3,6,32,6,1,3,5,11,7,13,3,4,38,0,2,1,0,6,47,0,1
2024,Sudeste,3,Minas Gerais,MG,31,Itabira,3131703,0,Metropolitana de Belo Horizonte,7,Itabira,31,2,2,5,1,0,FUNDACAO COMUNITARIA DE ENSINO SUPERIOR DE ITABIRA,779,545,Centro Universitário FUNCESI,UNIFUNCESI,RUA VENÂNCIO AUGUSTO GOMES,50,-,MAJOR LAGE DE CIMA,35900972.0,95,0,0,0,2,23,18,12,6,19,5,7,1,2,0,0,0,1,1,1,1,1,1,6000,12000,80,80,47,33,0,0,22,37,21,14,0,14,27,39,1,9,18,20,8,10,6,8,45,3,23,0,0,9,80,0,0
2024,Sudeste,3,São Paulo,SP,35,São Paulo,3550308,1,Metropolitana de São Paulo,15,São Paulo,61,1,2,5,1,1,FUNDACAO SAO PAULO,378,546,PONTIFÍCIA UNIVERSIDADE CATÓLICA DE SÃO PAULO,PUCSP,Rua Monte Alegre,984,São Paulo - SEDE - Campus Monte Alegre,Perdizes,5014901.0,883,2,18,7,16,104,153,241,147,94,44,33,20,2,2,1,0,1,1,1,1,1,1,40,15500,1122,1122,527,595,0,3,43,165,911,376,0,376,639,107,1,24,52,81,85,120,149,610,1032,22,45,20,3,0,1090,32,14
2024,Sudeste,3,Rio de Janeiro,RJ,33,Rio de Janeiro,3304557,1,Metropolitana do Rio de Janeiro,6,Rio de Janeiro,18,1,1,2,0,0,UNIVERSIDADE DO ESTADO DO RIO DE JANEIRO,379,547,UNIVERSIDADE DO ESTADO DO RIO DE JANEIRO,UERJ,Rua São Francisco Xavier,524,CAMPUS UERJ,MARACANÃ,,2985,1,2,1,18,151,291,426,474,614,438,263,142,102,62,1,0,1,1,1,1,1,1,0,29075,3203,3203,1598,1605,0,37,32,364,2770,2703,1990,713,108,392,49,221,372,565,457,358,383,798,2195,129,403,25,12,439,3122,81,42
2024,Sudeste,3,Minas Gerais,MG,31,Boa Esperança,3107109,0,Sul/Sudoeste de Minas,10,Varginha,50,3,2,5,0,0,CESBE - CENTRO EDUCACIONAL E ENSINO SUPERIOR DE BOA ESPERANCA LTDA,17099,554,"FACULDADE DE FILOSOFIA, CIÊNCIAS E LETRAS DE BOA ESPERANÇA",FAFIBE,Avenida Aureliano Chaves,192,-,Jardim Nova Esperança,37170000.0,4,0,0,0,0,0,1,2,0,1,0,0,0,0,0,0,0,0,0,0,0,0,0,0,0,5,5,5,0,0,0,3,2,0,0,0,0,0,5,0,1,2,0,1,1,0,0,5,0,0,0,0,0,5,0,0
2024,Sudeste,3,Rio de Janeiro,RJ,33,Niterói,3303302,0,Metropolitana do Rio de Janeiro,6,Rio de Janeiro,18,1,1,1,0,0,UNIVERSIDADE FEDERAL FLUMINENSE,15589,572,UNIVERSIDADE FEDERAL FLUMINENSE,UFF,Rua Miguel de Frias,9,-,Icaraí,24220008.0,3632,7,49,28,48,326,348,619,472,508,360,401,241,137,88,1,0,1,1,0,1,1,1,196,1494,3395,3395,1568,1827,0,29,19,359,2988,3135,2790,345,260,0,37,173,300,552,583,480,455,815,1702,128,308,15,6,1236,3258,137,2
2024,Sudeste,3,Espírito Santo,ES,32,Vitória,3205309,1,Central Espírito-santense,3,Vitória,9,1,1,1,0,0,UNIVERSIDADE FEDERAL DO ESPIRITO SANTO,15591,573,UNIVERSIDADE FEDERAL DO ESPÍRITO SANTO,UFES,"Av. Fernando Ferrari, 514, Goiabeiras.",514,Campus Universitário,Goiabeiras,29075910.0,1689,1,2,1,4,237,159,72,99,310,262,260,200,46,36,1,0,1,1,0,1,1,1,35,21572,1744,1744,812,932,0,14,19,145,1566,1680,1515,165,64,0,6,65,190,344,358,249,241,291,1287,70,358,18,11,0,1707,37,16
2024,Sudeste,3,Rio de Janeiro,RJ,33,Seropédica,3305554,0,Metropolitana do Rio de Janeiro,6,Itaguaí,17,1,1,1,0,0,UNIVERSIDADE FEDERAL RURAL DO RIO DE JANEIRO,9053,574,UNIVERSIDADE FEDERAL RURAL DO RIO DE JANEIRO,UFRRJ,Rodovia BR 465 - KM 7,s/n,-,Campus Universitário,,1042,21,86,1,21,45,137,86,106,153,171,85,77,28,25,1,0,0,1,0,1,0,1,18,1,1270,1270,580,690,0,4,4,122,1140,1160,1148,12,110,0,15,52,137,261,230,189,155,231,527,56,151,9,5,522,1248,22,10
2024,Sudeste,3,Minas Gerais,MG,31,Belo Horizonte,3106200,1,Metropolitana de Belo Horizonte,7,Belo Horizonte,30,1,1,1,0,0,UNIVERSIDADE FEDERAL DE MINAS GERAIS,15515,575,UNIVERSIDADE FEDERAL DE MINAS GERAIS,UFMG,Avenida Antonio Carlos,6627,-,Pampulha,31270901.0,4233,4,31,12,23,166,203,299,276,1259,862,508,263,211,116,1,0,1,1,1,1,1,1,300,37147,3271,3271,1503,1768,0,11,15,171,3074,3068,2623,445,203,0,28,149,409,543,537,479,483,643,2570,96,569,32,4,0,3181,90,0
2024,Sudeste,3,Minas Gerais,MG,31,Juiz de Fora,3136702,0,Zona da Mata,12,Juiz de Fora,65,1,1,1,0,0,UNIVERSIDADE FEDERAL DE JUIZ DE FORA UFJF,15648,576,UNIVERSIDADE FEDERAL DE JUIZ DE FORA,UFJF,Campus Universitário,s/n,UFJF,São Pedro,36036900.0,1238,0,11,1,3,21,35,55,82,253,212,278,183,58,46,1,0,1,1,1,1,1,1,1121,34035,1740,1740,803,937,0,23,84,205,1428,1610,1359,251,130,0,39,121,210,366,295,265,191,253,779,30,145,9,1,776,1720,20,11
2024,Sudeste,3,Rio de Janeiro,RJ,33,Rio de Janeiro,3304557,1,Metropolitana do Rio de Janeiro,6,Rio de Janeiro,18,1,1,1,0,0,UNIVERSIDADE FEDERAL DO RIO DE JANEIRO,15536,586,UNIVERSIDADE FEDERAL DO RIO DE JANEIRO,UFRJ,Avenida Brigadeiro Trompowsky,s/n,Cidade Universitária,Ilha do Fundão,21941590.0,4835,6,30,10,60,271,638,551,758,655,491,584,377,243,161,1,0,1,1,1,1,1,1,5000,36200,4501,4501,2156,2345,0,120,57,515,3809,3742,3534,208,759,0,137,284,476,687,633,528,555,1201,1683,86,268,4,1,2459,4324,177,29
2024,Sudeste,3,São Paulo,SP,35,São Paulo,3550308,1,Metropolitana de São Paulo,15,São Paulo,61,1,1,1,0,0,UNIVERSIDADE FEDERAL DE SAO PAULO,9144,591,UNIVERSIDADE FEDERAL DE SÃO PAULO,UNIFESP,Rua Sena Madureira,1500,-,Vila Clementino,4021001.0,1535,4,9,3,13,31,63,117,121,359,254,242,131,127,61,1,0,1,1,1,1,1,1,45905,44985,1699,1699,865,834,0,0,2,31,1666,1657,1260,397,42,0,2,24,106,265,339,300,255,408,1446,30,130,87,6,0,1656,43,3
2024,Sudeste,3,Minas Gerais,MG,31,Lavras,3138203,0,Campo das Vertentes,11,Lavras,57,1,1,1,0,0,UNIVERSIDADE FEDERAL DE LAVRAS,8137,592,UNIVERSIDADE FEDERAL DE LAVRAS,UFLA,Trevo Rotatório Professor Edmir Sá Santos,S/N,-,Universidade Federal de Lavras,37203202.0,555,0,3,1,1,3,21,24,34,78,106,81,105,58,40,1,0,1,1,0,1,1,1,3,691,883,883,349,534,0,1,25,40,817,877,801,76,6,0,9,56,195,192,136,100,95,100,408,21,71,4,0,379,865,18,1
2024,Sudeste,3,Rio de Janeiro,RJ,33,Rio de Janeiro,3304557,1,Metropolitana do Rio de Janeiro,6,Rio de Janeiro,18,5,1,1,0,0,CENTRO FED DE ED TECNOLOGICA CELSO SUCKOW DA FONSECA RJ,16655,593,CENTRO FEDERAL DE EDUCAÇÃO TECNOLÓGICA CELSO SUCKOW DA FONSECA,CEFET/RJ,Avenida Maracanã,229,-,Maracanã,20271110.0,593,1,7,0,1,13,58,19,61,112,105,116,68,22,10,1,0,1,1,1,1,1,1,234,17000,640,640,193,447,1,7,15,196,421,625,553,72,15,0,9,58,108,144,104,82,54,81,392,31,125,3,4,85,626,14,9
2024,Sudeste,3,Minas Gerais,MG,31,Belo Horizonte,3106200,1,Metropolitana de Belo Horizonte,7,Belo Horizonte,30,5,1,1,0,0,CENTRO FEDERAL DE EDUCACAO TECNOLOGICA DE MINAS GERAIS,16596,594,CENTRO FEDERAL DE EDUCAÇÃO TECNOLÓGICA DE MINAS GERAIS,CEFET/MG,Avenida Amazonas,5253,-,Nova Suiça,,661,2,1,0,1,6,27,28,52,125,134,145,93,24,23,1,0,1,1,0,1,1,1,40000,18000,975,975,339,636,0,6,18,295,656,952,802,150,23,0,19,100,183,179,177,149,92,76,693,40,231,8,2,1,965,10,11
2024,Sudeste,3,Minas Gerais,MG,31,Alfenas,3101607,0,Sul/Sudoeste de Minas,10,Alfenas,49,1,1,1,0,0,UNIVERSIDADE FEDERAL DE ALFENAS - UNIFAL-MG,15031,595,UNIVERSIDADE FEDERAL DE ALFENAS,UNIFAL-MG,Rua Gabriel Monteiro da Silva,700,-,Centro,37130001.0,445,0,0,0,0,49,32,43,25,62,62,72,60,24,16,1,0,1,1,1,1,1,1,48038,28516,583,583,286,297,0,0,30,44,509,555,482,73,28,0,14,47,73,107,137,86,75,44,489,8,78,6,0,2,571,12,5
2024,Sudeste,3,Minas Gerais,MG,31,Diamantina,3121605,0,Jequitinhonha,3,Diamantina,10,1,1,1,0,0,UNIVERSIDADE FEDERAL DOS VALES DO JEQUITINHONHA E MUCURI,9088,596,UNIVERSIDADE FEDERAL DOS VALES DO JEQUITINHONHA E MUCURI,UFVJM,MGT 367,5000,Campus JK,Alto do Jacuba,39100000.0,716,0,1,3,2,38,35,42,52,138,113,127,112,22,31,1,0,1,1,1,1,1,1,38553,15853,911,911,431,480,0,17,52,114,728,876,742,134,35,0,22,48,156,238,182,123,86,56,481,67,266,6,3,88,904,7,6
2024,Sudeste,3,Minas Gerais,MG,31,Uberaba,3170107,0,Triângulo Mineiro/Alto Paranaíba,5,Uberaba,22,1,1,1,0,0,UNIVERSIDADE FEDERAL DO TRIANGULO MINEIRO,15446,597,UNIVERSIDADE FEDERAL DO TRIÂNGULO MINEIRO,UFTM,Rua Frei Paulino,30,-,Abadia,38025180.0,1385,0,0,3,8,57,46,101,78,336,233,232,134,89,68,1,0,1,1,0,1,0,1,11,0,653,653,340,313,0,1,12,58,582,575,499,76,78,0,10,35,103,154,126,98,52,75,551,19,68,14,1,0,646,7,0
2024,Sudeste,3,Minas Gerais,MG,31,Itajubá,3132404,0,Sul/Sudoeste de Minas,10,Itajubá,56,1,1,1,0,0,UNIVERSIDADE FEDERAL DE ITAJUBA,9050,598,UNIVERSIDADE FEDERAL DE ITAJUBÁ - UNIFEI,UNIFEI,Avenida BPS,1303,Campus Professor José Rodrigues Seabra,Pinheirinho,37500903.0,445,0,8,1,31,4,28,11,42,104,81,63,59,2,11,1,0,1,1,1,1,1,1,0,23000,525,525,145,380,0,2,4,39,480,523,488,35,2,0,6,36,91,105,90,81,53,63,33,1,6,1,0,484,495,30,0
2024,Sudeste,3,São Paulo,SP,35,São José dos Campos,3549904,0,Vale do Paraíba Paulista,13,São José dos Campos,50,3,1,1,0,0,COMANDO DA AERONAUTICA,392,602,INSTITUTO TECNOLÓGICO DE AERONÁUTICA,ITA,Praça Mal. Eduardo Gomes,50,Comando-Geral de Tecnologia Aeroespacial - CTA,Vila das Acácias,12228900.0,303,0,3,0,0,1,31,16,18,6,3,4,6,39,176,1,0,1,1,1,1,1,1,202,758171,229,229,42,187,0,0,1,13,215,210,192,18,12,7,0,10,43,43,32,30,23,48,170,3,26,7,0,23,225,4,1
2024,Sudeste,3,São Paulo,SP,35,São Caetano do Sul,3548807,0,Metropolitana de São Paulo,15,São Paulo,61,1,1,7,0,0,UNIVERSIDADE MUNICIPAL DE SAO CAETANO DO SUL,394,605,UNIVERSIDADE MUNICIPAL DE SÃO CAETANO DO SUL,USCS,Avenida Goiás,3400,CAMPUS  BARCELONA,Barcelona,9550051.0,236,2,6,0,4,32,39,72,47,19,8,2,3,0,2,1,0,0,1,0,1,0,1,45000,14000,778,778,365,413,0,0,58,356,364,333,0,333,0,445,3,41,92,113,130,118,108,173,704,10,35,26,0,3,778,0,0
2024,Sudeste,3,Espírito Santo,ES,32,Cachoeiro de Itapemirim,3201209,0,Sul Espírito-santense,4,Cachoeiro de Itapemirim,12,3,2,5,0,0,FUNDACAO EDUCACIONAL VALE DO ITAPEMIRIM - FEVIT.,395,606,FACULDADE DE DIREITO DE CACHOEIRO DO ITAPEMIRIM,FDCI,"Es, 482-Cachoeiroxalegre",KM 05,RODOVIA,-,29313210.0,17,2,1,0,1,2,3,0,3,4,0,1,0,0,0,0,0,1,1,1,1,1,1,0,10800,23,23,10,13,0,0,6,11,6,5,0,5,6,12,1,1,3,2,6,2,4,4,20,0,3,0,0,0,23,0,0
2024,Sudeste,3,Rio de Janeiro,RJ,33,Rio de Janeiro,3304557,1,Metropolitana do Rio de Janeiro,6,Rio de Janeiro,18,2,2,4,0,0,INSTITUTO CAMPINENSE DE ENSINO SUPERIOR LTDA,2447,610,CENTRO UNIVERSITÁRIO MAURÍCIO DE NASSAU DO RIO DE JANEIRO,UNINASSAU,Rua Marquês de Abrantes,55,-,Flamengo,22230060.0,73,0,0,0,0,7,14,21,18,3,2,3,1,1,3,0,0,1,1,0,1,1,1,5795,32213,109,109,66,43,0,0,11,49,49,45,0,45,21,43,4,9,24,22,20,10,10,10,52,1,56,0,0,0,108,1,0
2024,Sudeste,3,São Paulo,SP,35,Capivari,3510401,0,Piracicaba,6,Piracicaba,28,3,2,5,0,0,CAMPANHA NACIONAL DE ESCOLAS DA COMUNIDADE,407,625,FACULDADE CENECISTA DE CAPIVARI,FACECAP,Rua Barão do Rio Branco,374,-,Centro,13360000.0,8,0,1,0,0,2,0,1,0,3,0,1,0,0,0,0,0,1,1,1,1,1,0,269,20323,4,4,1,3,0,0,3,1,0,0,0,0,0,4,1,1,2,0,0,0,0,0,1,0,0,0,0,3,4,0,0
2024,Sudeste,3,Minas Gerais,MG,31,Varginha,3170701,0,Sul/Sudoeste de Minas,10,Varginha,50,3,2,5,1,0,CAMPANHA NACIONAL DE ESCOLAS DA COMUNIDADE,407,627,FACULDADE CNEC VARGINHA,,Rua Professor Felipe Tiago Gomes,173,-,Vila Bueno,37006020.0,16,0,0,2,1,2,4,0,0,2,0,1,2,0,2,0,0,0,1,0,0,0,0,269,20323,45,45,10,35,0,0,15,23,7,6,0,6,3,36,0,2,19,6,7,6,2,3,37,4,4,0,0,0,45,0,0
2024,Sudeste,3,Rio de Janeiro,RJ,33,Rio de Janeiro,3304557,1,Metropolitana do Rio de Janeiro,6,Rio de Janeiro,18,3,1,1,0,0,INSTITUTO MILITAR DE ENGENHARIA,17169,633,INSTITUTO MILITAR DE ENGENHARIA,IME,Praça General Tibúrcio,80,-,URCA,22290270.0,297,0,0,0,3,11,90,16,90,12,18,5,21,6,25,1,0,1,1,1,1,0,1,0,31885,212,212,30,182,0,0,0,52,160,182,54,128,30,0,0,9,23,33,33,32,24,58,161,3,26,1,0,21,209,3,0
2024,Sudeste,3,São Paulo,SP,35,São Paulo,3550308,1,Metropolitana de São Paulo,15,São Paulo,61,3,2,5,0,0,ASSOCIACAO ESCOLA SUPERIOR DE PROPAGANDA E MARKETING,412,636,ESCOLA SUPERIOR DE PROPAGANDA E MARKETING,ESPM,Rua Doutor Álvaro Alvim,123,-,Vila Mariana,4018010.0,442,0,0,1,6,42,57,124,81,55,36,20,9,3,8,1,0,1,1,1,1,0,1,6928,33332,264,264,114,150,0,0,0,80,184,125,0,125,26,113,3,8,29,37,53,56,34,44,126,5,7,7,0,119,261,3,1
2024,Sudeste,3,Minas Gerais,MG,31,Nova Lima,3144805,0,Metropolitana de Belo Horizonte,7,Belo Horizonte,30,3,2,5,0,0,CENTRO EDUCACIONAL DE FORMACAO SUPERIOR LTDA - CEFOS,414,638,FACULDADE MILTON CAMPOS,FMC,Rua Senador Milton Campos,202,Unidade SEDE,Vila da Serra,34006050.0,35,3,2,1,6,6,8,3,2,0,0,2,1,1,0,1,0,1,1,1,1,1,1,18843,34716,47,47,15,32,0,0,0,29,18,2,0,2,19,26,0,2,3,14,12,6,6,4,43,0,4,0,0,0,47,0,0
2024,Sudeste,3,Rio de Janeiro,RJ,33,Niterói,3303302,0,Metropolitana do Rio de Janeiro,6,Rio de Janeiro,18,3,2,4,0,0,FAMA CONSULTORIA EDUCACIONAL LTDA,17833,640,Faculdade Maria Thereza,FAMATH,Avenida Visconde do Rio Branco,869,- de 713 ao fim - lado ímpar,Centro,24020006.0,64,4,4,2,2,14,16,0,0,12,10,0,0,0,0,1,0,1,1,1,1,1,1,159,2700,82,82,58,24,0,0,12,32,38,13,0,13,5,64,0,6,6,18,18,16,11,7,51,4,12,1,1,13,80,2,0
2024,Sudeste,3,Minas Gerais,MG,31,Uberaba,3170107,0,Triângulo Mineiro/Alto Paranaíba,5,Uberaba,22,3,2,5,0,0,FUND EDUC PARA O DESENVOLVIMENTO DAS CIENCIAS AGRARIAS,422,648,FACULDADES ASSOCIADAS DE UBERABA - FAZU,FAZU,AV. DO TUTUNA,720,CAIXA POSTAL: 247,TUTUNAS,38061500.0,49,0,0,0,0,10,4,12,4,5,3,4,3,2,2,0,0,1,1,1,1,1,1,18,14000,66,66,30,36,0,0,21,30,15,17,13,4,18,31,4,17,14,10,13,4,3,1,34,0,7,3,0,22,66,0,0
2024,Sudeste,3,São Paulo,SP,35,Pindamonhangaba,3538006,0,Vale do Paraíba Paulista,13,São José dos Campos,50,2,2,5,0,0,ASSOCIACAO DE EDUCACAO SANTA CECILIA (FASC),18198,652,Centro Universitário Santa Cecília,Unicea,Praça Barão do Rio Branco,59,-,Centro,12400280.0,20,0,1,2,0,5,3,3,1,2,1,1,1,0,0,0,0,1,1,0,1,0,1,1203,8230,31,31,15,16,0,0,0,19,12,11,0,11,20,0,1,4,4,5,6,5,4,2,18,1,2,0,0,10,31,0,0
2024,Sudeste,3,Rio de Janeiro,RJ,33,São Gonçalo,3304904,0,Metropolitana do Rio de Janeiro,6,Rio de Janeiro,18,1,2,5,0,0,ASSOCIACAO SALGADO DE OLIVEIRA DE EDUCACAO E CULTURA,435,663,UNIVERSIDADE SALGADO DE OLIVEIRA,UNIVERSO,Rua Lambari,10,Térreo,Trindade,24456570.0,663,20,39,19,44,111,102,82,70,104,40,14,10,4,4,1,0,1,1,1,1,1,1,38553,22346,401,401,205,196,0,0,100,174,127,136,0,136,112,153,9,26,49,52,60,61,58,86,265,31,56,3,1,45,401,0,1
2024,Sudeste,3,Espírito Santo,ES,32,Vila Velha,3205200,0,Central Espírito-santense,3,Vitória,9,1,2,4,0,0,SOCIEDADE EDUCACAO E GESTAO DE EXCELENCIA I VILA VELHA S.A,17982,664,UNIVERSIDADE VILA VELHA,UVV,Av. Comissário José Dantas de Mello,21,Unidade SEDE,Boa Vista II,29102920.0,237,0,2,2,2,49,41,52,38,27,12,7,4,1,0,1,0,1,1,1,1,0,1,100000,10000,353,353,174,179,0,0,33,164,156,126,0,126,149,78,5,19,59,51,80,57,39,43,292,3,54,4,0,0,350,3,5
2024,Sudeste,3,São Paulo,SP,35,Taubaté,3554102,0,Vale do Paraíba Paulista,13,São José dos Campos,50,1,1,7,0,0,UNIVERSIDADE DE TAUBATE,437,665,UNIVERSIDADE DE TAUBATÉ,UNITAU,Rua Quatro de Março,432,-,Centro,12020270.0,548,0,0,3,80,65,100,159,75,32,21,5,6,0,2,1,0,1,1,1,1,1,0,1,15457,526,526,246,280,0,8,100,188,230,526,0,526,0,0,14,22,47,76,88,87,90,102,482,6,27,5,0,6,525,1,3
2024,Sudeste,3,São Paulo,SP,35,Bragança Paulista,3507605,0,Macro Metropolitana Paulista,12,Bragança Paulista,48,1,2,5,1,1,CASA DE NOSSA SENHORA DA PAZ ACAO SOCIAL FRANCISCANA,442,670,UNIVERSIDADE SÃO FRANCISCO,USF,Avenida São Francisco de Assis,218,Campus Universitário,Jardim São José,12916900.0,855,22,20,30,36,224,202,133,70,65,32,14,5,2,0,1,0,1,1,1,1,1,1,0,15852,650,650,336,314,0,0,174,240,236,218,0,218,350,82,27,81,90,114,117,80,58,83,365,1,33,7,1,243,644,6,1
2024,Sudeste,3,São Paulo,SP,35,Sorocaba,3552205,0,Macro Metropolitana Paulista,12,Sorocaba,46,2,2,5,0,0,ASSOCIACAO CULTURAL DE RENOVACAO TECNOLOGICA SOROCABANA,444,672,CENTRO UNIVERSITÁRIO FACENS,UniFACENS,"Rodovia Senador José Ermírio de Moraes, Km 1,5",1425,-,Alto da Boa Vista,18087125.0,683,0,1,0,2,35,30,161,231,27,13,47,56,36,44,0,0,1,0,0,1,1,1,201,31415,166,166,67,99,0,0,23,80,63,40,5,35,61,65,6,29,45,30,21,10,12,13,144,5,11,1,0,5,165,1,0
2024,Sudeste,3,Rio de Janeiro,RJ,33,Rio de Janeiro,3304557,1,Metropolitana do Rio de Janeiro,6,Rio de Janeiro,18,3,2,5,0,0,ASSOCIACAO DE SOLIDARIEDADE A CRIANCA EXCEPCIONAL ASCE,448,677,Faculdades Reunidas da ASCE,FRASCE,Rua Uarumã,80,-,Higienópolis,21050660.0,55,0,0,0,0,1,3,2,4,5,6,11,15,4,4,0,0,0,1,0,1,1,0,22387,72149,45,45,22,23,0,0,9,29,7,14,0,14,15,16,4,2,3,7,7,11,3,8,26,2,11,0,0,6,45,0,0
2024,Sudeste,3,Minas Gerais,MG,31,Paracatu,3147006,0,Noroeste de Minas,1,Paracatu,2,3,2,4,0,0,INSTITUTO EDUCACIONAL TECSOMA LTDA,880,682,FACULDADE DO NOROESTE DE MINAS,FINOM,Rodovia Alírio Herval,3405,-,Paracatuzinho,38603200.0,56,2,1,7,1,7,9,9,4,4,4,4,1,2,1,0,0,0,1,1,1,1,1,975,17366,46,46,28,18,0,0,4,26,16,11,0,11,35,0,1,5,7,5,11,6,5,6,21,0,22,1,0,2,46,0,0
2024,Sudeste,3,Rio de Janeiro,RJ,33,Rio de Janeiro,3304557,1,Metropolitana do Rio de Janeiro,6,Rio de Janeiro,18,1,1,1,0,0,UNIVERSIDADE FEDERAL DO ESTADO DO RIO DE JANEIRO,461,693,UNIVERSIDADE FEDERAL DO ESTADO DO RIO DE JANEIRO,UNIRIO,Avenida Pasteur,296,-,Urca,22290240.0,1220,1,8,3,12,64,66,136,57,333,177,185,88,65,25,1,0,1,1,1,1,1,1,23,13057,929,929,490,439,0,0,19,127,783,870,652,218,59,0,1,16,67,149,132,138,139,287,446,17,49,3,1,413,907,22,5
2024,Sudeste,3,Rio de Janeiro,RJ,33,Rio de Janeiro,3304557,1,Metropolitana do Rio de Janeiro,6,Rio de Janeiro,18,2,2,4,0,0,PROMIND EDUCACAO INTERNACIONAL LTDA,18201,705,CENTRO UNIVERSITÁRIO SÃO JOSÉ,UNISJ,Bernardo de Vasconcelos,701,-,Realengo,21710261.0,175,2,3,7,7,54,54,16,22,5,3,1,1,0,0,1,0,1,1,1,1,1,1,320,13738,121,121,52,69,0,0,0,30,91,68,0,68,16,37,0,9,22,22,22,10,17,19,83,1,22,0,0,15,121,0,0
2024,Sudeste,3,São Paulo,SP,35,São Carlos,3548906,0,Araraquara,5,São Carlos,25,2,2,4,0,0,ASSOCIACAO DE ESCOLAS REUNIDAS LTDA.,471,707,CENTRO UNIVERSITÁRIO CENTRAL PAULISTA,UNICEP,Rua Miguel Petroni,5111,Caixa Postal 307,Loteamento Habitacional São Carlos 1,13563470.0,115,1,1,5,6,23,19,28,20,3,1,2,2,1,3,0,0,1,1,1,1,0,1,560,8050,199,199,104,95,0,0,29,74,96,43,0,43,90,66,3,17,28,26,31,39,33,22,159,5,7,3,0,25,198,1,0
2024,Sudeste,3,Rio de Janeiro,RJ,33,Rio de Janeiro,3304557,1,Metropolitana do Rio de Janeiro,6,Rio de Janeiro,18,2,2,4,0,0,INSTITUTO BRASILEIRO DE MEDICINA DE REABILITACAO LTDA,475,712,CENTRO UNIVERSITÁRIO IBMR,,Avenida das Américas,2603,-,Barra da Tijuca,22631002.0,201,1,1,0,2,59,48,35,14,15,8,4,8,3,3,0,0,1,1,1,1,1,1,18843,34716,280,280,146,134,0,0,43,138,99,47,0,47,42,191,7,35,47,58,55,37,20,21,256,5,19,0,0,0,280,0,0
2024,Sudeste,3,São Paulo,SP,35,Botucatu,3507506,0,Bauru,4,Botucatu,23,3,2,5,0,0,UNIFAC ASSOCIACAO DE ENSINO DE BOTUCATU,479,716,FACULDADES INTEGRADAS DE BOTUCATU,,Avenida Leonardo Villas Boas,351,-,Vila Nova Botucatu,18608901.0,16,0,0,0,0,2,2,4,0,4,3,0,0,1,0,1,0,0,1,1,1,1,1,0,0,37,37,18,19,0,0,23,6,8,2,2,0,11,24,0,3,3,10,6,6,6,3,36,0,1,0,0,0,37,0,0
2024,Sudeste,3,Minas Gerais,MG,31,Luz,3138807,0,Central Mineira,6,Bom Despacho,26,3,2,5,0,0,OBRAS SOCIAIS E EDUCACIONAIS DE LUZ,488,727,"FACULDADE DE FILOSOFIA, CIÊNCIAS E LETRAS DO ALTO SÃO FRANCISCO",FASF,Rua Nossa Senhora de Fátima,307,-,Centro,35595000.0,35,0,0,1,1,7,2,2,1,7,3,4,6,1,0,1,0,1,1,1,1,1,1,132,21500,67,67,31,36,0,0,26,29,12,14,0,14,53,0,6,5,14,15,8,11,6,2,46,2,18,1,0,0,66,1,1
2024,Sudeste,3,Minas Gerais,MG,31,Curvelo,3120904,0,Central Mineira,6,Curvelo,25,3,2,4,0,0,ISLEC - INSTITUTO SETELAGOANO DE EDUCACAO E CIENCIA LTDA,17158,728,FACULDADE DE CIÊNCIAS HUMANAS DE CURVELO,FACIC,Avenida Juscelino Kubitschek - ímpar,1441,-,Passaginha,35792242.0,19,0,0,1,1,7,2,2,2,3,0,1,0,0,0,1,0,1,1,1,1,1,1,865,15341,33,33,25,8,0,0,0,19,14,3,0,3,30,0,1,3,12,3,7,5,2,0,18,0,13,0,0,2,33,0,0
2024,Sudeste,3,São Paulo,SP,35,Mogi Guaçu,3530706,0,Campinas,7,Mogi Mirim,31,3,2,5,0,0,INSTITUTO MARIA IMACULADA,494,734,FACULDADES INTEGRADAS MARIA IMACULADA,FIMI,Rua Paula Bueno,240,- até 1432/1433,Centro,13840040.0,21,1,1,2,2,4,2,3,2,2,0,1,1,0,0,1,0,0,1,1,1,1,1,5000,12000,34,34,16,18,0,0,0,21,13,3,1,2,31,0,0,1,3,5,7,8,4,6,34,0,0,0,0,0,34,0,0
2024,Sudeste,3,Espírito Santo,ES,32,Linhares,3203205,0,Litoral Norte Espírito-santense,2,Linhares,6,3,2,4,0,0,EDITORA E DISTRIBUIDORA EDUCACIONAL S/A,14514,736,FACULDADE ANHANGUERA DE LINHARES,,Avenida São Mateus,1458,-,Araçá,29901396.0,23,0,0,2,0,9,2,2,3,2,3,0,0,0,0,0,0,1,1,0,1,1,1,33730,270513,120,120,64,56,0,0,49,25,46,10,0,10,71,39,13,16,19,31,17,9,7,8,86,7,26,1,0,0,120,0,4
2024,Sudeste,3,São Paulo,SP,35,São Paulo,3550308,1,Metropolitana de São Paulo,15,São Paulo,61,2,2,5,0,0,UNIAO SOCIAL CAMILIANA,497,737,CENTRO UNIVERSITÁRIO SÃO CAMILO,SAO CAMILO,Avenida Nazaré,1.501,- de 1353 ao fim - lado ímpar,Ipiranga,4263200.0,510,6,0,28,14,190,81,68,42,26,12,14,4,14,11,1,0,1,1,1,1,1,1,5192,15551,391,391,234,157,0,0,36,141,214,92,0,92,259,40,0,18,48,79,82,58,37,69,314,7,54,14,0,2,391,0,2
2024,Sudeste,3,São Paulo,SP,35,Lorena,3527207,0,Vale do Paraíba Paulista,13,Guaratinguetá,51,2,2,5,0,0,INSTITUTO SANTA TERESA,778,738,CENTRO UNIVERSITÁRIO TERESA D'ÁVILA,FATEA,Avenida Doutor Peixoto de Castro,539,-,Cruz,12606580.0,45,1,1,2,1,9,5,9,8,7,0,0,2,0,0,1,0,0,0,1,1,1,1,15,26,59,59,26,33,0,0,13,31,15,13,0,13,21,25,2,3,6,19,7,4,6,12,50,3,5,0,0,1,59,0,2
2024,Sudeste,3,Espírito Santo,ES,32,Cachoeiro de Itapemirim,3201209,0,Sul Espírito-santense,4,Cachoeiro de Itapemirim,12,2,2,5,0,0,UNIAO SOCIAL CAMILIANA,497,739,CENTRO UNIVERSITÁRIO SÃO CAMILO - ESPÍRITO SANTO,SÃO CAMILO-ES,Rua São Camilo de Lellis,01,-,Paraiso,29304910.0,75,0,1,2,3,15,13,13,4,7,7,4,2,3,1,0,0,1,0,1,1,1,1,31,8000,68,68,35,33,0,0,29,28,11,14,0,14,22,32,4,11,13,13,18,4,3,2,58,1,9,0,0,0,68,0,0
2024,Sudeste,3,Minas Gerais,MG,31,Pará de Minas,3147105,0,Metropolitana de Belo Horizonte,7,Pará de Minas,29,3,2,5,0,0,CONFRARIA N. S. DA PIEDADE DA PAROQUIA DE N. S. DA PIEDADE DE PARA DE MINAS,508,752,FACULDADE CATÓLICA DE PARÁ DE MINAS,FAPAM,Rua Ricardo Marinho,110,-,São Geraldo,35660398.0,69,3,6,3,2,11,2,9,3,16,2,1,8,1,2,0,0,1,0,0,1,0,0,3,15958,72,72,30,42,0,0,22,38,12,2,0,2,42,28,6,6,6,19,13,7,5,10,56,4,11,0,0,1,72,0,0
2024,Sudeste,3,São Paulo,SP,35,São Paulo,3550308,1,Metropolitana de São Paulo,15,São Paulo,61,3,2,5,0,0,SOCIEDADE BENEF ISRAELITABRAS HOSPITAL ALBERT EINSTEIN,542,790,Faculdade Israelita de Ciências da Saúde Albert Einstein,FICSAE,Rua Comendador Elias Jafet,755,Centro de Ensino e Pesquisa Campos Cecília e Abram Sjazman,Jardim Leonor,5653000.0,66,0,0,0,0,18,2,17,10,13,5,1,0,0,0,1,0,1,1,1,1,1,1,5792,68976,165,165,88,77,0,0,3,5,157,71,4,67,72,22,0,13,27,35,32,23,9,26,150,2,7,6,0,0,165,0,1
2024,Sudeste,3,São Paulo,SP,35,São Paulo,3550308,1,Metropolitana de São Paulo,15,São Paulo,61,2,2,4,0,0,"IREP SOCIEDADE DE ENSINO SUPERIOR, MEDIO E FUNDAMENTAL LTDA.",545,793,Centro Universitário Estácio de São Paulo,ESTÁCIO SÃO PAULO,Avenida Engenheiro Armando de Arruda Pereira,673,- até 1651 - lado ímpar,Jabaquara,4309010.0,129,0,0,2,1,24,28,32,12,15,5,5,4,0,1,0,0,1,1,0,1,0,1,33000,15000,139,139,71,68,0,0,11,61,67,40,0,40,53,46,1,11,17,24,20,30,15,21,93,14,26,5,0,1,138,1,1
2024,Sudeste,3,Espírito Santo,ES,32,Aracruz,3200607,0,Litoral Norte Espírito-santense,2,Linhares,6,3,2,5,0,0,FUNDACAO SAO JOAO BATISTA,550,798,FACULDADES INTEGRADAS DE ARACRUZ,FAACZ,Rua Professor Berilo Basílio dos Santos,180,-,Centro,29194910.0,75,4,4,3,1,9,6,11,5,17,2,3,5,2,3,0,0,1,1,1,1,1,0,0,15000,39,39,17,22,0,0,5,26,8,3,0,3,17,19,0,5,13,6,7,4,4,0,27,0,12,0,0,0,39,0,0
2024,Sudeste,3,Rio de Janeiro,RJ,33,Rio de Janeiro,3304557,1,Metropolitana do Rio de Janeiro,6,Rio de Janeiro,18,2,2,5,0,0,ASSOCIACAO CARIOCA DE ENSINO SUPERIOR,553,802,CENTRO UNIVERSITÁRIO UNICARIOCA,UNICARIOCA,Avenida Paulo de Frontin,568,-,Rio Comprido,20261243.0,148,4,0,4,4,45,40,20,16,8,3,3,0,0,1,1,0,1,1,1,1,1,1,45000,14000,140,140,59,81,0,0,0,73,67,109,0,109,28,3,2,3,18,22,24,28,13,30,82,3,16,0,0,39,138,2,0
2024,Sudeste,3,Minas Gerais,MG,31,Reduto,3154150,0,Zona da Mata,12,Manhuaçu,61,3,2,5,0,0,SOCIEDADE EDUCACIONAL BREDER LOPES,557,809,FACULDADE DE DIREITO E CIÊNCIAS SOCIAIS DO LESTE DE MINAS - FADILESTE,FADILESTE,Avenida Marcionília Breder Sathler,1,-,Centro,36920000.0,7,0,0,1,2,0,0,0,0,4,0,0,0,0,0,1,0,1,1,1,1,0,0,800,8000,12,12,1,11,0,0,4,5,3,5,2,3,5,2,0,0,2,6,2,0,0,2,8,0,3,0,0,1,12,0,0
2024,Sudeste,3,Minas Gerais,MG,31,Lavras,3138203,0,Campo das Vertentes,11,Lavras,57,3,2,5,0,0,INSTITUTO PRESBITERIANO GAMMON,569,825,FACULDADE PRESBITERIANA GAMMON,FAGAMMON,Praça Praça Doutor Augusto Silva,616,-,Centro,37200154.0,6,0,0,0,0,2,1,1,0,2,0,0,0,0,0,1,0,0,0,1,1,1,1,172,16885,60,60,29,31,0,0,9,36,15,7,0,7,7,46,3,9,16,8,9,5,5,5,44,1,12,0,0,3,60,0,0
2024,Sudeste,3,Minas Gerais,MG,31,São Lourenço,3163706,0,Sul/Sudoeste de Minas,10,São Lourenço,54,3,2,4,0,0,"UNISEPE UNIAO DAS INSTITUICOES DE SERVICO, ENSINO E PESQUISA LTDA",715,828,FACULDADE DE SÃO LOURENÇO,FASAMA,Rua Madame Schimidt,90,-,Federal,37470000.0,17,0,0,0,0,4,2,3,1,5,1,0,1,0,0,0,0,1,1,1,1,1,1,34,5017,41,41,16,25,0,0,19,18,4,12,0,12,22,7,3,5,11,6,10,1,4,1,29,0,5,0,0,7,41,0,1
2024,Sudeste,3,Minas Gerais,MG,31,Curvelo,3120904,0,Central Mineira,6,Curvelo,25,3,2,4,0,0,FACULDADES UNIDAS DO NORTE LTDA,1051,832,FACULDADE ARQUIDIOCESANA DE CURVELO,FAC,Rua João Pessoa,88,-,Centro,35790252.0,20,1,0,0,0,7,2,2,3,4,0,1,0,0,0,1,0,1,1,1,1,1,1,865,15341,25,25,14,11,0,0,7,14,4,0,0,0,15,10,1,3,6,7,5,2,1,0,12,0,13,0,0,0,25,0,0
2024,Sudeste,3,São Paulo,SP,35,Birigui,3506508,0,Araçatuba,3,Birigui,18,3,1,3,0,0,FUNDACAO MUNICIPAL DE ENSINO DE BIRIGUI,584,843,FACULDADE DE CIÊNCIAS E TECNOLOGIA DE BIRIGUI,FATEB,Rua Antônio Simões,04,-,Centro,16200027.0,74,0,0,1,0,2,4,4,8,2,6,10,23,8,6,1,0,0,0,1,1,1,1,299,76,23,23,9,14,0,0,1,17,5,1,1,0,0,22,0,1,2,4,7,8,0,1,16,0,1,0,0,6,23,0,0
2024,Sudeste,3,São Paulo,SP,35,Araçatuba,3502804,0,Araçatuba,3,Araçatuba,17,3,1,3,0,0,FUNDACAO EDUCACIONAL ARACATUBA,586,845,FACULDADE DA FUNDAÇÃO EDUCACIONAL ARAÇATUBA,FAC-FEA,Rua Maurício de Nassau,1.191,-,Santana,16050480.0,15,0,0,0,0,4,2,3,4,0,0,1,0,1,0,0,0,0,0,1,1,1,1,108,580,45,45,18,27,0,0,7,25,13,1,0,1,6,38,1,4,2,8,6,8,9,7,43,1,1,0,0,0,45,0,0
2024,Sudeste,3,Minas Gerais,MG,31,Belo Horizonte,3106200,1,Metropolitana de Belo Horizonte,7,Belo Horizonte,30,3,2,5,1,1,ASSOCIACAO JESUITA DE EDUCACAO E ASSISTENCIA SOCIAL,589,849,FACULDADE JESUÍTA DE FILOSOFIA E TEOLOGIA,FAJE,Avenida Dr. Cristiano Guimarães,2.127,-,Planalto,31720300.0,31,0,0,1,0,4,5,10,7,3,0,1,0,0,0,1,0,1,0,0,1,1,1,0,15317,46,46,14,32,0,0,1,6,39,17,0,17,10,19,0,1,0,5,7,6,7,20,35,3,8,0,0,0,45,1,0
2024,Sudeste,3,São Paulo,SP,35,São Paulo,3550308,1,Metropolitana de São Paulo,15,São Paulo,61,2,2,4,0,0,VSTP EDUCACAO S.A.,14753,852,FIAP - Centro Universitário,,Avenida Lins de Vasconcelos,1264,-,Cambuci,1538001.0,660,0,5,7,13,139,151,144,122,31,34,2,10,0,2,0,0,0,1,1,1,0,1,14000,14000,207,207,30,177,0,0,44,114,49,91,0,91,88,28,5,29,28,38,41,26,28,12,107,2,9,4,0,85,205,2,1
2024,Sudeste,3,Minas Gerais,MG,31,Coronel Fabriciano,3119401,0,Vale do Rio Doce,8,Ipatinga,39,2,2,5,0,1,UNIAO BRASILEIRA DE EDUCACAO CATOLICA,278,878,Centro Universitário Católica do Leste de Minas Gerais,UNILESTE,Avenida Tancredo Neves,3.500,Caixa Postal 63,Universitário,35170056.0,151,0,0,0,0,53,19,27,15,29,7,0,1,0,0,1,0,1,1,1,1,1,1,343,13393,123,123,60,63,0,0,4,84,35,25,0,25,52,46,2,14,16,31,19,13,17,11,64,9,42,0,1,7,123,0,2
2024,Sudeste,3,São Paulo,SP,35,Assis,3504008,0,Assis,10,Assis,39,3,1,7,0,0,FUNDACAO EDUCACIONAL DO MUNICIPIO DE ASSIS,615,881,INSTITUTO MUNICIPAL DE ENSINO SUPERIOR DE ASSIS,IMESA,Av. Getúlio Vargas,1200,-,Vila Nova Santana,19807634.0,72,0,0,0,0,22,14,14,17,0,0,2,1,0,2,0,0,1,0,1,1,0,1,0,15961,212,212,104,108,0,0,73,81,58,0,0,0,39,173,5,22,27,29,44,43,19,23,178,3,11,4,0,16,211,1,0
2024,Sudeste,3,São Paulo,SP,35,Bebedouro,3506102,0,Ribeirão Preto,2,Jaboticabal,13,3,1,3,0,0,PREFEITURA MUNICIPAL DE BEBEDOURO,616,882,INSTITUTO MUNICIPAL DE ENSINO SUPERIOR DE BEBEDOURO VICTÓRIO CARDASSI,IMESB,Rua Nelson Domingos Madeira,300,-,PARQUE ELDORADO,14706124.0,54,0,0,0,0,3,0,10,4,1,3,4,6,10,13,0,0,1,0,0,1,1,1,33226,14000,31,31,14,17,0,0,0,12,19,4,0,4,22,5,0,0,5,8,7,3,4,4,28,1,1,1,0,0,31,0,0
2024,Sudeste,3,Minas Gerais,MG,31,Belo Horizonte,3106200,1,Metropolitana de Belo Horizonte,7,Belo Horizonte,30,3,1,2,0,0,FUNDACAO JOAO PINHEIRO,623,890,ESCOLA DE GOVERNO PROFESSOR PAULO NEVES DE CARVALHO,EG,Alameda dos Oitis,140,-,PAMPULHA,31270810.0,44,0,0,0,0,6,5,20,13,0,0,0,0,0,0,1,0,0,1,0,1,0,1,31,282,47,47,19,28,0,0,3,12,32,36,0,36,0,11,1,5,8,8,7,6,5,7,35,1,8,0,0,3,47,0,0
2024,Sudeste,3,São Paulo,SP,35,São Paulo,3550308,1,Metropolitana de São Paulo,15,São Paulo,61,2,2,5,0,0,ASSOCIACAO DE EDUCACAO SANTA RITA DE CASSIA,628,898,Centro Universitário Unisan,UNISAN,Avenida Jaçanã,648,-,Jaçanã,2273001.0,40,0,1,1,2,14,5,5,0,2,0,3,6,0,1,1,0,1,1,1,1,1,1,15000,15000,23,23,10,13,0,0,1,17,5,13,0,13,7,3,1,4,0,3,4,2,4,5,17,0,3,0,0,3,23,0,1
2024,Sudeste,3,São Paulo,SP,35,São Paulo,3550308,1,Metropolitana de São Paulo,15,São Paulo,61,3,2,4,0,0,EPD - ESCOLA PAULISTA DE DIREITO LTDA,17506,905,FACULDADE ESCOLA PAULISTA DE DIREITO,FACEPD,Avenida Liberdade,956,-,Liberdade,1502001.0,94,0,2,1,0,15,3,20,10,11,3,5,8,5,11,1,0,1,1,1,1,1,0,0,9850,26,26,10,16,0,0,2,9,15,10,0,10,8,8,0,2,4,6,7,1,2,4,24,1,1,0,0,0,26,0,0
2024,Sudeste,3,São Paulo,SP,35,Mogi Mirim,3530805,0,Campinas,7,Mogi Mirim,31,3,2,5,0,0,ASSOCIACAO EDUCACIONAL E ASSISTENCIAL SANTA LUCIA,639,910,FACULDADE SANTA LÚCIA,FCACSL,Rua Doutor Ulhoa Cintra,351,-,Centro,13800061.0,28,0,1,4,2,3,4,6,3,0,1,3,1,0,0,1,0,0,1,1,1,1,0,5000,12000,52,52,22,30,0,0,2,32,18,10,2,8,42,0,3,1,8,8,9,10,5,8,50,0,0,0,0,2,52,0,0
2024,Sudeste,3,São Paulo,SP,35,Dracena,3514403,0,Presidente Prudente,8,Dracena,34,3,2,5,0,0,CENTRO DE ENSINO SUPERIOR DE DRACENA,649,922,FACULDADE REGES DE DRACENA,,Avenida Rui Barbosa,735,-,Jardim Alvorada,17900000.0,32,0,1,2,5,6,1,10,1,3,2,0,0,1,0,0,0,1,0,0,1,0,1,86,15902,35,35,12,23,0,0,5,20,10,4,4,0,27,4,0,1,5,4,8,4,6,7,33,0,2,0,0,0,35,0,0
2024,Sudeste,3,São Paulo,SP,35,São Roque,3550605,0,Macro Metropolitana Paulista,12,Sorocaba,46,2,2,5,0,0,ASSOCIACAO DE ENSINO SUPERIOR DE SAO ROQUE,650,923,CENTRO UNIVERSITÁRIO SÃO ROQUE,UNISÃO ROQUE,Rua Padre Marçal,30,-,Centro,18130100.0,10,0,0,0,0,1,0,2,1,4,2,0,0,0,0,1,0,1,1,1,1,1,1,50102,84902,29,29,12,17,0,0,10,11,8,9,0,9,2,18,2,1,5,5,8,3,1,4,23,1,5,0,0,0,29,0,0
2024,Sudeste,3,Rio de Janeiro,RJ,33,Rio de Janeiro,3304557,1,Metropolitana do Rio de Janeiro,6,Rio de Janeiro,18,3,2,5,0,0,ASSOCIACAO ESCOLA SUPERIOR DE PROPAGANDA E MARKETING,412,944,ESCOLA SUPERIOR DE PROPAGANDA E MARKETING DO RIO DE JANEIRO,ESPM,Ladeira da Glória,26,ESPM Rio - Villa Aymoré,Glória,22211120.0,120,0,0,0,1,13,14,15,10,22,10,15,20,0,0,1,0,1,1,1,1,0,1,6928,33332,94,94,43,51,0,0,0,35,59,40,0,40,21,33,0,1,7,15,21,15,15,20,49,3,5,0,0,37,92,2,1
2024,Sudeste,3,Minas Gerais,MG,31,Januária,3135209,0,Norte de Minas,2,Januária,3,3,2,4,0,0,SOCIEDADE NORTE MINEIRA DE ENSINO E COMUNICACAO LTDA,17161,945,Faculdade Funorte de Januária,,Praça Tiradentes,164,-,Centro,39480000.0,26,1,3,0,3,1,1,4,0,8,3,0,1,1,0,1,0,1,1,1,1,1,1,865,15341,17,17,11,6,0,0,0,4,13,2,0,2,15,0,0,1,7,1,4,1,3,0,8,1,7,0,0,1,17,0,0
2024,Sudeste,3,São Paulo,SP,35,Santos,3548500,0,Metropolitana de São Paulo,15,Santos,63,1,2,5,0,0,INSTITUTO SUPERIOR DE EDUCACAO SANTA CECILIA,676,952,UNIVERSIDADE SANTA CECÍLIA,UNISANTA,Rua Oswaldo Cruz,266,-,Boqueirão,11045100.0,411,2,9,7,18,79,74,113,86,8,7,3,1,0,4,1,0,1,0,0,1,1,1,373,32794,402,402,155,247,0,0,34,240,128,151,0,151,164,87,1,9,32,37,57,51,73,142,348,4,32,2,0,16,398,4,1
2024,Sudeste,3,São Paulo,SP,35,Santos,3548500,0,Metropolitana de São Paulo,15,Santos,63,1,2,5,0,0,CENTRO DE ESTUDOS UNIFICADOS BANDEIRANTE,677,953,UNIVERSIDADE METROPOLITANA DE SANTOS,UNIMES,Avenida Conselheiro Nébias,536,UNIMES - Campus II,Encruzilhada,11045002.0,834,12,10,12,14,114,95,174,160,35,26,49,40,49,44,1,0,1,0,1,1,0,1,0,32829,350,350,163,187,0,0,46,138,166,99,0,99,200,51,1,16,27,47,68,39,62,90,228,4,12,6,0,100,348,2,0
2024,Sudeste,3,Rio de Janeiro,RJ,33,Rio de Janeiro,3304557,1,Metropolitana do Rio de Janeiro,6,Rio de Janeiro,18,3,2,5,0,0,SOCIEDADE NACIONAL DE AGRICULTURA,678,954,Faculdade SNA Digital,SNA Digital,Avenida Brasil,9727,CAMPUS  - RIO DE JANEIRO - PENHA,PENHA,21012351.0,2,0,0,0,0,0,0,2,0,0,0,0,0,0,0,0,0,0,1,1,0,0,0,3,2800,2,2,1,1,0,0,0,0,2,2,0,2,0,0,0,0,0,0,0,1,0,1,2,0,0,0,0,0,2,0,0
2024,Sudeste,3,São Paulo,SP,35,Taquaritinga,3553708,0,Ribeirão Preto,2,Jaboticabal,13,3,1,2,0,0,CENTRO ESTADUAL DE EDUCACAO TECNOLOGICA PAULA SOUZA,33,967,FACULDADE DE TECNOLOGIA DE TAQUARITINGA,FATEC/TQ,Avenida Doutor Flávio Henrique Lemos,585,-,PORTAL ITAMARACÁ,15900000.0,27,0,0,1,0,2,3,5,4,3,6,0,1,2,0,0,0,0,1,1,1,0,1,0,0,81,81,22,59,0,0,21,30,30,0,0,0,8,73,0,5,10,17,11,17,11,10,73,1,6,1,0,0,80,1,0
2024,Sudeste,3,Minas Gerais,MG,31,Iguatama,3130309,0,Oeste de Minas,9,Piuí,42,3,2,5,0,0,FUNDACAO EDUCACIONAL VALE DO SAO FRANCISCO,693,989,ESCOLA SUPERIOR EM MEIO AMBIENTE,ESMA,Rua 155,253,-,BELA VISTA,38910000.0,6,0,0,0,0,0,0,3,2,0,1,0,0,0,0,0,0,0,1,1,1,1,1,64,336,12,12,7,5,0,0,5,4,3,0,0,0,3,9,1,3,4,3,0,0,1,0,8,0,4,0,0,0,12,0,0
2024,Sudeste,3,Rio de Janeiro,RJ,33,Rio de Janeiro,3304557,1,Metropolitana do Rio de Janeiro,6,Rio de Janeiro,18,3,2,5,0,0,SERVICO NACIONAL DE APRENDIZAGEM INDUSTRIAL SENAI,695,991,FACULDADE SENAI-CETIQT,SENAI-CETIQT,Avenida Luís Carlos Prestes,230,Unidade Barra da Tijuca,Barra da Tijuca,22775055.0,337,1,0,1,1,31,28,63,57,34,28,29,18,27,19,0,0,1,1,1,1,1,0,0,16881,38,38,26,12,0,0,10,15,13,4,0,4,23,11,1,4,6,4,10,4,4,5,24,1,7,0,0,6,38,0,0
2024,Sudeste,3,São Paulo,SP,35,Bauru,3506003,0,Bauru,4,Bauru,20,2,2,5,0,0,INSTITUICAO TOLEDO DE ENSINO,700,997,Centro Universitário de Bauru,,Praça Nove de Julho,1-51,Térreo,Vila Pacífico,17050790.0,38,0,0,1,5,4,4,8,2,4,2,4,4,0,0,1,0,1,1,1,1,1,1,1141,25518,96,96,26,70,0,0,20,43,33,7,0,7,20,69,4,0,7,15,13,19,8,30,93,0,0,3,0,0,96,0,0
2024,Sudeste,3,Minas Gerais,MG,31,Unaí,3170404,0,Noroeste de Minas,1,Unaí,1,3,2,5,0,0,ASSOCIACAO DE ENSINO E PESQUISA DE UNAI AEPU,716,1019,FACULDADE DE CIÊNCIAS E TECNOLOGIA DE UNAÍ - FACTU,FACTU,Rua Rua Eduardo Rodrigues Barbosa,180,-,Centro,38610061.0,33,2,2,4,0,8,5,3,1,1,1,2,2,1,1,0,0,0,1,1,1,0,0,0,15514,41,41,18,23,0,0,16,16,9,8,6,2,22,11,2,4,8,9,5,6,6,1,19,1,13,1,0,7,41,0,0
2024,Sudeste,3,Rio de Janeiro,RJ,33,Campos dos Goytacazes,3301009,0,Norte Fluminense,2,Campos dos Goytacazes,3,1,1,2,0,0,UNIVERSIDADE ESTADUAL DO NORTE FLUMINENSE DARCY RIBEIRO - UENF,15622,1027,UNIVERSIDADE ESTADUAL DO NORTE FLUMINENSE DARCY RIBEIRO,UENF,Avenida Alberto Lamego,2000,-,Parque Califórnia,28013602.0,524,15,73,13,19,59,110,94,72,19,13,12,14,6,5,1,0,1,1,1,1,0,1,38653,289881,316,316,106,210,0,0,0,0,316,316,316,0,0,0,0,2,20,30,31,41,69,123,147,5,24,5,4,131,280,36,0
2024,Sudeste,3,Rio de Janeiro,RJ,33,Rio de Janeiro,3304557,1,Metropolitana do Rio de Janeiro,6,Rio de Janeiro,18,2,2,4,0,0,IBMEC EDUCACIONAL LTDA.,1223,1030,Centro Universitário IBMEC,IBMEC,Avenida Armando Lombardi,940,- lado par,Barra da Tijuca,22640000.0,155,2,5,11,20,27,21,27,18,5,3,4,6,1,5,1,0,1,1,0,1,0,1,33000,15000,190,190,61,129,0,0,4,71,115,38,0,38,59,93,4,9,18,27,42,37,20,33,80,3,7,1,0,99,189,1,1
2024,Sudeste,3,São Paulo,SP,35,Americana,3501608,0,Campinas,7,Campinas,32,2,2,5,0,0,LICEU CORACAO DE JESUS,607,1032,CENTRO UNIVERSITÁRIO SALESIANO DE SÃO PAULO,UNISAL,Avenida de Cillo,3.500,Unidade de Ensino de Americana - campus Maria Auxiliadora,Parque Novo Mundo,13467600.0,215,3,1,15,10,39,32,23,22,26,7,8,18,5,6,1,0,1,1,0,1,0,1,0,13562,172,172,62,110,0,0,13,111,48,35,0,35,72,65,4,13,22,37,33,20,18,25,162,1,8,0,0,1,170,2,1
2024,Sudeste,3,Minas Gerais,MG,31,Belo Horizonte,3106200,1,Metropolitana de Belo Horizonte,7,Belo Horizonte,30,1,1,2,0,0,UNIVERSIDADE DO ESTADO DE MINAS GERAIS,112,1036,UNIVERSIDADE DO ESTADO DE MINAS GERAIS,UEMG,Rodovia Prefeito Américo Renê Gianetti,3701,"Cidade Administrativa Presidente Tancredo Neves - Edifício Minas, 8º andar",Serra Verde,31630900.0,600,2,1,1,1,74,38,220,109,101,35,11,6,0,1,1,0,1,0,1,1,1,0,126,27970,1774,1774,972,802,0,38,240,896,600,1231,237,994,543,0,41,160,336,376,280,203,176,202,744,51,198,8,3,770,1772,2,1
2024,Sudeste,3,São Paulo,SP,35,Araras,3503307,0,Piracicaba,6,Limeira,27,2,2,5,0,0,FUNDACAO HERMINIO OMETTO,403,1043,CENTRO UNIVERSITÁRIO DA FUNDAÇÃO HERMINIO OMETTO,FHO,Avenida Doutor  Maximiliano Baruto,500,-,Jardim Universitário,13607339.0,233,5,0,0,2,65,49,42,25,24,15,1,0,0,5,1,0,0,1,0,1,1,1,0,8664,259,259,138,121,0,0,36,108,115,67,0,67,79,113,13,49,45,55,33,23,19,22,242,2,15,0,0,0,257,2,0
2024,Sudeste,3,São Paulo,SP,35,Leme,3526704,0,Piracicaba,6,Limeira,27,2,2,4,0,0,ANHANGUERA EDUCACIONAL PARTICIPACOES S/A,16452,1045,CENTRO UNIVERSITÁRIO ANHANGÜERA,UNIFIAN,Rua Waldemar Silenci,340,-,Cidade Jardim,13614370.0,27,0,0,0,0,8,5,2,4,5,3,0,0,0,0,0,0,1,1,0,1,1,1,33730,270513,114,114,55,59,0,0,44,19,51,10,0,10,56,48,7,20,24,25,19,5,5,9,93,2,15,2,0,2,113,1,4
2024,Sudeste,3,São Paulo,SP,35,São José do Rio Preto,3549805,0,São José do Rio Preto,1,São José do Rio Preto,4,3,2,5,0,0,ASSOCIACAO EDUCACIONAL DE ENSINO SUPERIOR,555,1046,UNIÃO DAS FACULDADES DOS GRANDES LAGOS,UNILAGO,Rua Eduardo Nielsen,960,-,Jardim Aeroporto,15030070.0,159,5,4,24,14,20,15,25,23,14,12,1,1,1,0,0,0,1,1,1,1,1,1,2,9450,298,298,161,137,0,0,88,116,94,24,0,24,273,1,17,42,78,52,42,33,15,19,210,3,23,2,0,60,297,1,0
2024,Sudeste,3,São Paulo,SP,35,São Paulo,3550308,1,Metropolitana de São Paulo,15,São Paulo,61,3,2,5,0,0,INSTITUTO DE ENSINO MEDIO E SUPERIOR FRANCOIS MARIE AROUET LTDA,12418,1048,FACULDADE CAMPOS ELÍSEOS,FCE,Maria de Jesus Simões,167,SEDE,Lauzane Paulista,2469000.0,46,0,0,0,1,13,4,18,6,1,1,0,0,1,1,0,0,1,1,1,1,1,1,430,1850,16,16,8,8,0,0,1,11,4,13,1,12,3,0,0,0,1,0,5,3,3,4,9,1,5,0,0,1,16,0,0
2024,Sudeste,3,Espírito Santo,ES,32,Vila Velha,3205200,0,Central Espírito-santense,3,Vitória,9,3,2,5,0,0,INSTITUTO ENSINAR BRASIL,218,1063,Faculdade Doctum de Vila Velha,DOCTUM,Rua Lúcio Bacelar,490,-,Praia da Costa,29101030.0,3,0,0,0,0,0,0,2,1,0,0,0,0,0,0,0,0,1,1,1,1,1,0,202,14900,18,18,3,15,0,0,0,10,8,0,0,0,18,0,0,4,1,3,4,1,3,2,10,1,1,0,0,6,18,0,0
2024,Sudeste,3,Espírito Santo,ES,32,Vitória,3205309,1,Central Espírito-santense,3,Vitória,9,3,2,5,0,0,INSTITUTO ENSINAR BRASIL,218,1064,Faculdade Doctum de Vitória,DOCTUM,Avenida Vitória,2703,Doctum Vitória,Horto,29045160.0,1,0,0,0,0,0,0,1,0,0,0,0,0,0,0,0,0,1,1,1,1,1,0,376,14900,17,17,4,13,0,0,1,9,7,0,0,0,17,0,0,4,2,2,4,1,2,2,8,1,4,0,0,4,17,0,0
2024,Sudeste,3,Minas Gerais,MG,31,Iturama,3134400,0,Triângulo Mineiro/Alto Paranaíba,5,Frutal,21,3,2,5,0,0,INSTITUICAO ITURAMENSE DE ENSINO SUPERIOR,745,1068,FACULDADE ALDETE MARIA ALVES,FAMA,AV. DOMINGOS TEIXEIRA,664,-,RESIDENCIAL RECANTO DOS LAGOS,38280000.0,22,0,0,0,0,1,0,0,0,8,7,3,1,2,0,1,0,1,1,1,1,1,1,1258,25147,20,20,9,11,0,0,0,16,4,12,0,12,8,0,2,0,5,4,5,0,2,2,17,0,1,0,0,2,20,0,0
2024,Sudeste,3,Minas Gerais,MG,31,Unaí,3170404,0,Noroeste de Minas,1,Unaí,1,3,2,5,1,0,CAMPANHA NACIONAL DE ESCOLAS DA COMUNIDADE,407,1070,FACULDADE CNEC UNAÍ,,Rua Celina Lisboa Frederico - até 659/660,142,-,Centro,38610041.0,7,1,1,0,0,1,1,1,0,1,0,1,0,0,0,0,0,1,0,1,0,1,0,269,20323,16,16,9,7,0,0,6,9,1,6,0,6,0,10,1,2,4,2,4,2,1,0,12,0,1,1,0,2,16,0,0
2024,Sudeste,3,Rio de Janeiro,RJ,33,Petrópolis,3303906,0,Metropolitana do Rio de Janeiro,6,Serrana,15,2,2,5,0,0,FUNDACAO OCTACILIO GUALBERTO,328,1080,CENTRO UNIVERSITÁRIO ARTHUR SÁ EARP NETO,UNIFASE,Avenida Barão do Rio Branco,905 a 1003,-,Centro,25680120.0,363,1,5,6,10,65,34,48,18,97,54,14,2,6,3,0,0,1,1,1,0,0,1,997,22209,338,338,204,134,0,0,54,160,124,95,0,95,221,22,3,15,41,46,43,48,48,94,304,1,13,3,1,16,333,5,1
2024,Sudeste,3,Rio de Janeiro,RJ,33,Resende,3304201,0,Sul Fluminense,5,Vale do Paraíba Fluminense,11,3,2,5,0,0,ASSOCIACAO EDUCACIONAL DOM BOSCO,327,1081,FACULDADE DE ENGENHARIA DE RESENDE,FER,Avenida Professor Antonio Esteves,01,-,Morada da Colina,27523000.0,65,0,1,0,3,9,7,18,10,8,5,0,4,0,0,0,0,1,1,0,1,1,1,387,12000,30,30,7,23,0,0,5,15,10,7,0,7,4,19,1,4,4,4,6,4,0,7,21,0,5,0,0,4,30,0,0
2024,Sudeste,3,São Paulo,SP,35,Bauru,3506003,0,Bauru,4,Bauru,20,3,2,4,0,0,ASSOCIACAO RANIERI DE EDUCACAO E CULTURA LTDA,760,1092,FACULDADES INTEGRADAS DE BAURU,FIB,Rua Rodolfina Dias Domingues,11,Quinta Ranieri,Jardim Ferraz,17056100.0,79,1,2,3,3,21,16,22,8,0,0,1,1,1,0,0,0,1,1,0,1,1,0,30,14000,167,167,91,76,0,0,27,65,75,16,0,16,151,0,3,13,28,28,38,26,15,16,118,1,5,1,0,42,166,1,0
2024,Sudeste,3,São Paulo,SP,35,Presidente Epitácio,3541307,0,Presidente Prudente,8,Presidente Prudente,36,3,2,4,0,0,UNIESP S.A,16134,1096,FACULDADE DE PRESIDENTE EPITÁCIO - FAPE,FAPE,Rua Pernambuco,17-05,-,Centro,19470000.0,5,0,0,0,0,1,0,0,1,2,1,0,0,0,0,0,0,1,1,1,1,0,1,2,11000,9,9,4,5,0,0,3,5,1,1,0,1,5,3,1,2,3,2,0,0,1,0,8,0,1,0,0,0,9,0,1
2024,Sudeste,3,São Paulo,SP,35,São Paulo,3550308,1,Metropolitana de São Paulo,15,São Paulo,61,2,2,5,0,0,ESCOLA DE EDUCACAO SUPERIOR SAO JORGE,905,1100,Centro Universitário Carlos Drummond de Andrade,UniDrummond,Rua Prof. Pedreira de Freitas,415,-,Tatuapé,3312050.0,120,5,2,9,6,42,28,7,5,4,2,5,3,0,2,1,0,1,1,1,1,1,1,495,13404,95,95,33,62,0,0,8,66,21,12,0,12,81,2,0,3,7,13,20,19,13,20,62,5,9,2,0,17,92,3,0
2024,Sudeste,3,Rio de Janeiro,RJ,33,Campos dos Goytacazes,3301009,0,Norte Fluminense,2,Campos dos Goytacazes,3,4,1,1,0,0,"INSTITUTO FEDERAL DE EDUCACAO, CIENCIA E TECNOLOGIA FLUMINENSE.",9068,1120,"INSTITUTO FEDERAL DE EDUCAÇÃO, CIÊNCIA E TECNOLOGIA FLUMINENSE",IF Fluminense,Rua Doutor Siqueira,273,-,Parque Dom Bosco,28030130.0,954,2,12,2,22,47,77,72,67,201,149,181,89,24,9,1,0,1,1,1,1,1,1,38553,70,633,633,237,396,0,4,48,302,279,595,457,138,37,1,15,58,124,160,88,85,65,38,441,22,165,4,1,0,631,2,0
2024,Sudeste,3,São Paulo,SP,35,Osvaldo Cruz,3534609,0,Presidente Prudente,8,Adamantina,35,3,2,5,0,0,ASSOCIACAO DE ENSINO SUPERIOR DE OSVALDO CRUZ,776,1122,FACULDADE REGES DE OSVALDO CRUZ,,Rua Chile,501,-,Jardim das Bandeiras,17700000.0,4,0,0,0,0,1,0,1,0,1,0,0,1,0,0,0,0,1,0,0,0,1,1,20399,94,29,29,14,15,0,0,2,18,9,7,1,6,19,3,0,1,1,7,5,4,3,8,24,0,4,1,0,0,29,0,0
2024,Sudeste,3,Minas Gerais,MG,31,Itaúna,3133808,0,Oeste de Minas,9,Divinópolis,43,1,2,5,0,0,FUNDACAO UNIVERSIDADE DE ITAUNA,227,1128,UNIVERSIDADE DE ITAÚNA,UI,Rodovia Mg 431 Km 45,s/n,-,Campus Verde,35680142.0,262,24,49,14,26,30,29,29,16,5,12,12,8,3,5,1,0,1,1,1,1,1,1,3382,140,236,236,106,130,0,0,30,97,109,76,0,76,55,105,0,9,22,27,32,41,36,69,206,2,20,2,0,6,235,1,1
2024,Sudeste,3,São Paulo,SP,35,São José do Rio Preto,3549805,0,São José do Rio Preto,1,São José do Rio Preto,4,2,2,5,0,0,CIERP - CENTRO INTEGRADO DE ENSINO SUPERIOR DE RIO PRETO,17941,1129,CENTRO UNIVERSITÁRIO DO NORTE DE SÃO PAULO,UNORTE,Rua Ipiranga,3460,Unidade I: UNORP - SEDE,Jardim Alto Rio Preto,15020040.0,80,0,0,0,0,35,28,5,6,1,0,2,3,0,0,0,0,1,1,1,1,1,1,134,17287,107,107,56,51,0,0,22,53,32,20,0,20,51,36,1,6,28,18,18,14,13,9,96,0,10,0,0,1,106,1,0
2024,Sudeste,3,Rio de Janeiro,RJ,33,Rio de Janeiro,3304557,1,Metropolitana do Rio de Janeiro,6,Rio de Janeiro,18,2,2,5,0,0,ASSOCIACAO DE CULTURA E EDUCACAO SANTA TERESA,787,1141,CENTRO UNIVERSITÁRIO GAMA E SOUZA,,Avenida Fernando Mattos,48,Campus IV - Barra (Sede),Barra da Tijuca,22261090.0,95,0,1,0,1,15,10,18,8,4,3,9,9,10,7,0,0,1,1,1,1,0,0,101,30000,97,97,51,46,0,0,1,50,46,54,0,54,39,4,0,13,15,15,14,13,10,17,57,7,22,0,0,11,96,1,0
2024,Sudeste,3,Espírito Santo,ES,32,Vitória,3205309,1,Central Espírito-santense,3,Vitória,9,3,2,4,0,0,SOCIEDADE DE ENSINO SUPERIOR DE VITORIA LTDA,658,1142,FACULDADE DE DIREITO DE VITÓRIA,FDV,Rua Juiz Alexandre Martins de Castro Filho,215,-,Santa Lúcia,29056295.0,46,3,0,0,0,10,5,11,5,6,2,4,0,0,0,1,0,1,1,1,1,1,1,35,8385,49,49,14,35,0,0,0,16,33,21,1,20,28,0,0,0,6,7,15,11,4,6,34,1,11,1,0,2,48,1,0
2024,Sudeste,3,São Paulo,SP,35,Mairiporã,3528502,0,Metropolitana de São Paulo,15,Franco da Rocha,58,3,2,5,0,0,INSTITUTO MAIRIPORA DE ENSINO SUPERIOR,788,1144,FACULDADE DE CIÊNCIAS HUMANAS,IMENSU,AV. THOMAZ RODRIGUES DA CRUZ,1113,-,BARREIRO,7600000.0,9,0,0,2,0,1,1,2,1,1,0,0,1,0,0,0,0,0,1,1,1,0,0,50,12000,8,8,4,4,0,0,1,6,1,3,0,3,4,1,0,0,0,1,0,2,3,2,6,0,2,0,0,0,8,0,0
2024,Sudeste,3,São Paulo,SP,35,Itu,3523909,0,Macro Metropolitana Paulista,12,Sorocaba,46,2,2,4,0,0,SOCIEDADE DE EDUCACAO NOSSA SENHORA DO PATROCINIO S/S LTDA,120,1149,CENTRO UNIVERSITÁRIO NOSSA SENHORA DO PATROCÍNIO,CEUNSP,Praça Regente Feijó,181,CEUNSP Campus Regente (SEDE),Centro,13300023.0,380,0,0,2,3,64,23,77,35,35,28,44,40,14,15,0,0,1,1,0,1,0,1,37126,35134,184,184,89,95,0,0,29,103,52,39,0,39,47,98,5,27,33,33,38,21,19,8,133,9,6,0,2,34,183,1,0
2024,Sudeste,3,Rio de Janeiro,RJ,33,Rio de Janeiro,3304557,1,Metropolitana do Rio de Janeiro,6,Rio de Janeiro,18,1,2,5,0,0,ASSOCIACAO SOCIEDADE BRASILEIRA DE INSTRUCAO - EM RECUPERACAO JUDICIAL,134,1153,UNIVERSIDADE CÂNDIDO MENDES,UCAM,Rua da Assembléia,10,CAMPUS  - RIO DE JANEIRO - CENTRO,Centro,20011901.0,335,17,18,8,24,82,88,32,41,12,11,1,1,0,0,1,0,1,1,1,1,1,1,622,26244,418,418,151,267,0,0,98,202,118,56,0,56,157,205,8,24,37,66,69,83,45,86,317,16,74,8,3,0,417,1,2
2024,Sudeste,3,Rio de Janeiro,RJ,33,Itaboraí,3301900,0,Metropolitana do Rio de Janeiro,6,Rio de Janeiro,18,3,2,5,1,0,CAMPANHA NACIONAL DE ESCOLAS DA COMUNIDADE,407,1156,Faculdade CNEC Alberto Torres,,Rua Presidente Costa e Silva,212,-,Centro,,4,0,0,1,0,0,1,1,0,1,0,0,0,0,0,1,0,0,1,0,0,0,1,269,20323,15,15,8,7,0,0,1,12,2,5,0,5,5,5,0,0,4,3,2,3,3,0,12,0,1,0,0,2,15,0,0
2024,Sudeste,3,Espírito Santo,ES,32,Santa Teresa,3204609,0,Central Espírito-santense,3,Santa Teresa,8,3,2,5,0,0,SERVICO SOCIAL EDUCACIONAL BENEFICENTE SESEBE,793,1157,ESCOLA SUPERIOR SÃO FRANCISCO DE ASSIS,ESFA,Rua Bernardino Monteiro,700,-,Dois Pinheiros,29650000.0,61,3,3,5,3,7,4,9,10,5,0,3,6,1,2,0,0,1,0,1,1,0,1,358,16381,32,32,20,12,0,0,8,18,6,7,0,7,16,9,4,3,6,9,4,2,4,0,22,0,7,0,0,3,31,1,0
2024,Sudeste,3,Espírito Santo,ES,32,Vitória,3205309,1,Central Espírito-santense,3,Vitória,9,3,2,4,0,0,UNIAO CAPIXABA DE ENSINO SUPERIOR - UCES LTDA,794,1159,CENTRO DE ENSINO SUPERIOR DE VITÓRIA,CESV,Rua Doutor Eurico de Aguiar,1003,- de 371 ao fim - lado ímpar,Santa Lúcia,29056205.0,18,0,0,0,0,4,5,7,0,1,1,0,0,0,0,1,0,0,0,1,0,0,0,1002,9010,33,33,14,19,0,0,21,9,3,1,0,1,8,24,1,2,5,4,8,2,4,7,19,3,10,0,0,1,33,0,1
2024,Sudeste,3,São Paulo,SP,35,São Paulo,3550308,1,Metropolitana de São Paulo,15,São Paulo,61,3,2,5,0,0,INSPER - INSTITUTO DE ENSINO E PESQUISA,2553,1161,INSPER INSTITUTO DE ENSINO E PESQUISA,,Rua Quatá,300,-,Vila Olímpia,4546042.0,463,0,0,0,0,52,49,147,97,52,20,12,13,15,6,1,0,1,1,1,1,1,1,267420,14000,225,225,60,165,0,0,0,45,180,106,0,106,71,48,1,22,54,39,38,33,19,19,202,4,6,13,0,0,222,3,1
2024,Sudeste,3,Minas Gerais,MG,31,Sabará,3156700,0,Metropolitana de Belo Horizonte,7,Belo Horizonte,30,3,2,5,0,0,SOCIEDADE EDUCACIONAL E CULTURAL DE SABARA,762,1174,FACULDADE DE SABARÁ,SOECS,Av. Expedicionário Romeu J.Dantas,1084,-,Caieira,34555000.0,16,0,0,2,2,1,3,3,1,3,1,0,0,0,0,0,0,1,0,0,1,0,0,25000,3572,37,37,21,16,0,0,10,22,5,2,2,0,16,19,0,2,2,7,8,9,2,7,26,0,7,0,0,4,37,0,0
2024,Sudeste,3,São Paulo,SP,35,Americana,3501608,0,Campinas,7,Campinas,32,3,2,4,0,0,ACESC ENSINO SUPERIOR DE CAMPINAS LTDA.,597,1182,INSTITUTO DE ENSINO SUPERIOR DE AMERICANA,IESA,Rua do Carpinteiro,240 e 270,-,Jardim Werner Plaas,13478730.0,5,0,0,0,0,0,0,1,1,0,2,1,0,0,0,0,0,0,1,1,1,0,1,350,23000,5,5,2,3,0,0,3,2,0,1,0,1,2,2,0,0,0,0,1,1,1,2,4,0,1,0,0,0,5,0,0
2024,Sudeste,3,São Paulo,SP,35,Caraguatatuba,3510500,0,Vale do Paraíba Paulista,13,Caraguatatuba,54,2,2,4,0,0,SOCIEDADE EMPRESARIA DE ENSINO SUPERIOR DO LITORAL NORTE LTDA,521,1187,CENTRO UNIVERSITÁRIO MÓDULO,MÓDULO,Rua Maria D'Assumpção Carvalho,1000,-,Jardim Itamar,11662047.0,91,0,0,0,1,9,13,8,5,4,9,18,11,7,6,0,0,1,1,0,1,0,1,37126,35134,57,57,26,31,0,0,13,32,12,12,0,12,29,16,4,3,11,10,7,5,6,11,47,1,4,2,0,3,57,0,0
2024,Sudeste,3,São Paulo,SP,35,São Caetano do Sul,3548807,0,Metropolitana de São Paulo,15,São Paulo,61,3,2,5,0,0,SERVICO NACIONAL DE APRENDIZAGEM INDUSTRIAL,796,1195,FACULDADE SENAI DE TECNOLOGIA MECATRÔNICA,SENAI,Rua Santo André,680,-,Boa Vista,9572000.0,15,0,0,0,0,0,0,8,1,3,1,0,1,0,1,0,0,1,1,0,1,1,1,1668,34071,31,31,8,23,0,0,9,17,5,14,0,14,15,2,1,3,6,3,5,3,4,6,25,1,0,1,0,4,30,1,0
2024,Sudeste,3,Minas Gerais,MG,31,Conselheiro Lafaiete,3118304,0,Metropolitana de Belo Horizonte,7,Conselheiro Lafaiete,34,2,2,4,0,0,ENTIDADE MANTENEDORA DE ENSINO SANTA RITA LTDA,813,1202,Centro Universitário Santa Rita,UNIFASAR,Área Rural,S/N,Campus FASAR (Unidade Sede),Área Rural Conselheiro Lafaiete,36408899.0,44,2,0,2,4,9,5,12,0,1,1,3,2,2,1,0,0,1,1,1,1,1,1,454,17348,48,48,23,25,0,0,7,24,17,10,0,10,27,11,0,3,10,12,7,8,4,4,35,2,8,0,0,3,48,0,0
2024,Sudeste,3,São Paulo,SP,35,Itapetininga,3522307,0,Itapetininga,11,Itapetininga,42,3,2,4,0,0,CIESPT ENSINO SUPERIOR DE ITAPETININGA LTDA.,823,1219,INSTITUTO ITAPETININGANO DE ENSINO SUPERIOR,IIES,Rua Izolina de Morais Rosa,727,-,Vila Nastri,18206320.0,19,0,0,0,1,3,5,3,1,1,4,0,0,1,0,0,0,0,1,1,1,0,1,350,23000,44,44,24,20,0,0,24,14,6,2,0,2,34,8,0,9,6,7,7,4,7,4,34,0,2,3,0,5,44,0,0
2024,Sudeste,3,São Paulo,SP,35,Paraguaçu Paulista,3535507,0,Assis,10,Assis,39,3,2,5,0,0,FUNDACAO GAMMON DE ENSINO,229,1221,Escola Superior de Agronomia de Paraguaçu Paulista,ESAPP,Rua Jayme Monteiro,791,-,Centro,19700059.0,15,0,0,0,0,0,4,10,1,0,0,0,0,0,0,0,0,0,0,0,1,1,1,0,0,27,27,8,19,0,0,11,3,13,0,0,0,2,25,1,3,7,3,4,2,1,6,23,0,3,1,0,0,27,0,0
2024,Sudeste,3,São Paulo,SP,35,Jales,3524808,0,São José do Rio Preto,1,Jales,1,2,2,5,0,0,ASSOCIACAO EDUCACIONAL DE JALES,291,1224,CENTRO UNIVERSITÁRIO DE JALES,UNIJALES,Avenida Francisco Jales,1851,- de 1354/1355 a 1998/1999,Loteamento Avenida,15703200.0,47,4,3,0,0,9,8,6,7,7,3,0,0,0,0,0,0,0,1,1,1,1,1,1344,11743,73,73,39,34,0,0,29,29,15,25,0,25,44,4,1,6,13,10,15,5,10,13,60,1,1,1,0,10,73,0,0
2024,Sudeste,3,São Paulo,SP,35,Amparo,3501905,0,Campinas,7,Amparo,33,2,2,4,0,0,"UNISEPE UNIAO DAS INSTITUICOES DE SERVICO, ENSINO E PESQUISA LTDA",715,1225,CENTRO UNIVERSITÁRIO AMPARENSE,UNIFIA,Rodovia João Beira,s/n,"- do km 46,000 ao km 49,999",Parque Modelo,13905529.0,25,0,1,2,2,5,4,1,4,0,2,2,1,0,1,0,0,1,1,1,1,1,1,5,5017,43,43,22,21,0,0,18,18,7,10,0,10,10,23,5,6,4,12,8,4,3,1,41,1,1,0,0,0,43,0,0
2024,Sudeste,3,São Paulo,SP,35,Espírito Santo do Pinhal,3515186,0,Campinas,7,São João da Boa Vista,30,2,2,5,0,0,FUNDACAO PINHALENSE DE ENSINO,179,1230,CENTRO REGIONAL UNIVERSITÁRIO DE ESPÍRITO SANTO DO PINHAL,UNIPINHAL,Avenida Hélio Vergueiro Leite,s/n,-,Jardim Universitário,13990000.0,76,3,9,6,5,19,10,11,11,0,1,1,0,0,0,0,0,0,1,1,1,1,1,8,0,116,116,62,54,0,0,14,64,38,26,6,20,36,54,2,10,14,26,16,22,9,17,108,2,4,0,0,2,115,1,1
2024,Sudeste,3,Espírito Santo,ES,32,Cariacica,3201308,0,Central Espírito-santense,3,Vitória,9,3,2,5,0,0,ASS. DE ENSINO INTEGRADO E ORGANIZADO UNIVERSITARIO,829,1240,FACULDADE DE ESTUDOS SOCIAIS DO ESPÍRITO SANTO,PIO XII,Rua Bolivar de Abreu,48,-,Campo Grande,29146330.0,52,1,1,1,2,1,1,3,2,10,13,2,10,1,4,0,0,1,1,1,1,1,1,0,1841,11,11,3,8,0,0,8,1,2,0,0,0,0,11,1,3,2,2,0,1,0,2,6,1,2,0,0,2,11,0,0
2024,Sudeste,3,Espírito Santo,ES,32,Serra,3205002,0,Central Espírito-santense,3,Vitória,9,3,2,5,0,0,INSTITUTO ENSINAR BRASIL,218,1243,Faculdade Doctum de Serra,DOCTUM,Avenida Eldes Scherrer Souza,108,Campus II,Parque Residencial Laranjeiras,29165680.0,52,2,0,0,0,7,5,20,10,3,3,0,1,1,0,0,0,1,1,1,1,1,0,292,14900,72,72,33,39,0,0,9,42,21,0,0,0,72,0,1,10,14,15,12,10,6,4,40,3,12,0,0,17,72,0,0
2024,Sudeste,3,Espírito Santo,ES,32,Vitória,3205309,1,Central Espírito-santense,3,Vitória,9,2,2,4,0,0,EMPRESA BRASILEIRA DE ENSINO PESQUISA E EXTENSAO S/A - MULTIVIX,832,1244,Centro Universitário Multivix Vitória,,Rua José Alves,135,Vitória,Goiabeiras,29075080.0,324,5,3,2,2,61,18,81,49,46,15,10,18,11,3,0,0,1,1,1,1,0,1,5000,25000,227,227,121,106,0,0,26,147,54,56,0,56,24,147,11,44,38,62,33,21,10,8,164,12,44,1,0,6,224,3,0
2024,Sudeste,3,Espírito Santo,ES,32,Castelo,3201407,0,Sul Espírito-santense,4,Cachoeiro de Itapemirim,12,3,2,4,0,0,"MULTIVIX CACHOEIRO  ENSINO, PESQUISA E EXTENSAO LTDA",833,1245,Faculdade de Castelo - Multivix Castelo,Multivix Castelo,Avenida Nicanor Marques,245,-,Centro,29360000.0,5,0,0,0,0,1,0,2,0,2,0,0,0,0,0,0,0,1,1,1,1,1,0,5000,25000,24,24,16,8,0,0,12,6,6,3,0,3,17,4,1,9,7,4,3,0,0,0,14,0,3,0,0,7,24,0,0
2024,Sudeste,3,Minas Gerais,MG,31,Belo Horizonte,3106200,1,Metropolitana de Belo Horizonte,7,Belo Horizonte,30,3,2,4,0,0,SOCIEDADE EDUCACIONAL DE MINAS GERAIS LTDA,17160,1252,FACULDADE PROMOVE DE MINAS GERAIS,PROMOVE,Rua Sarzedo,31,UNIDADE PRADO - Rua Sarzedo,Prado,30411034.0,63,4,3,5,3,6,10,10,12,4,1,2,2,0,1,0,0,0,1,1,1,1,1,108120,15200,15,15,9,6,0,0,0,6,9,12,0,12,3,0,0,0,3,1,3,4,1,3,11,0,2,1,0,1,15,0,0
2024,Sudeste,3,Minas Gerais,MG,31,Juiz de Fora,3136702,0,Zona da Mata,12,Juiz de Fora,65,3,2,5,1,0,INSTITUTO METODISTA GRANBERY,838,1253,FACULDADE METODISTA GRANBERY,FMG,Rua Batista de Oliveira,1.145,-,Granbery,36010530.0,10,0,0,0,0,2,0,4,2,0,1,1,0,0,0,0,0,1,0,0,1,0,1,0,16939,46,46,22,24,0,0,9,22,15,2,0,2,13,31,0,6,3,11,10,9,4,3,31,2,4,0,0,9,46,0,0
2024,Sudeste,3,Rio de Janeiro,RJ,33,Rio de Janeiro,3304557,1,Metropolitana do Rio de Janeiro,6,Rio de Janeiro,18,3,2,4,0,0,CENTRO DE FORMACAO PROFISSIONAL BEZERRA DE ARAUJO LTDA.,845,1263,FACULDADE BEZERRA DE ARAÚJO,FABA,Rua Viúva Dantas,501,CAMPUS  - RIO DE JANEIRO - CAMPO GRANDE,Campo Grande,23052090.0,27,3,0,5,0,8,4,6,1,0,0,0,0,0,0,0,0,1,1,1,0,0,0,0,5000,53,53,33,20,0,0,10,33,10,0,0,0,5,48,1,3,7,8,10,9,6,9,21,6,16,0,2,8,53,0,1
2024,Sudeste,3,São Paulo,SP,35,Pereira Barreto,3537404,0,Araçatuba,3,Andradina,16,3,2,5,0,0,ASSOCIACAO DE ENSINO E CULTURA URUBUPUNGA AECU,178,1266,FACULDADES INTEGRADAS URUBUPUNGÁ,FIU,Avenida Coronel Jonas Alves de Mello,1.660,Térreo,Centro,15370000.0,20,0,0,0,1,2,2,4,3,6,2,0,0,0,0,0,0,1,1,1,1,1,1,30,30,27,27,16,11,0,0,11,12,4,2,0,2,25,0,1,3,3,4,3,7,2,4,21,2,3,1,0,0,27,0,0
2024,Sudeste,3,São Paulo,SP,35,Ribeirão Preto,3543402,0,Ribeirão Preto,2,Ribeirão Preto,14,2,2,4,0,0,SOCIEDADE DE ENSINO SUPERIOR ESTACIO RIBEIRAO PRETO LTDA,848,1270,CENTRO UNIVERSITÁRIO ESTÁCIO DE RIBEIRÃO PRETO,ESTÁCIO RIBEIRÃO PRE,"Rua Abrahão Issa Halack, 980, Ribeirânia.",980,-,Ribeirânia,14096160.0,110,0,0,2,1,27,22,19,13,10,3,5,5,3,0,0,0,1,1,0,1,0,1,33000,15000,364,364,217,147,0,0,7,168,189,156,0,156,143,65,6,41,51,84,67,52,28,35,283,16,61,3,0,1,362,2,6
2024,Sudeste,3,São Paulo,SP,35,Campo Limpo Paulista,3509601,0,Macro Metropolitana Paulista,12,Jundiaí,47,2,2,4,0,0,INSTITUTO DE ENSINO CAMPO LIMPO PAULISTA LTDA,849,1273,Centro Universitário Campo Limpo Paulista,UNIFACCAMP,Rua Guatemala,167,-,Jardim América,13231230.0,212,6,4,3,4,22,19,20,8,32,30,19,20,10,15,1,0,1,1,0,1,0,1,15,2716,176,176,81,95,0,0,67,52,57,36,0,36,97,43,13,12,21,27,28,22,20,33,164,5,5,1,0,1,173,3,0
2024,Sudeste,3,São Paulo,SP,35,Taubaté,3554102,0,Vale do Paraíba Paulista,13,São José dos Campos,50,3,2,4,0,0,AESJC ENSINO SUPERIOR DE SAO JOSE DOS CAMPOS LTDA.,851,1276,INSTITUTO TAUBATÉ DE ENSINO SUPERIOR,I.T.E.S.,Avenida Dom Pedro I,3.575,esquina com R. Antônio Castilho Marcondes,Jardim Eulália,12090000.0,35,0,0,4,0,8,10,6,3,3,1,0,0,0,0,0,0,0,1,1,1,0,1,350,23000,33,33,23,10,0,0,10,17,6,1,0,1,15,17,0,1,3,5,5,3,6,10,28,1,2,1,1,0,32,1,0
2024,Sudeste,3,São Paulo,SP,35,Itápolis,3522703,0,Araraquara,5,Araraquara,24,3,2,4,0,0,CENTRO DE ENSINO SUPERIOR DE ITAPOLIS LTDA,19639,1279,FACULDADE DE ITÁPOLIS - FACITA,FACITA,Rua Mário de Souza Castro,200,-,Santa Mônica,14900000.0,6,0,0,0,0,1,1,0,0,2,0,0,2,0,0,0,0,1,0,1,1,1,1,62,16000,13,13,8,5,0,0,5,8,0,6,0,6,2,5,0,1,4,3,0,2,1,2,13,0,0,0,0,0,13,0,0
2024,Sudeste,3,São Paulo,SP,35,Itapeva,3522406,0,Itapetininga,11,Itapeva,41,3,2,4,0,0,SOCIEDADE CULTURAL E EDUCACIONAL DE ITAPEVA S/S LTDA,855,1281,FACULDADE DE CIÊNCIAS SOCIAIS E AGRÁRIAS DE ITAPEVA,FAIT,Rodovia Francisco Alves Negrão (SP 258),Km 285,-,Pilão d'Água,18412000.0,292,0,4,4,1,66,79,21,13,24,15,21,20,11,13,0,0,1,1,1,1,1,1,360,17915,117,117,57,60,0,0,47,44,26,24,24,0,93,0,20,18,23,20,11,8,7,10,100,2,11,1,0,3,117,0,0
2024,Sudeste,3,São Paulo,SP,35,São Bernardo do Campo,3548708,0,Metropolitana de São Paulo,15,São Paulo,61,3,2,5,0,0,SERVICO NACIONAL DE APRENDIZAGEM INDUSTRIAL,796,1286,Faculdade de Tecnologia Senai Mario Amato,SENAI,Avenida José Odorizzi,1555,-,Assunção,9861000.0,6,0,0,0,0,0,0,1,1,2,1,0,1,0,0,1,0,1,1,1,1,1,0,12,4579,7,7,2,5,0,0,2,3,2,6,6,0,1,0,0,0,1,1,2,3,0,0,5,0,2,0,0,0,7,0,0
2024,Sudeste,3,São Paulo,SP,35,São Paulo,3550308,1,Metropolitana de São Paulo,15,São Paulo,61,3,2,4,0,0,FEPEC - FUNDACAO DE ENSINO E PESQUISA EM ENGENHARIA E CUSTOS LTDA,17260,1290,Faculdade Álvares de Azevedo,FAATESP,Estrada do Campo Limpo,695,Faculdade Álvares de Azevedo,Jardim São Januário,5777000.0,13,0,0,0,0,1,3,0,0,5,1,0,2,0,1,0,0,1,1,1,1,0,0,566,1697,12,12,4,8,0,0,0,6,6,12,0,12,0,0,0,1,1,2,2,1,2,3,9,0,2,0,0,1,12,0,0
2024,Sudeste,3,São Paulo,SP,35,Adamantina,3500105,0,Presidente Prudente,8,Adamantina,35,2,1,7,0,0,FACULDADES ADAMANTINENSES INTEGRADAS,15990,1292,Centro Universitário de Adamantina,FAI,Rua Nove de Julho,730/40,-,CENTRO,17800000.0,140,0,0,0,0,14,10,65,28,11,6,5,0,0,1,0,0,1,0,0,1,0,1,154,14717,225,225,110,115,0,0,46,83,96,132,0,132,32,61,5,25,34,40,31,31,22,37,217,0,2,2,0,4,225,0,2
2024,Sudeste,3,São Paulo,SP,35,São Paulo,3550308,1,Metropolitana de São Paulo,15,São Paulo,61,2,2,4,0,0,SOCIEDADE EDUCACIONAL DAS AMERICAS S.A.,862,1294,Centro Universitário das Américas,CAM,Rua Augusta,1520,1508 a,Consolação,1305100.0,305,0,0,0,2,13,15,72,63,63,43,10,11,7,6,0,0,1,1,1,1,0,1,32694,30200,389,389,175,214,0,0,55,189,145,85,5,80,68,236,12,23,42,61,50,75,66,60,272,11,73,6,0,27,382,7,0
2024,Sudeste,3,São Paulo,SP,35,São Paulo,3550308,1,Metropolitana de São Paulo,15,São Paulo,61,3,2,5,0,0,ASSOCIACAO CICEP CURSOS,18369,1295,FACULDADE DE EDUCAÇÃO E TECNOLOGIA IRACEMA,FAETI,Rua Cordeiro da Silva,165,FAETI,Vila Nova Parada,2883090.0,7,0,0,0,0,2,0,2,1,1,1,0,0,0,0,1,0,1,1,1,1,1,1,42,12400,5,5,0,5,0,0,0,3,2,3,0,3,2,0,0,0,0,1,0,1,2,1,4,0,1,0,0,0,5,0,0
2024,Sudeste,3,São Paulo,SP,35,Fernandópolis,3515509,0,São José do Rio Preto,1,Fernandópolis,2,3,2,5,0,0,FUNDACAO EDUCACIONAL DE FERNANDOPOLIS,492,1299,FACULDADES INTEGRADAS DE FERNANDÓPOLIS,FIFE,Avenida Theotonio Vilela,s/n,-,Jardim Vitória,15608380.0,88,1,2,3,1,20,8,17,13,10,11,1,1,0,0,1,0,1,1,1,1,1,0,1200,17110,125,125,67,58,0,0,28,74,23,28,0,28,36,61,3,10,17,21,20,21,21,12,111,2,11,0,0,1,125,0,1
2024,Sudeste,3,São Paulo,SP,35,Taquaritinga,3553708,0,Ribeirão Preto,2,Jaboticabal,13,3,2,5,0,0,FUNDACAO EDUCACIONAL DE TAQUARITINGA - FETAQ,867,1300,INSTITUTO TAQUARITINGUENSE DE ENSINO SUPERIOR DR. ARISTIDES DE CARVALHO SCHLOBACH,ITES,Praça Doutor Horácio Ramalho,159,nº 187,Centro,15900047.0,5,0,0,0,0,0,0,1,0,3,0,0,1,0,0,0,0,0,1,1,1,1,0,0,14727,45,45,24,21,0,0,7,19,19,1,1,0,9,35,4,6,14,8,6,4,2,1,34,0,1,2,0,8,45,0,1
2024,Sudeste,3,São Paulo,SP,35,Matão,3529302,0,Araraquara,5,Araraquara,24,3,2,5,0,0,ASSOCIACAO EDUCACIONAL MATONENSE,15826,1301,INSTITUTO MATONENSE MUNICIPAL DE ENSINO SUPERIOR,IMMES,Avenida Tiradentes,629,-,Centro,15990185.0,6,0,0,0,0,1,0,1,0,3,0,1,0,0,0,0,0,0,1,1,1,1,0,0,0,48,48,16,32,0,0,17,24,7,3,1,2,13,32,1,4,10,12,11,2,3,5,47,0,1,0,0,0,48,0,0
2024,Sudeste,3,São Paulo,SP,35,Garça,3516705,0,Marília,9,Marília,38,3,2,4,0,0,SOCIEDADE CULTURAL E EDUCACIONAL DE GARCA S/S LTDA,585,1307,FACULDADE DE ENSINO SUPERIOR E FORMAÇÃO INTEGRAL,FAEF,Comandante João Ribeiro de Barros,s/n,SP 294,Acesso a Garça km 1,17400000.0,124,3,2,5,8,15,26,19,6,9,5,10,7,2,7,0,0,1,1,1,1,1,1,15,4523,65,65,35,30,0,0,19,31,15,3,3,0,62,0,15,9,17,9,3,6,5,1,54,1,6,3,0,1,65,0,0
2024,Sudeste,3,Espírito Santo,ES,32,Vila Velha,3205200,0,Central Espírito-santense,3,Vitória,9,3,2,4,0,0,NOVO MILENIO EDUCACAO LTDA,17847,1308,FACULDADE NOVO MILÊNIO,FNM,Avenida Santa Leopoldina,840,- de 631/632 a 999/1000,Coqueiral de Itaparica,29102375.0,42,0,1,0,3,12,7,6,2,1,1,2,5,2,0,0,0,1,1,1,1,1,1,0,23144,35,35,18,17,0,0,13,17,5,9,0,9,11,15,3,2,6,5,8,2,4,5,20,0,14,0,0,1,35,0,0
2024,Sudeste,3,São Paulo,SP,35,Americana,3501608,0,Campinas,7,Campinas,32,3,2,5,0,0,ASSOCIACAO EDUCACIONAL AMERICANENSE,872,1310,FACULDADE DE AMERICANA,FAM,Rua Joaquim Boer,733,-,Jardim Luciene,13477360.0,87,1,0,2,2,23,5,19,9,7,2,7,7,3,0,0,0,1,1,1,1,1,1,37,15000,196,196,98,98,0,0,68,71,57,11,0,11,60,125,12,24,44,30,23,37,14,12,129,2,14,6,0,45,194,2,1
2024,Sudeste,3,São Paulo,SP,35,São Paulo,3550308,1,Metropolitana de São Paulo,15,São Paulo,61,3,2,4,0,0,FACULDADE TREVISAN LTDA,873,1311,TREVISAN ESCOLA SUPERIOR DE NEGÓCIOS,TREVISAN,Av. das Nações Unidas,14.261,"sala 126, Chácara Santo Antônio",Vila Gertrudes,4794000.0,57,0,0,0,0,11,5,11,8,2,3,9,4,3,1,0,0,0,1,0,1,0,1,5000,10500,22,22,9,13,0,0,6,15,1,4,0,4,18,0,0,2,0,5,3,2,2,8,17,0,0,1,0,4,22,0,1
2024,Sudeste,3,São Paulo,SP,35,Suzano,3552502,0,Metropolitana de São Paulo,15,Mogi das Cruzes,62,2,2,5,0,0,UNIESP S.A,16134,1313,CENTRO UNIVERSITÁRIO DE SUZANO,UNISUZANO,Rua José Correia Gonçalves,57,-,Centro,8675130.0,12,0,0,0,0,1,0,0,2,2,2,3,1,1,0,0,0,1,1,1,1,1,1,22203,14701,16,16,6,10,0,0,0,13,3,5,0,5,11,0,0,0,1,2,3,3,2,5,13,1,1,1,0,0,16,0,0
2024,Sudeste,3,São Paulo,SP,35,Avaré,3504503,0,Bauru,4,Avaré,22,2,2,4,0,0,INSTITUICAO CHADDAD DE ENSINO LTDA,878,1317,Centro Universitário Sudoeste Paulista,UniFSP,Avenida Professor Celso Ferreira da Silva,1001,-,Jardim Europa,18707150.0,52,0,0,1,2,23,11,10,3,2,0,0,0,0,0,0,0,1,1,0,1,1,0,250,15000,139,139,73,66,0,0,30,59,50,48,13,35,53,38,7,17,22,32,26,17,10,8,123,1,11,4,0,0,139,0,0
2024,Sudeste,3,Minas Gerais,MG,31,Paracatu,3147006,0,Noroeste de Minas,1,Paracatu,2,3,2,4,0,0,INSTITUTO EDUCACIONAL TECSOMA LTDA,880,1319,FACULDADE TECSOMA,FATEC,Rod. Alírio Herval,3405,-,Paracatuzinho,38603200.0,56,2,1,7,1,7,9,9,4,4,4,4,1,2,1,0,0,0,1,1,1,1,1,975,17366,21,21,14,7,0,0,1,12,8,7,0,7,14,0,0,2,2,5,5,4,2,1,9,0,12,0,0,0,21,0,0
2024,Sudeste,3,São Paulo,SP,35,Avaré,3504503,0,Bauru,4,Avaré,22,3,2,5,0,0,ASSOCIACAO EDUCACIONAL DO VALE DA JURUMIRIM,882,1322,FACULDADE EDUVALE DE AVARÉ,EDUVALE,Avenida Pref. Misael Euphrasio Leal,347,-,Jardim América,18705050.0,62,2,1,2,2,20,9,10,12,3,1,0,0,0,0,0,0,0,1,1,1,0,0,283,24776,152,152,68,84,0,0,45,62,45,19,0,19,72,61,11,26,32,26,17,24,8,8,132,5,14,1,0,0,152,0,0
2024,Sudeste,3,Espírito Santo,ES,32,Serra,3205002,0,Central Espírito-santense,3,Vitória,9,3,2,4,0,0,MULTIVIX SERRA - ENSINO PESQUISA E EXTENSAO LTDA,15213,1326,Faculdade Multivix Serra,MULTIVIX SERRA,Rua Barão do Rio Branco,120,-,Colina de Laranjeiras,29167172.0,301,4,0,10,4,68,49,51,26,35,13,20,15,3,3,0,0,1,1,1,1,0,0,5000,25000,249,249,128,121,0,0,78,143,28,53,0,53,131,65,24,70,61,48,25,10,8,3,114,17,88,7,0,23,248,1,0
2024,Sudeste,3,Minas Gerais,MG,31,Belo Horizonte,3106200,1,Metropolitana de Belo Horizonte,7,Belo Horizonte,30,3,2,4,0,0,SOCIEDADE TECNICA EDUCACIONAL DE MINAS GERAIS LTDA,889,1330,FACULDADE COTEMIG,COTEMIG,Rua Santa Cruz,546,-,Barroca,30431228.0,6,0,0,0,0,1,1,2,1,0,0,0,1,0,0,0,0,0,0,0,0,0,0,0,0,18,18,2,16,0,0,0,13,5,1,1,0,7,10,1,2,4,3,3,3,2,0,12,1,5,0,0,0,18,0,0
2024,Sudeste,3,São Paulo,SP,35,Osasco,3534401,0,Metropolitana de São Paulo,15,Osasco,57,3,2,4,0,0,ANHANGUERA EDUCACIONAL PARTICIPACOES S/A,16452,1345,FACULDADE ANHANGUERA DE OSASCO,,Avenida dos Autonomistas,1325,-,Vila Campesina,6020015.0,32,0,0,0,0,11,7,4,5,2,0,0,1,0,2,0,0,1,1,0,1,1,1,33730,270513,88,88,29,59,0,0,25,27,36,9,0,9,52,27,2,4,8,12,21,14,9,18,67,1,17,1,0,2,88,0,3
2024,Sudeste,3,Minas Gerais,MG,31,Belo Horizonte,3106200,1,Metropolitana de Belo Horizonte,7,Belo Horizonte,30,3,2,4,0,0,INSTITUTO PEDAGOGICO DE MINAS GERAIS LTDA,17409,1346,Faculdade IPEMIG,FIPEMIG,Rua Ponte Nova,665,-,Floresta,31110150.0,19,0,0,0,0,2,4,1,2,4,1,1,2,1,1,0,0,1,1,1,1,1,0,13251,13000,13,13,7,6,0,0,3,8,2,1,1,0,12,0,0,2,3,0,2,3,1,2,8,1,4,0,0,0,13,0,0
2024,Sudeste,3,São Paulo,SP,35,Jaú,3525300,0,Bauru,4,Jaú,21,3,2,5,0,0,FUNDACAO EDUCACIONAL DR RAUL BAUAB-JAHU,271,1355,FACULDADES INTEGRADAS DE JAHU,FIJ,Rua Tenente Navarro,642,-,CHACARA MIRAGLIA,17207310.0,72,6,3,4,4,22,13,10,7,2,1,0,0,0,0,0,0,0,1,0,1,1,1,24258,14710,90,90,45,45,0,0,8,44,38,8,0,8,37,45,1,7,15,14,17,13,6,17,87,1,2,0,0,0,90,0,0
2024,Sudeste,3,São Paulo,SP,35,Santa Fé do Sul,3546603,0,São José do Rio Preto,1,Jales,1,2,1,7,0,0,FUNDACAO MUNICIPAL DE EDUCACAO E CULTURA - FUNEC,447,1356,CENTRO UNIVERSITÁRIO DE SANTA FÉ DO SUL,UNIFUNEC,Avenida Mangará,477,-,JARDIM MANGARÁ,15775000.0,99,2,0,0,0,22,7,29,11,14,10,3,0,1,0,0,0,0,1,1,1,0,1,207,144,228,228,126,102,0,0,76,88,64,51,12,39,111,66,7,16,24,34,53,39,25,30,224,1,3,0,0,0,228,0,0
2024,Sudeste,3,Rio de Janeiro,RJ,33,Rio de Janeiro,3304557,1,Metropolitana do Rio de Janeiro,6,Rio de Janeiro,18,3,1,2,0,0,FUNDACAO DE APOIO A ESCOLA TECNICA DO EST.RIO DE JANEIRO,904,1357,INSTITUTO SUPERIOR DE EDUCAÇÃO DO RIO DE JANEIRO,ISERJ,Rua Mariz e Barros,273,-,Praça da Bandeira,20270003.0,8,0,0,0,0,1,2,1,1,2,1,0,0,0,0,0,0,0,0,0,0,0,0,0,0,42,42,22,20,0,0,5,18,19,42,0,42,0,0,0,0,0,5,6,9,7,15,30,6,5,0,0,1,42,0,1
2024,Sudeste,3,Espírito Santo,ES,32,Nova Venécia,3203908,0,Noroeste Espírito-santense,1,Nova Venécia,2,3,2,4,0,0,"MULTIVIX NOVA VENECIA - ENSINO, PESQUISA E EXTENSAO LTDA",2923,1359,Faculdade Multivix Nova Venécia,MULTIVIX NOVA VENÉCI,Rua Jacobina,165,-,São Francisco,29830000.0,51,0,0,0,0,5,0,15,3,15,7,1,1,3,1,1,0,1,1,1,1,1,0,5000,25000,106,106,61,45,0,0,68,25,13,15,0,15,81,10,17,24,28,20,6,6,3,2,74,3,27,1,0,1,106,0,0
2024,Sudeste,3,Minas Gerais,MG,31,Ubá,3169901,0,Zona da Mata,12,Ubá,64,2,2,4,0,0,SEGOC - SOCIEDADE EDUCACIONAL GOVERNADOR OZANAM COELHO LTDA,907,1362,Centro Universitário Governador Ozanam Coelho,UNIFAGOC,Rua Doutor Adjalme da Silva Botelho,20,-,Seminário,36506022.0,87,1,1,9,3,11,9,17,5,19,7,3,2,0,0,1,0,1,1,0,1,1,0,15129,77422,136,136,69,67,0,0,35,62,39,32,0,32,64,40,10,26,29,37,14,11,2,7,108,1,20,1,1,5,136,0,2
2024,Sudeste,3,São Paulo,SP,35,São Paulo,3550308,1,Metropolitana de São Paulo,15,São Paulo,61,2,2,5,1,1,INSTITUTO ADVENTISTA DE ENSINO,144,1365,CENTRO UNIVERSITÁRIO ADVENTISTA DE SÃO PAULO,UNASP,Estrada de Itapecerica,5859,-,Jardim IAE,5858001.0,575,3,2,2,3,155,120,138,72,35,18,9,6,9,3,1,0,1,1,1,1,1,1,107986,57787,388,388,178,210,0,0,62,179,147,115,62,53,122,151,25,48,65,73,59,52,43,23,314,13,55,3,2,1,387,1,9
2024,Sudeste,3,Espírito Santo,ES,32,Vitória,3205309,1,Central Espírito-santense,3,Vitória,9,2,2,5,0,0,ASSOCIACAO EDUCACIONAL DE VITORIA,789,1379,Centro Universitário FAESA,,Rua Alsemo Serrat,199,CEP 20935-250,Monte Belo,29010200.0,44,0,0,0,0,12,5,7,9,7,2,1,1,0,0,0,0,1,1,1,1,0,1,324,200000,119,119,60,59,0,0,11,82,26,45,0,45,58,16,0,14,22,12,25,23,13,10,66,0,18,0,1,34,119,0,2
2024,Sudeste,3,São Paulo,SP,35,Campinas,3509502,0,Campinas,7,Campinas,32,3,2,4,0,0,CENTRO DE ESTUDOS DE ADMINISTRACAO E MARKETING CEAM LTDA,918,1386,FACULDADE ESAMC CAMPINAS,ESAMC,Rua José Paulino,1345,CAMPUS  - CAMPINAS - CENTRO,Centro,13013001.0,9,0,0,0,0,1,1,1,2,2,2,0,0,0,0,0,0,1,1,1,1,1,0,1000,216000,103,103,31,72,0,0,58,36,9,23,0,23,1,79,6,19,17,14,21,8,10,8,36,2,5,0,0,60,103,0,0
2024,Sudeste,3,São Paulo,SP,35,São Paulo,3550308,1,Metropolitana de São Paulo,15,São Paulo,61,2,2,4,0,0,ARS ENSINO SUPERIOR LTDA,17968,1388,CENTRO UNIVERSITÁRIO SUMARÉ,,Avenida Doutor Arnaldo,1753,CENTRO UNIVERSITÁRIO SUMARÉ - Unidade Acadêmica Sumaré,Sumaré,1255000.0,40,0,0,0,0,12,9,3,5,4,2,0,3,2,0,0,0,0,0,0,1,0,0,350,2500,54,54,21,33,0,0,16,28,10,21,0,21,11,22,0,0,6,5,8,8,9,18,48,0,3,0,0,3,53,1,0
2024,Sudeste,3,Espírito Santo,ES,32,Serra,3205002,0,Central Espírito-santense,3,Vitória,9,3,2,4,0,0,UCL - ENSINO SUPERIOR UNIFICADO CENTRO LESTE LTDA,932,1409,FACULDADE DO CENTRO LESTE,UCL,Rodovia ES-010,S/N,"KM 6,5",Manguinhos,29164254.0,12,0,0,0,0,3,1,1,2,3,2,0,0,0,0,0,0,0,1,1,1,1,1,37,2711,46,46,19,27,0,0,5,37,4,4,0,4,9,33,1,9,5,8,9,10,2,2,32,0,13,0,0,1,46,0,0
2024,Sudeste,3,São Paulo,SP,35,Jundiaí,3525904,0,Macro Metropolitana Paulista,12,Jundiaí,47,3,2,4,0,0,ANHANGUERA EDUCACIONAL PARTICIPACOES S/A,16452,1412,FACULDADE ANHANGUERA DE JUNDIAÍ,,Rua do Retiro,3.000,- de 1746/1747 ao fim,Vila das Hortências,13209355.0,54,0,0,1,0,17,5,8,13,6,1,0,2,0,1,0,0,1,1,0,1,1,1,33730,270513,100,100,52,48,0,0,23,23,54,12,0,12,66,22,6,8,17,18,23,7,12,9,82,3,12,1,0,2,100,0,1
2024,Sudeste,3,São Paulo,SP,35,Araçatuba,3502804,0,Araçatuba,3,Araçatuba,17,2,2,4,0,0,SOCIEDADE DE ENSINO SUPERIOR TOLEDO LTDA.,85,1418,Centro Universitário Toledo Wyden,Unitoledo Wyden,Rua Antonio Afonso de Toledo,595,POLO NA SEDE,Jardim Sumaré,16015270.0,36,0,0,1,0,6,6,7,5,3,2,4,1,0,1,0,0,1,1,0,0,1,1,33000,15000,58,58,27,31,0,0,2,33,23,27,0,27,15,16,0,13,12,14,9,4,1,5,38,2,18,0,0,0,58,0,2
2024,Sudeste,3,São Paulo,SP,35,Dracena,3514403,0,Presidente Prudente,8,Dracena,34,3,2,5,0,0,FUNDACAO DRACENENSE DE EDUCACAO E CULTURA,343,1420,FACULDADES DE DRACENA,,AV. ALCIDES CHACON COUTO,395,-,METROPOLE,17900000.0,89,0,0,0,0,19,13,22,11,12,5,4,0,2,1,0,0,1,0,1,1,1,1,26250,26250,84,84,55,29,0,0,16,43,25,29,0,29,47,8,1,14,14,18,10,11,6,10,68,1,1,1,0,13,84,0,0
2024,Sudeste,3,Rio de Janeiro,RJ,33,Rio de Janeiro,3304557,1,Metropolitana do Rio de Janeiro,6,Rio de Janeiro,18,3,2,5,0,0,SEMINARIO TEOLOGICO BATISTA DO SUL DO BRASIL,944,1429,FACULDADE BATISTA DO RIO DE JANEIRO,FABAT,Rua José Higino,416,Prédio 16,Tijuca,20510412.0,37,0,0,0,0,6,11,7,6,2,3,0,1,0,1,0,0,1,0,0,1,1,0,13888577,17443,37,37,13,24,0,0,14,13,10,3,0,3,8,26,4,6,2,7,3,7,3,5,19,1,6,1,0,10,37,0,0
2024,Sudeste,3,São Paulo,SP,35,Bertioga,3506359,0,Metropolitana de São Paulo,15,Santos,63,3,2,5,0,0,ACEB ASSOCIACAO CULTURAL E EDUCACIONAL DE BERTIOGA,3034,1432,FACULDADE BERTIOGA,FABE,Avenida Manoel da Nóbrega,966,-,Jardim Lido,11250288.0,8,0,0,0,0,4,1,1,0,2,0,0,0,0,0,0,0,1,1,0,1,1,0,38,2890,30,30,11,19,0,0,16,8,6,1,0,1,15,14,1,0,2,9,8,0,4,6,20,3,7,0,0,0,30,0,0
2024,Sudeste,3,São Paulo,SP,35,Lençóis Paulista,3526803,0,Bauru,4,Bauru,20,3,2,4,0,0,VILAS BOAS EDUCACIONAL LTDA,18400,1433,Faculdade Vilas Boas,FVB,Rua Ignácio Anselmo,780,Faculdade Vilas Boas,Centro,18682040.0,8,0,0,0,0,5,0,3,0,0,0,0,0,0,0,0,0,1,1,1,1,1,1,16000,16000,19,19,8,11,0,0,11,1,7,0,0,0,0,19,2,4,3,5,2,1,0,2,12,0,5,0,0,2,19,0,0
2024,Sudeste,3,São Paulo,SP,35,Itapira,3522604,0,Campinas,7,Mogi Mirim,31,2,2,4,0,0,CESC ENSINO SUPERIOR DE CAMPINAS LTDA.,948,1434,Centro Universitário de Itapira Uniesi,UNIESI,"Rodovia SP 147, KM 40,7",1381,Prados,Bairro dos Prados,13974632.0,27,0,0,1,1,12,2,7,0,3,0,0,1,0,0,0,0,0,1,1,1,0,1,350,23000,52,52,27,25,0,0,17,27,8,30,0,30,22,0,0,3,13,8,10,7,6,5,48,2,1,0,0,1,52,0,1
2024,Sudeste,3,São Paulo,SP,35,Campinas,3509502,0,Campinas,7,Campinas,32,2,2,4,0,0,PROMOCAO DO ENSINO DE QUALIDADE S/A,950,1438,Centro Universitário Facamp,FACAMP,Avenida Alan Turing,805,-,Cidade Universitária,13083898.0,43,0,0,0,2,7,2,20,6,3,3,0,0,0,0,0,0,1,0,0,1,1,1,100,36800,132,132,45,87,0,0,9,53,70,40,25,15,24,68,1,5,8,19,25,27,24,23,121,1,2,3,0,5,131,1,0
2024,Sudeste,3,São Paulo,SP,35,Limeira,3526902,0,Piracicaba,6,Limeira,27,2,2,5,0,0,ASSOCIACAO LIMEIRENSE DE EDUCACAO E CULTURA,699,1444,Centro Universitário Einstein de Limeira,UniEinstein,Rua Raul Machado,134,-,Vila Queiroz,13485024.0,34,4,0,4,0,5,3,16,0,2,0,0,0,0,0,0,0,0,1,1,1,0,1,0,14829,161,161,85,76,0,0,66,54,41,37,0,37,106,18,8,20,22,37,34,17,10,13,150,1,7,2,0,1,161,0,0
2024,Sudeste,3,São Paulo,SP,35,São Caetano do Sul,3548807,0,Metropolitana de São Paulo,15,São Paulo,61,2,2,5,0,0,INSTITUTO MAUA DE TECNOLOGIA IMT,168,1445,CENTRO UNIVERSITÁRIO DO INSTITUTO MAUÁ DE TECNOLOGIA,CEUN-IMT,Praça Mauá,1,-,Mauá,9580900.0,274,3,2,3,7,34,70,36,35,36,25,3,9,1,10,0,0,1,1,0,1,0,1,1745,11385,178,178,48,130,0,0,2,60,116,46,33,13,45,87,5,12,22,19,27,27,25,41,161,2,9,4,0,2,177,1,0
2024,Sudeste,3,Minas Gerais,MG,31,Patrocínio,3148103,0,Triângulo Mineiro/Alto Paranaíba,5,Patrocínio,19,2,2,5,0,0,FUNDACAO COMUNITARIA EDUCACIONAL E CULTURAL PATROCINIO,255,1450,CENTRO UNIVERSITÁRIO DO CERRADO-PATROCÍNIO,UNICERP,Avenida Liria Terezinha Lassi Capuano,466,-,Universitário,38747792.0,41,0,0,0,0,12,6,10,7,4,1,1,0,0,0,0,0,1,1,1,1,1,1,7405,4812,95,95,49,46,0,0,28,49,18,29,1,28,42,24,3,11,18,22,14,12,7,8,82,2,10,0,0,1,95,0,1
2024,Sudeste,3,São Paulo,SP,35,Sertãozinho,3551702,0,Ribeirão Preto,2,Ribeirão Preto,14,3,2,4,0,0,ANHANGUERA EDUCACIONAL PARTICIPACOES S/A,16452,1456,FACULDADE ANHANGUERA DE SERTÃOZINHO,FASERT,Avenida Antônio Paschoal,1954,-,Jardim São José,14170700.0,10,0,0,0,0,2,2,2,3,1,0,0,0,0,0,0,0,1,1,0,1,1,1,33730,270513,57,57,30,27,0,0,10,15,32,4,0,4,37,16,3,4,8,16,10,6,4,6,45,2,8,0,0,2,57,0,1
2024,Sudeste,3,Minas Gerais,MG,31,Monte Carmelo,3143104,0,Triângulo Mineiro/Alto Paranaíba,5,Patrocínio,19,2,2,5,0,0,FUNDACAO CARMELITANA MARIO PALMERIO,964,1459,CENTRO UNIVERSITÁRIO MÁRIO PALMÉRIO,UNIFUCAMP,Avenida Brasil Oeste,1900,-,Jardim Zeny,38500000.0,104,0,0,0,0,0,0,0,0,17,21,24,24,10,8,1,0,1,1,1,1,1,1,0,14945,89,89,45,44,0,0,22,44,23,25,5,20,57,7,3,18,20,17,11,7,5,8,74,2,12,0,1,0,89,0,0
2024,Sudeste,3,Minas Gerais,MG,31,Uberlândia,3170206,0,Triângulo Mineiro/Alto Paranaíba,5,Uberlândia,18,3,2,4,0,0,IDEA - INSTITUTO DE DESENVOLVIMENTO EDUCACIONAL AVANCADO LTDA,970,1468,FACULDADE ESAMC UBERLÂNDIA,ESAMC,Avenida Vasconcelos Costa,270,-,Martins,38400448.0,48,0,0,0,0,23,5,4,3,2,2,6,3,0,0,0,0,0,0,1,1,1,1,0,0,127,127,55,72,0,0,53,56,18,19,3,16,108,0,12,26,26,13,20,16,8,6,76,2,12,4,1,32,127,0,3
2024,Sudeste,3,São Paulo,SP,35,São Paulo,3550308,1,Metropolitana de São Paulo,15,São Paulo,61,3,2,4,0,0,INSTITUTO PAULISTA DE DIFUSAO CULTURAL LTDA,2945,1476,"FACULDADE DE COMUNICAÇÃO E DESIGN ""OSWALDO CRUZ""",,Rua Conselheiro Brotero,475,-,Barra Funda,1154001.0,85,5,2,2,1,14,20,14,17,2,1,1,0,2,4,1,0,1,0,1,1,1,1,21000,1736,11,11,4,7,0,0,7,3,1,0,0,0,3,8,0,0,0,4,1,1,5,0,11,0,0,0,0,0,11,0,0
2024,Sudeste,3,São Paulo,SP,35,São Bernardo do Campo,3548708,0,Metropolitana de São Paulo,15,São Paulo,61,3,2,4,0,0,ANHANGUERA EDUCACIONAL PARTICIPACOES S/A,16452,1478,FACULDADE ANHANGUERA DE SÃO BERNARDO,,Rua Atlântica,729,Anhanguera Educacional,Jardim do Mar,9750480.0,26,0,0,0,1,5,11,0,7,1,0,0,1,0,0,0,0,1,1,0,1,1,1,33730,270513,90,90,44,46,0,0,13,37,40,10,0,10,59,21,0,6,9,17,17,11,15,15,66,3,17,2,0,2,90,0,1
2024,Sudeste,3,Minas Gerais,MG,31,Belo Horizonte,3106200,1,Metropolitana de Belo Horizonte,7,Belo Horizonte,30,3,2,4,0,0,IBMEC EDUCACIONAL LTDA.,1223,1484,FACULDADE IBMEC,IBMEC,Rua Rio Grande do Norte,300,-,Funcionários,30130131.0,69,2,1,6,6,11,13,16,3,3,2,0,1,0,5,0,0,1,1,0,1,0,1,33000,15000,103,103,26,77,0,0,0,45,58,23,0,23,15,65,3,4,12,26,22,17,15,4,48,0,9,0,1,45,102,1,1
2024,Sudeste,3,Espírito Santo,ES,32,Vitória,3205309,1,Central Espírito-santense,3,Vitória,9,2,2,4,0,0,SOCIEDADE DE ENSINO SUPERIOR ESTACIO DE SA LTDA,119,1486,Centro Universitário Estácio de Vitória,ESTÁCIO VITÓRIA,Rua Doutor Herwan Modenese Wanderley,1001,-,Jardim Camburi,29090640.0,51,0,0,0,0,15,9,5,4,12,5,0,1,0,0,0,0,1,1,0,0,0,1,33000,15000,41,41,26,15,0,0,6,18,17,12,0,12,17,12,1,4,12,7,8,3,5,1,25,5,11,0,0,0,41,0,1
2024,Sudeste,3,Rio de Janeiro,RJ,33,São Gonçalo,3304904,0,Metropolitana do Rio de Janeiro,6,Rio de Janeiro,18,3,2,4,0,0,ASSOCIACAO EDUCACIONAL SOUZA GRAFF S/S LTDA,984,1488,FACULDADE LUSÓFONA DO RIO DE JANEIRO,FL-RJ,Rua Visconde de Itaúna,2671,-,Paraíso,24431005.0,16,0,0,0,0,6,5,3,2,0,0,0,0,0,0,1,0,1,1,1,1,0,1,156,2403,22,22,10,12,0,0,4,9,9,4,0,4,13,5,0,1,2,1,5,5,3,5,8,1,3,0,0,10,22,0,0
2024,Sudeste,3,São Paulo,SP,35,Jaguariúna,3524709,0,Campinas,7,Campinas,32,2,2,4,0,0,INSTITUTO EDUCACIONAL JAGUARY LTDA,982,1490,CENTRO UNIVERSITÁRIO DE JAGUARIÚNA,UniFAJ,Rua Amazonas,504,-,Jardim Dom Bosco,13820000.0,210,2,0,8,10,68,52,41,15,8,2,3,0,1,0,0,0,1,1,1,1,0,1,7000,12000,323,323,158,165,0,0,124,118,81,49,0,49,62,212,12,30,52,67,58,39,30,35,283,1,9,1,0,29,323,0,1
2024,Sudeste,3,Minas Gerais,MG,31,Uberlândia,3170206,0,Triângulo Mineiro/Alto Paranaíba,5,Uberlândia,18,3,2,4,0,0,EDITORA E DISTRIBUIDORA EDUCACIONAL S/A,14514,1492,FACULDADE ANHANGUERA DE UBERLÂNDIA,,Avenida dos Vinhedos,1200,-,Morada da Colina,38411159.0,27,0,0,0,0,11,3,3,5,2,3,0,0,0,0,0,0,1,1,0,1,1,1,33730,270513,160,160,88,72,0,0,33,60,67,40,0,40,103,17,10,28,24,37,27,13,11,10,112,5,33,7,0,3,159,1,2
2024,Sudeste,3,Espírito Santo,ES,32,Vitória,3205309,1,Central Espírito-santense,3,Vitória,9,2,2,5,0,0,INSPETORIA SAO JOAO BOSCO,978,1494,Centro Universitário Salesiano,UniSales,Avenida Vitória,950,-,Forte São João,29017950.0,79,0,0,0,4,16,16,11,10,13,4,0,3,1,1,0,0,1,1,1,1,1,1,634,17964,103,103,55,48,0,0,18,61,24,27,0,27,52,24,3,11,22,24,18,8,10,7,72,4,25,2,0,0,102,1,2
2024,Sudeste,3,Espírito Santo,ES,32,Vila Velha,3205200,0,Central Espírito-santense,3,Vitória,9,3,2,4,0,0,SOCIEDADE DE ENSINO SUPERIOR ESTACIO DE SA LTDA,119,1496,FACULDADE ESTÁCIO DE SÁ DE VILA VELHA,FESVV,Rua Cabo Aylson Simões Lotes 01 a 06,67,Esquina com Rua Charles Darwin,Centro,29100320.0,23,0,0,1,1,10,6,3,1,0,1,0,0,0,0,0,0,1,1,0,0,0,1,33000,15000,20,20,11,9,0,0,1,11,8,7,0,7,11,2,1,1,8,3,3,2,1,1,12,1,7,0,0,0,20,0,0
2024,Sudeste,3,São Paulo,SP,35,Santa Cruz do Rio Pardo,3546405,0,Assis,10,Ourinhos,40,3,2,5,0,0,ORGANIZACAO APARECIDO PIMENTEL DE EDUCACAO E CULTURA - OAPEC,406,1497,FACULDADE DE ADMINISTRAÇÃO DE SANTA CRUZ DO RIO PARDO,FASC,Praça Dr. Pedro César Sampaio,31,-,Centro,18900000.0,9,0,1,0,0,3,0,0,0,2,1,1,1,0,0,0,0,0,0,0,0,0,0,0,2098,30,30,12,18,0,0,14,15,1,0,0,0,0,30,3,4,6,5,5,3,4,0,29,0,1,0,0,0,30,0,0
2024,Sudeste,3,Espírito Santo,ES,32,Vitória,3205309,1,Central Espírito-santense,3,Vitória,9,3,2,4,0,0,AVIES ENSINO SUPERIOR DE VITORIA LTDA.,581,1498,INSTITUTO DE ENSINO SUPERIOR E FORMAÇÃO AVANÇADA DE VITÓRIA,IESFAVI,Avenida Nossa Senhora da Penha,1.800,- de 1800 a 2150 - lado par,Barro Vermelho,29057565.0,31,0,0,3,0,2,12,6,4,4,0,0,0,0,0,0,0,0,1,1,1,0,1,350,23000,19,19,10,9,0,0,7,5,7,1,0,1,13,5,0,0,5,3,7,3,1,0,9,0,6,0,0,4,19,0,0
2024,Sudeste,3,São Paulo,SP,35,Taboão da Serra,3552809,0,Metropolitana de São Paulo,15,Itapecerica da Serra,60,3,2,4,0,0,ANHANGUERA EDUCACIONAL PARTICIPACOES S/A,16452,1499,FACULDADE ANHANGUERA DE TABOÃO DA SERRA,FATS,Rodovia Regis Bittencourt,199,-,Centro,6768000.0,20,0,0,0,0,5,2,3,5,3,2,0,0,0,0,0,0,1,1,0,1,1,1,33730,270513,107,107,55,52,0,0,38,26,43,12,0,12,64,31,3,11,15,28,21,10,10,9,71,7,26,1,0,2,107,0,5
2024,Sudeste,3,São Paulo,SP,35,Jundiaí,3525904,0,Macro Metropolitana Paulista,12,Jundiaí,47,3,2,4,0,0,EDITORA E DISTRIBUIDORA EDUCACIONAL S/A,14514,1502,FACULDADE ANHANGUERA PITÁGORAS DE JUNDIAÍ,,Rua do Retiro,3000,-,Vila das Hortências,13209355.0,54,0,0,1,0,17,5,8,13,6,1,0,2,0,1,0,0,1,1,0,1,1,1,33730,270513,41,41,24,17,0,0,3,4,34,0,0,0,35,6,0,2,7,8,7,3,7,7,32,2,6,1,0,0,41,0,1
2024,Sudeste,3,Minas Gerais,MG,31,Belo Horizonte,3106200,1,Metropolitana de Belo Horizonte,7,Belo Horizonte,30,2,2,4,0,0,SOCIEDADE DE ENSINO SUPERIOR ESTACIO DE SA LTDA,119,1509,Centro Universitário Estácio de Belo Horizonte - Estácio BH,ESTÁCIO BH,Avenida Francisco Sales,23,-,Floresta,30150220.0,120,0,0,2,1,39,16,16,9,18,10,4,3,2,0,0,0,1,1,0,1,0,1,33000,15000,182,182,105,77,0,0,14,91,77,41,0,41,65,76,4,21,28,35,32,31,15,16,136,10,35,1,0,0,181,1,5
2024,Sudeste,3,Espírito Santo,ES,32,São Mateus,3204906,0,Litoral Norte Espírito-santense,2,São Mateus,5,2,2,4,0,0,INSTITUTO VALE DO CRICARE LTDA,994,1514,CENTRO UNIVERSITÁRIO VALE DO CRICARÉ,UNIVC,Rua Humberto de Almeida Franklin,257,Unidade- São Mateus- uNIVERSITÁRIO,Universitário,29933480.0,94,1,0,4,6,38,17,14,5,5,2,1,0,0,1,1,0,0,1,0,1,0,1,891,15343,124,124,70,54,0,0,37,55,32,36,0,36,61,27,5,18,24,19,22,11,9,16,69,6,46,1,0,2,124,0,0
2024,Sudeste,3,São Paulo,SP,35,São Paulo,3550308,1,Metropolitana de São Paulo,15,São Paulo,61,3,2,5,0,0,FUNDACAO INSTITUTO DE ADMINISTRACAO,2689,1520,FACULDADE FIA DE ADMINISTRAÇÃO E NEGÓCIOS,FFIA,Av. das Nações Unidas,7221,Unidade Educacional Nações Unidas (UEN),Pinheiros,5425902.0,261,0,0,0,0,55,32,91,27,22,6,5,7,6,10,1,0,1,1,0,1,1,1,156,18800,31,31,12,19,0,0,0,4,27,17,10,7,14,0,0,0,1,5,8,8,4,5,27,0,0,4,0,0,31,0,0
2024,Sudeste,3,São Paulo,SP,35,São Paulo,3550308,1,Metropolitana de São Paulo,15,São Paulo,61,2,2,5,0,0,SERVICO NACIONAL DE APRENDIZAGEM INDUSTRIAL,796,1526,Centro Universitário Senai São Paulo,,Rua Correia de Andrade,232,-,Brás,3008020.0,8,0,0,0,0,0,0,2,0,4,1,1,0,0,0,0,0,1,1,1,1,1,1,1668,34071,53,53,9,44,0,0,18,27,8,8,2,6,36,9,0,4,5,10,9,8,9,8,37,4,5,1,0,6,53,0,0
2024,Sudeste,3,São Paulo,SP,35,São Paulo,3550308,1,Metropolitana de São Paulo,15,São Paulo,61,3,2,4,0,0,FLAMINGO 2001 CURSO FUNDAMENTAL,1013,1541,FACULDADE FLAMINGO,,Rua George Smith,122,Campus Lapa,Lapa,5074010.0,15,0,0,0,0,4,4,1,1,3,1,1,0,0,0,1,0,1,1,1,1,1,1,13,18,48,48,17,31,0,0,21,20,7,4,3,1,14,30,0,1,4,9,6,3,8,17,34,5,5,3,0,1,48,0,0
2024,Sudeste,3,Rio de Janeiro,RJ,33,Volta Redonda,3306305,0,Sul Fluminense,5,Vale do Paraíba Fluminense,11,2,2,5,0,0,FUNDACAO EDUCACIONAL ROSEMAR PIMENTEL,329,1542,CENTRO UNIVERSITÁRIO GERALDO DI BIASE,UGB,Rua Deputado Geraldo Di Biase,81,-,Aterrado,27213080.0,288,19,28,16,17,36,41,64,37,15,8,3,2,1,1,1,0,0,1,1,1,1,1,36954,36954,161,161,73,88,0,0,33,92,36,51,0,51,96,14,2,8,17,26,35,24,20,29,128,9,23,1,0,0,161,0,0
2024,Sudeste,3,São Paulo,SP,35,Boituva,3507001,0,Itapetininga,11,Tatuí,43,3,2,5,0,0,UNIESP S.A,16134,1545,FACULDADE DE BOITUVA,FIB,Rodovia Sp 129,Km 14,-,Campo de Boituva,18550000.0,4,0,0,0,0,2,1,1,0,0,0,0,0,0,0,0,0,1,1,1,1,1,1,22203,14701,6,6,4,2,0,0,3,2,1,1,1,0,4,1,0,3,1,0,1,0,1,0,6,0,0,0,0,0,6,0,0
2024,Sudeste,3,São Paulo,SP,35,Registro,3542602,0,Litoral Sul Paulista,14,Registro,55,2,2,4,0,0,"UNISEPE UNIAO DAS INSTITUICOES DE SERVICO, ENSINO E PESQUISA LTDA",715,1554,CENTRO UNIVERSITÁRIO DO VALE DO RIBEIRA,UNIVR,Rua Oscar Yoshiaki Magário,185,Térreo,Jardim das Palmeiras,11900000.0,44,0,0,8,9,3,2,7,8,0,4,1,2,0,0,0,0,1,1,1,1,1,1,607,17462,95,95,44,51,0,0,36,37,22,19,0,19,5,71,7,12,16,24,16,5,6,9,58,3,19,4,0,11,95,0,0
2024,Sudeste,3,Minas Gerais,MG,31,Belo Horizonte,3106200,1,Metropolitana de Belo Horizonte,7,Belo Horizonte,30,1,2,5,0,0,FUNDACAO MINEIRA DE EDUCACAO E CULTURA,113,1557,UNIVERSIDADE FUMEC,FUMEC,Rua Cobre,200,Campus I Belo Horizonte,Cruzeiro,30310190.0,226,1,2,1,3,40,41,49,25,19,16,13,7,4,5,1,0,1,1,0,1,1,1,14717,12,230,230,89,141,0,0,26,118,86,77,0,77,24,129,0,11,22,31,40,35,35,56,183,7,38,1,0,1,230,0,2
2024,Sudeste,3,Minas Gerais,MG,31,João Monlevade,3136207,0,Metropolitana de Belo Horizonte,7,Itabira,31,3,2,5,0,0,INSTITUTO ENSINAR BRASIL,218,1558,Faculdade Doctum de João Monlevade,DOCTUM,Rua 16,24,-,VILA TANQUE,35930408.0,47,1,0,2,1,8,5,13,4,6,2,1,3,1,0,0,0,1,1,1,1,1,1,188,14900,57,57,22,35,0,0,5,38,14,0,0,0,57,0,3,10,13,13,6,4,4,4,31,2,10,0,0,14,57,0,1
2024,Sudeste,3,Espírito Santo,ES,32,Colatina,3201506,0,Noroeste Espírito-santense,1,Colatina,3,2,2,5,0,0,UNIAO DE EDUCACAO E CULTURA GILDASIO AMADO,206,1559,CENTRO UNIVERSITÁRIO DO ESPÍRITO SANTO UNESC,UNESC,Avenida Fioravante Rossi,2930,-,Martinelli,29703858.0,350,8,27,27,37,91,95,25,17,10,11,1,0,1,0,0,0,1,0,0,1,0,1,1000,30000,263,263,129,134,0,0,104,100,59,82,0,82,80,101,21,48,65,48,48,19,10,4,176,3,82,1,0,1,263,0,5
2024,Sudeste,3,São Paulo,SP,35,Sorocaba,3552205,0,Macro Metropolitana Paulista,12,Sorocaba,46,3,2,4,0,0,ATHON ENSINO SUPERIOR LTDA,1025,1561,FACULDADE ESAMC SOROCABA,ESAMC,Rua Arthur Gomes,51,CAMPUS - SOROCABA - CENTRO,Centro,18035490.0,18,0,0,0,0,11,1,3,0,2,1,0,0,0,0,0,0,1,1,1,1,1,1,265,8000,138,138,41,97,0,0,53,72,13,31,0,31,52,55,1,10,20,19,31,19,14,24,126,1,8,3,0,0,138,0,0
2024,Sudeste,3,Rio de Janeiro,RJ,33,Volta Redonda,3306305,0,Sul Fluminense,5,Vale do Paraíba Fluminense,11,3,2,4,0,0,INSTITUTO DE CULTURA TECNICA SOCIEDADE CIVIL LTDA,1028,1564,FACULDADE SUL FLUMINENSE,FASF,Rua Alberto Rodrigues,39,-,Jardim Amália I,27251220.0,27,0,0,0,1,8,3,3,3,5,3,1,0,0,0,0,0,0,0,0,1,0,0,45,16215,30,30,12,18,0,0,10,16,4,2,0,2,5,23,3,4,3,1,8,2,5,4,11,1,9,0,0,9,30,0,0
2024,Sudeste,3,Minas Gerais,MG,31,Caratinga,3113404,0,Vale do Rio Doce,8,Caratinga,40,3,2,5,0,0,INSTITUTO ENSINAR BRASIL,218,1568,FACULDADES DOCTUM DE CARATINGA,DOCTUM,Rua João Pinheiro,147,CAMPUS  - CARATINGA - CENTRO,Centro,35300037.0,309,1,1,3,0,67,31,93,65,28,10,0,6,0,4,0,0,1,1,1,1,1,0,779,14900,49,49,13,36,0,0,7,28,14,0,0,0,49,0,0,7,7,9,16,4,1,5,27,3,8,0,0,11,49,0,0
2024,Sudeste,3,São Paulo,SP,35,Araraquara,3503208,0,Araraquara,5,Araraquara,24,3,2,5,0,0,ASSOCIACAO ESCOLA DE AGRIMENSURA DE ARARAQUARA,87,1569,FACULDADES INTEGRADAS DE ARARAQUARA,FIAR,Avenida Brasil,782,-,Centro,14801050.0,5,0,0,0,0,1,0,1,0,1,1,0,1,0,0,0,0,1,1,0,0,1,0,1203,8230,12,12,5,7,0,0,0,6,6,2,0,2,10,0,0,0,2,0,3,2,2,3,10,0,1,0,0,1,12,0,0
2024,Sudeste,3,Minas Gerais,MG,31,Araxá,3104007,0,Triângulo Mineiro/Alto Paranaíba,5,Araxá,23,2,2,5,0,0,FUNDACAO CULTURAL DE ARAXA,78,1575,CENTRO UNIVERSITÁRIO DO PLANALTO DE ARAXÁ,UNIARAXÁ,Av. Ministro Olavo Drummond,5,CAMPUS UNIVERSITÁRIO,SÃO GERALDO,38180084.0,71,0,0,1,0,20,10,15,3,15,2,2,3,0,0,0,0,1,1,1,1,0,1,587,33373,108,108,50,58,0,0,39,51,18,24,0,24,38,46,2,9,22,28,12,14,10,11,86,3,10,1,0,8,108,0,0
2024,Sudeste,3,Espírito Santo,ES,32,Serra,3205002,0,Central Espírito-santense,3,Vitória,9,3,2,5,0,0,INSTITUTO DE ENSINO SUPERIOR BLAURO CARDOSO DE MATTOS,16057,1576,INSTITUTO DE ENSINO SUPERIOR BLAURO CARDOSO DE MATTOS,FASERRA,Rua L,11,-,Rosário de Fátima,29161152.0,8,0,0,0,0,1,1,0,1,2,3,0,0,0,0,0,0,0,0,0,1,1,0,4000,11500,11,11,3,8,0,0,4,5,2,5,0,5,4,2,0,1,3,0,1,3,1,2,9,0,2,0,0,0,11,0,0
2024,Sudeste,3,São Paulo,SP,35,Indaiatuba,3520509,0,Campinas,7,Campinas,32,3,1,2,0,0,CENTRO ESTADUAL DE EDUCACAO TECNOLOGICA PAULA SOUZA,33,1583,FACULDADE DE TECNOLOGIA DE INDAIATUBA,FATEC-ID,Rua Dom Pedro I,65,-,Cidade Nova I,13334100.0,16,0,0,0,1,1,2,7,2,1,1,0,0,1,0,0,0,0,1,1,1,1,1,1,3,89,89,32,57,0,0,25,42,22,8,0,8,42,39,1,2,7,11,15,21,11,21,79,2,5,1,0,2,89,0,1
2024,Sudeste,3,São Paulo,SP,35,Guaratinguetá,3518404,0,Vale do Paraíba Paulista,13,Guaratinguetá,51,3,1,2,0,0,CENTRO ESTADUAL DE EDUCACAO TECNOLOGICA PAULA SOUZA,33,1584,FACULDADE DE TECNOLOGIA DE GUARATINGUETÁ,FATEC GT,Avenida Professor João Rodrigues Alckimin,1501,-,Jardim Esperança,12517010.0,19,0,0,0,0,3,0,3,3,6,4,0,0,0,0,0,0,0,1,1,1,1,0,0,0,71,71,34,37,0,0,19,32,20,39,13,26,21,11,0,0,4,14,12,20,10,11,61,0,3,1,0,6,71,0,0
2024,Sudeste,3,Minas Gerais,MG,31,Pouso Alegre,3152501,0,Sul/Sudoeste de Minas,10,Pouso Alegre,52,1,2,5,0,0,FUNDACAO DE ENSINO SUPERIOR DO VALE DO SAPUCAI,127,1586,UNIVERSIDADE DO VALE DO SAPUCAÍ,UNIVÁS,Avenida Coronel Alfredo Custódio Paula,320,-,Alfredo Custódio de Paula,37553068.0,107,0,5,2,3,20,13,16,10,28,7,1,2,0,0,1,0,1,1,1,1,1,1,48038,26244,132,132,56,76,0,0,2,68,62,61,0,61,14,57,1,8,21,20,21,22,10,29,127,1,2,2,0,0,132,0,1
2024,Sudeste,3,Espírito Santo,ES,32,Vitória,3205309,1,Central Espírito-santense,3,Vitória,9,3,2,4,0,0,UNIDADE EDUCACIONAL DE ENSINO PESQUISA E EXTENSAO DO ESPIRITO SANTO UNIVES LTDA,1047,1596,FACULDADE DE CIÊNCIAS E EDUCAÇÃO DO ESPÍRITO SANTO,UNIVES,Avenida Saturnino Rangel Mauro,420,-,Jardim da Penha,29060770.0,7,0,0,0,0,0,0,0,0,4,0,0,1,0,2,0,0,1,0,1,1,0,0,1500,1500,6,6,3,3,0,0,3,1,2,2,1,1,1,3,0,0,0,3,0,1,0,2,3,1,2,0,0,0,6,0,0
2024,Sudeste,3,Minas Gerais,MG,31,Uberlândia,3170206,0,Triângulo Mineiro/Alto Paranaíba,5,Uberlândia,18,2,2,4,0,0,FACEB EDUCACAO LTDA,1117,1598,CENTRO UNIVERSITÁRIO UNA DE UBERLÂNDIA,,Alameda Paulina Margonari,59,UNIDADE SEDE,Jardim Karaíba,38411206.0,37,2,0,0,2,11,5,9,3,1,0,1,2,1,0,1,0,1,1,1,1,1,1,18843,34716,47,47,23,24,0,0,6,20,21,12,0,12,7,28,1,9,10,8,4,10,4,1,40,0,7,0,0,0,47,0,0
2024,Sudeste,3,Minas Gerais,MG,31,São João del Rei,3162500,0,Campo das Vertentes,11,São João Del Rei,58,2,2,4,0,0,IPTAN - INSTITUTO DE ENSINO SUPERIOR PRESIDENTE TANCREDO DE ALMEIDA NEVES S.A.,1050,1599,CENTRO UNIVERSITÁRIO PRESIDENTE TANCREDO DE ALMEIDA NEVES,UNIPTAN,Avenida José Caetano Carvalho,2199,UNIPTAN,Centro,36307251.0,138,0,0,0,1,28,20,25,7,19,6,15,6,8,3,0,0,1,1,0,1,1,1,13394,11583,183,183,99,84,0,0,69,79,35,44,0,44,139,0,11,30,48,36,19,20,8,11,138,6,34,2,1,2,183,0,3
2024,Sudeste,3,Minas Gerais,MG,31,Montes Claros,3143302,0,Norte de Minas,2,Montes Claros,7,2,2,5,0,0,FACULDADES UNIDAS DO NORTE LTDA,1051,1600,Centro Universitário do Norte de Minas,Uninorte Minas,Avenida Osmane Barbosa,11.111,-,JK,39404006.0,187,4,11,6,18,40,50,30,11,10,2,4,0,1,0,1,0,1,1,1,1,1,1,865,15341,113,113,61,52,0,0,0,60,53,15,0,15,98,0,0,2,11,27,33,13,13,14,30,3,71,0,0,9,112,1,0
2024,Sudeste,3,Minas Gerais,MG,31,Coromandel,3119302,0,Triângulo Mineiro/Alto Paranaíba,5,Patrocínio,19,3,2,5,0,0,ASSOCIACAO EDUCACIONAL DE COROMANDEL - AEC,1052,1601,FACULDADE CIDADE DE COROMANDEL,FCC,Avenida Adolfo Timóteo da Silva,433,-,Brasil Novo,38550000.0,27,0,1,0,0,2,4,8,2,4,1,2,2,0,1,0,0,1,1,1,1,1,1,308,9161,76,76,35,41,0,0,31,32,13,21,0,21,34,21,8,14,19,14,10,2,5,4,55,0,20,1,0,0,76,0,1
2024,Sudeste,3,Rio de Janeiro,RJ,33,Rio de Janeiro,3304557,1,Metropolitana do Rio de Janeiro,6,Rio de Janeiro,18,3,2,4,0,0,FACULDADE ANGEL VIANNA,1062,1616,FACULDADE ANGEL VIANNA,FAV,Rua Jornalista Orlando Dantas,02,-,Botafogo,22231010.0,7,0,0,0,0,1,2,0,3,0,0,0,0,0,1,0,0,0,1,1,1,0,0,19,19,23,23,17,6,0,0,8,10,5,2,0,2,3,18,0,1,0,0,3,3,6,10,22,1,0,0,0,0,23,0,1
2024,Sudeste,3,São Paulo,SP,35,Olímpia,3533908,0,São José do Rio Preto,1,São José do Rio Preto,4,3,2,4,0,0,UNIESP S.A,16134,1619,FACULDADE DE OLÍMPIA,,Rodovia Wilquem Manoel Neves,s/n,km 3,Recanto Bela Vista,15405370.0,6,0,0,0,0,2,1,2,1,0,0,0,0,0,0,0,0,1,1,1,1,1,1,22203,14701,8,8,3,5,0,0,2,5,1,0,0,0,3,5,0,1,0,2,1,2,1,1,7,0,1,0,0,0,8,0,0
2024,Sudeste,3,São Paulo,SP,35,Novo Horizonte,3533502,0,São José do Rio Preto,1,Novo Horizonte,8,3,2,4,0,0,DORA RISCALA NEMI COSTA S/S LTDA - EPP,1066,1620,FACULDADE SANTA RITA,FASAR,Rua Doutor Mário Florence,144,-,Jardim Aeroporto,14960000.0,3,0,0,0,0,0,0,2,0,0,1,0,0,0,0,0,0,1,1,1,1,0,1,134,17153,14,14,4,10,0,0,10,3,1,1,0,1,2,11,0,1,5,2,3,2,1,0,13,0,1,0,0,0,14,0,0
2024,Sudeste,3,São Paulo,SP,35,Nova Odessa,3533403,0,Campinas,7,Campinas,32,3,2,4,0,0,COLEGIO NET WORK S/S LTDA,1067,1621,FACULDADE NETWORK,NWK,Avenida Ampélio Gazzetta,2445,-,Lopes Iglesias,13460000.0,13,0,0,0,0,2,0,5,0,2,0,1,2,1,0,0,0,0,0,0,1,1,0,4,0,8,8,3,5,0,0,2,5,1,1,1,0,3,4,0,0,0,1,1,1,2,3,6,0,1,0,0,1,8,0,0
2024,Sudeste,3,São Paulo,SP,35,Andradina,3502101,0,Araçatuba,3,Andradina,16,3,2,5,0,0,FUNDACAO EDUCACIONAL DE ANDRADINA,82,1623,FACULDADE DE CIÊNCIAS AGRÁRIAS DE ANDRADINA,FCAA,Rua Amazonas,571,-,Sttela Maris,16901160.0,3,0,0,0,0,0,0,2,0,1,0,0,0,0,0,1,0,0,0,1,1,1,0,38,0,25,25,14,11,0,0,4,11,10,2,0,2,2,21,3,3,6,1,5,3,0,4,24,0,0,1,0,0,25,0,0
2024,Sudeste,3,São Paulo,SP,35,São Manuel,3550100,0,Bauru,4,Botucatu,23,3,2,5,0,0,ASSOCIACAO EDUCACIONAL NOVE DE JULHO,222,1624,FACULDADE MARECHAL RONDON,FMR,Viscinal Nilo Lisboa Chavasco,5000,-,Chacara Saltinho,18650000.0,13,0,0,0,0,1,0,3,1,1,2,3,0,2,0,1,0,1,1,1,1,1,1,50102,84902,30,30,18,12,0,0,4,10,16,2,0,2,9,19,0,2,8,11,5,1,1,2,27,1,1,1,0,0,30,0,1
2024,Sudeste,3,Espírito Santo,ES,32,Vitória,3205309,1,Central Espírito-santense,3,Vitória,9,3,2,5,0,0,CESAP - CENTRO DE ESTUDOS AVANCADOS EIRELI - ME,16389,1652,FACULDADE DE VITÓRIA,,Rua Sagrado Coração de Maria,315,-,Praia do Canto,29055770.0,10,0,0,0,1,1,1,2,1,1,0,2,0,0,1,0,0,1,0,1,1,1,0,450,720,6,6,4,2,0,0,2,4,0,1,0,1,2,3,0,1,1,0,1,1,2,0,3,0,3,0,0,0,6,0,0
2024,Sudeste,3,São Paulo,SP,35,Ourinhos,3534708,0,Assis,10,Ourinhos,40,3,2,4,0,0,SOCIEDADE DE ENSINO SUPERIOR ESTACIO DE SA LTDA,119,1659,FACULDADE ESTÁCIO DE SÁ DE OURINHOS,FAESO,Avenida Luiz Saldanha Rodrigues,s/n,Quadra C1-A,Nova Ourinhos,19907510.0,40,0,0,0,0,7,4,12,3,11,3,0,0,0,0,0,0,1,1,0,1,0,1,33000,15000,36,36,24,12,0,0,2,21,13,8,0,8,16,12,0,5,3,10,9,4,2,3,25,4,7,0,0,0,36,0,1
2024,Sudeste,3,Minas Gerais,MG,31,Vespasiano,3171204,0,Metropolitana de Belo Horizonte,7,Belo Horizonte,30,3,2,4,0,0,CENTRO DE ENSINO SUPERIOR DE VESPASIANO LTDA,1090,1664,FACULDADE DA SAÚDE E ECOLOGIA HUMANA,FASEH,Rua São Paulo,958,-,Jardim Alterosa,33200664.0,53,0,2,0,0,17,13,10,2,5,0,2,0,0,2,0,0,1,1,1,1,1,1,18843,34716,323,323,193,130,0,0,39,213,71,8,0,8,19,296,9,38,77,54,58,41,22,24,303,6,14,0,0,0,323,0,0
2024,Sudeste,3,Minas Gerais,MG,31,Belo Horizonte,3106200,1,Metropolitana de Belo Horizonte,7,Belo Horizonte,30,2,2,4,0,0,INSTITUTO NOVOS HORIZONTES DE ENSINO SUPERIOR E PESQUISA LTDA.,1092,1666,CENTRO UNIVERSITÁRIO UNIHORIZONTES,,Rua Paracatu,600,Unidade Barro Preto,Barro Preto,30180090.0,96,1,2,1,1,35,6,16,5,5,0,11,6,5,2,0,0,0,1,0,1,1,1,0,18585,71,71,35,36,0,0,8,32,31,21,0,21,15,35,1,5,9,22,11,10,5,8,43,3,22,0,0,3,71,0,0
2024,Sudeste,3,Minas Gerais,MG,31,Ipatinga,3131307,0,Vale do Rio Doce,8,Ipatinga,39,3,2,4,0,0,UNIVACO - UNIAO EDUCACIONAL DO VALE DO ACO S.A.,1095,1669,Afya Faculdade de Ciências Médicas de Ipatinga,AFYA IPATINGA,Rua João Patrício Araújo,179,-,Veneza,35164251.0,71,0,0,0,1,16,14,13,3,12,7,0,1,2,2,0,0,1,1,1,1,0,1,11583,13394,88,88,51,37,0,0,45,25,18,9,0,9,75,4,1,7,15,25,22,12,1,5,66,2,14,0,0,6,88,0,1
2024,Sudeste,3,Minas Gerais,MG,31,Brumadinho,3109006,0,Metropolitana de Belo Horizonte,7,Belo Horizonte,30,3,2,4,0,0,INSTITUICAO EDUCACIONAL CECILIA MARIA DE MELO BARCELOS LTDA,1096,1670,FACULDADE ASA DE BRUMADINHO,IECEMB - FAB,Rodovia Mg 040,Km 49,-,.,35460000.0,26,0,2,0,4,6,1,6,4,1,1,1,0,0,0,0,0,0,1,0,0,1,1,120,0,25,25,6,19,0,0,2,20,3,6,3,3,18,1,0,0,4,4,7,4,3,3,19,1,4,0,0,1,25,0,1
2024,Sudeste,3,São Paulo,SP,35,São Vicente,3551009,0,Metropolitana de São Paulo,15,Santos,63,3,2,4,0,0,UNIAO BRASILEIRA EDUCACIONAL LTDA.,1113,1690,FACULDADE DE SÃO VICENTE,FSV,Rua Sorocabana,59,-,Centro,11310450.0,24,0,2,0,0,5,5,8,2,1,0,1,0,0,0,0,0,0,1,1,1,0,1,795,210329,57,57,24,33,0,0,21,25,11,16,0,16,31,10,2,4,1,8,7,14,6,15,48,2,7,0,0,0,57,0,0
2024,Sudeste,3,São Paulo,SP,35,Itanhaém,3522109,0,Litoral Sul Paulista,14,Itanhaém,56,3,2,4,0,0,UNIDADE DE ENSINO SUPERIOR DE ITANHAEM LTDA,1115,1693,FACULDADE ITANHAÉM,FAITA,Rua João Mariano,19,UNIDADE ACADÊMICA/SEDE,Centro,11740000.0,2,0,0,0,0,2,0,0,0,0,0,0,0,0,0,0,0,1,0,1,1,1,0,1600,1600,8,8,4,4,0,0,2,3,3,0,0,0,0,8,0,0,0,4,1,0,1,2,7,0,1,0,0,0,8,0,0
2024,Sudeste,3,Minas Gerais,MG,31,Sete Lagoas,3167202,0,Metropolitana de Belo Horizonte,7,Sete Lagoas,27,3,2,4,0,0,ISLEC - INSTITUTO SETELAGOANO DE EDUCACAO E CIENCIA LTDA,17158,1700,FACULDADE PROMOVE DE SETE LAGOAS,FSLMG,Rua Doutor Pena,163,Unidade I - Centro,Centro,35700032.0,18,1,0,1,1,4,3,5,0,2,1,0,0,0,0,1,0,1,1,1,1,1,1,865,15341,32,32,17,15,0,0,0,20,12,3,0,3,25,4,0,3,11,3,7,5,3,0,19,1,8,0,0,4,32,0,0
2024,Sudeste,3,São Paulo,SP,35,Presidente Prudente,3541406,0,Presidente Prudente,8,Presidente Prudente,36,2,2,4,0,0,UNIESP S.A,16134,1711,CENTRO UNIVERSITÁRIO DE PRESIDENTE PRUDENTE,UNIPRUDENTE,Avenida Coronel José Soares Marcondes,6093,-,Jardim Aeroporto,19053210.0,14,0,0,0,0,2,1,4,3,2,1,0,0,0,1,0,0,1,1,1,1,1,1,22203,14701,37,37,20,17,0,0,13,17,7,8,0,8,26,3,4,3,3,8,7,5,3,4,30,0,5,1,0,1,37,0,0
2024,Sudeste,3,São Paulo,SP,35,São Vicente,3551009,0,Metropolitana de São Paulo,15,Santos,63,3,2,4,0,0,FORTEC ASSESSORIA E TREINAMENTO LTDA,1130,1713,FACULDADE DE TECNOLOGIA DE SÃO VICENTE,FATEF,Avenida Presidente Wilson,1013,-,Gonzaguinha,11320001.0,35,0,0,1,1,10,3,11,4,3,0,1,0,1,0,1,0,1,1,1,1,1,0,103,20000,24,24,10,14,0,0,3,13,8,13,6,7,11,0,0,1,3,4,0,4,5,7,15,4,5,0,0,0,24,0,0
2024,Sudeste,3,Minas Gerais,MG,31,Belo Horizonte,3106200,1,Metropolitana de Belo Horizonte,7,Belo Horizonte,30,3,2,4,0,0,CESMIG - CENTRO DE ENSINO SUPERIOR MINAS GERAIS LTDA - ME,1136,1720,FACULDADE MINAS GERAIS,FAMIG,Avenida do Contorno,10185,- de 9697 a 10195 - lado ímpar,Barro Preto,30110067.0,39,0,2,0,0,8,8,10,6,1,1,2,0,0,1,0,0,1,1,1,1,1,1,148,8000,36,36,15,21,0,0,3,21,12,6,0,6,4,26,0,4,3,10,10,4,5,0,24,2,6,0,0,4,36,0,0
2024,Sudeste,3,Minas Gerais,MG,31,Viçosa,3171303,0,Zona da Mata,12,Viçosa,62,3,2,4,0,0,ASSOCIACAO VICOSENSE DE ENSINO E PESQUISA LTDA - AVEP - VICOSA - EPP,1137,1721,FACULDADE DE VIÇOSA,FDV,Rua Gomes Barbosa,870,-,Centro,36570101.0,15,1,3,1,0,1,0,1,0,3,4,0,0,0,1,0,0,0,0,1,1,1,0,110,300,35,35,15,20,0,0,8,16,11,6,1,5,7,22,1,5,9,3,3,5,4,5,28,1,4,0,1,1,35,0,0
2024,Sudeste,3,São Paulo,SP,35,Santo André,3547809,0,Metropolitana de São Paulo,15,São Paulo,61,3,2,5,0,0,CENTRO DE ENSINO SUPERIOR STRONG,1139,1723,STRONG BUSINESS SCHOOL,,Avenida Industrial,1455,ESCOLA SUPERIOR DE ADMINISTRAÇÃO E GESTÃO STRONG,Jardim,9080510.0,46,0,0,0,3,8,3,10,6,3,5,1,3,0,4,0,0,1,1,1,1,1,1,2,23086,51,51,14,37,0,0,2,24,25,4,0,4,26,21,0,0,2,5,12,11,6,15,44,0,2,3,0,2,51,0,0
2024,Sudeste,3,São Paulo,SP,35,Socorro,3552106,0,Campinas,7,Amparo,33,3,2,4,0,0,FACULDADES XV DE AGOSTO LTDA - EPP,1141,1725,FACULDADE XV DE AGOSTO,FAQ,Avenida Xv de Agosto,1210,-,Centro,13960000.0,10,0,0,0,0,2,1,3,1,2,1,0,0,0,0,1,0,1,1,1,1,1,1,52,23400,11,11,3,8,0,0,0,9,2,9,0,9,2,0,0,0,2,4,1,1,1,2,5,1,5,0,0,0,11,0,0
2024,Sudeste,3,São Paulo,SP,35,Pederneiras,3536703,0,Bauru,4,Jaú,21,3,2,4,0,0,UNICESP - UNIAO CULTURAL E EDUCACIONAL DE SAO PAULO,16526,1732,FACULDADE GENNARI E PEARTREE,FGP,Rua Professor Massud José Nachef,2855,Oeste,Parque da Colina,17280000.0,8,0,0,0,0,4,0,0,1,2,0,0,1,0,0,1,0,1,1,1,1,1,1,3867,18967,34,34,17,17,0,0,2,20,12,17,0,17,11,6,1,6,7,7,2,6,2,3,33,0,0,0,0,1,34,0,0
2024,Sudeste,3,Rio de Janeiro,RJ,33,Niterói,3303302,0,Metropolitana do Rio de Janeiro,6,Rio de Janeiro,18,2,2,5,0,1,ASSOCIACAO BRASILEIRA DE EDUCADORES LASSALISTAS,1150,1736,CENTRO UNIVERSITÁRIO LA SALLE DO RIO DE JANEIRO,UNILASALLE/RJ,Rua Gastão Gonçalves,79,-,Santa Rosa,24240030.0,173,5,15,5,10,46,36,23,14,8,5,2,2,1,1,0,0,1,0,0,1,0,1,0,534309,134,134,73,61,0,0,7,54,73,29,0,29,25,80,4,7,12,22,24,26,16,23,112,5,14,0,1,2,134,0,0
2024,Sudeste,3,São Paulo,SP,35,São Paulo,3550308,1,Metropolitana de São Paulo,15,São Paulo,61,2,2,4,0,0,SOCIEDADE EDUCACIONAL SOIBRA S/S LTDA,1152,1742,Centro Universitário de Tecnologia Carlos Drummond de Andrade,,Avenida São Miguel,4335,Unidade Ponte Rasa,Ponte Rasa,3620001.0,27,0,1,2,1,11,8,2,1,0,0,1,0,0,0,1,0,1,1,1,1,1,1,127,13404,58,58,18,40,0,0,5,39,14,11,0,11,46,1,0,1,1,4,10,16,5,21,39,3,2,3,0,11,55,3,0
2024,Sudeste,3,São Paulo,SP,35,São Paulo,3550308,1,Metropolitana de São Paulo,15,São Paulo,61,3,2,4,0,0,PROTECNICA PAULISTA LTDA,1153,1743,FACULDADE DE TECNOLOGIA OSWALDO CRUZ,FATEC OSWALDO CRUZ,Rua Brigadeiro Galvão Prédio,540,Prédio 1 - 7º Andar,Barra Funda,1151000.0,85,5,2,2,1,14,20,14,17,2,1,1,0,2,4,1,0,1,0,1,1,1,1,21000,1736,23,23,8,15,0,0,9,7,7,0,0,0,3,20,3,1,1,0,4,4,2,8,18,2,1,0,0,2,23,0,0
2024,Sudeste,3,São Paulo,SP,35,São Paulo,3550308,1,Metropolitana de São Paulo,15,São Paulo,61,3,2,5,0,0,ASSOCIACAO PENHENSE DE ENSINO SUPERIOR,17254,1745,Faculdade Interativa de São Paulo,FAISP,Rua Heloísa Penteado,327,-,Vila Esperança,3649010.0,10,0,0,0,0,0,0,3,1,3,0,1,1,1,0,0,0,1,1,1,1,1,1,4857,14954,14,14,2,12,0,0,6,4,4,3,0,3,11,0,1,2,0,1,3,4,3,0,11,0,1,0,0,2,14,0,0
2024,Sudeste,3,São Paulo,SP,35,São Paulo,3550308,1,Metropolitana de São Paulo,15,São Paulo,61,3,2,4,0,0,CENTRO EDUCACIONAL ALVES FARIA LTDA.,979,1752,FACULDADE AUTÔNOMA DE DIREITO,FADISP,Rua João Moura,313,Unidade SEDE,Pinheiros,5412001.0,25,2,0,3,0,11,2,3,3,1,0,0,0,0,0,1,0,0,1,1,1,0,1,74,12223,30,30,7,23,0,0,0,1,29,7,0,7,18,5,0,2,5,4,9,7,1,2,25,1,3,1,0,0,30,0,0
2024,Sudeste,3,São Paulo,SP,35,São Paulo,3550308,1,Metropolitana de São Paulo,15,São Paulo,61,3,2,5,0,0,SOCIEDADE BRASILEIRA DE ENSINO SUPERIOR,1161,1756,FACULDADE ASSOCIADA BRASIL,FAB,Rua Tiquatira,243,-,Bosque da Saúde,4137111.0,9,0,0,1,1,2,0,2,1,1,0,0,1,0,0,0,0,0,1,1,1,0,0,50,12000,5,5,4,1,0,0,2,0,3,3,0,3,2,0,0,0,0,0,1,1,0,3,3,1,1,0,0,0,5,0,0
2024,Sudeste,3,São Paulo,SP,35,São Paulo,3550308,1,Metropolitana de São Paulo,15,São Paulo,61,2,2,4,0,0,SOCIEDADE EDUCACIONAL SOIBRA S/S LTDA,1152,1762,Centro Universitário de Tecnologia e Negócios Carlos Drummond de Andrade,UniTen CDA,Av. Penha de França,35,-,Penha,3606010.0,46,1,0,3,2,19,9,8,1,0,0,2,0,1,0,1,0,1,1,1,1,1,1,165,13157,32,32,9,23,0,0,2,20,10,5,0,5,26,1,0,1,0,4,4,10,2,11,22,1,0,2,0,7,31,1,0
2024,Sudeste,3,Espírito Santo,ES,32,Cariacica,3201308,0,Central Espírito-santense,3,Vitória,9,3,2,5,0,0,UNIAO CAPIXABA DE ENSINO,1171,1766,FACULDADE ESPÍRITO SANTENSE,UNICAPE,Rua São Jorge,2,-,Alto Laje,29151120.0,13,0,0,0,0,3,3,3,2,1,0,0,0,1,0,0,0,1,1,1,1,0,1,1300,203000,45,45,17,28,0,0,6,28,11,4,0,4,21,20,0,2,8,5,12,6,6,6,27,1,6,0,0,11,45,0,0
2024,Sudeste,3,São Paulo,SP,35,Jundiaí,3525904,0,Macro Metropolitana Paulista,12,Jundiaí,47,3,2,4,0,0,ANHANGUERA EDUCACIONAL PARTICIPACOES S/A,16452,1776,Faculdade Anhanguera de Tecnologia de Jundiaí,,Rua do Retiro,3.000,-,Retiro,13209355.0,54,0,0,1,0,17,5,8,13,6,1,0,2,0,1,0,0,1,1,0,1,1,1,33730,270513,42,42,22,20,0,0,3,4,35,4,0,4,34,4,0,2,5,12,10,2,5,6,32,1,6,1,0,2,42,0,0
2024,Sudeste,3,São Paulo,SP,35,Ipaussu,3520905,0,Assis,10,Ourinhos,40,3,2,5,0,0,INSTITUTO TECNOLOGICO DO SUDOESTE PAULISTA SYLVESTRE FERRAZ EGREJA,1181,1781,FACULDADE INTESP,INTESP,Rua Deoclides da Silva Guidio,469,-,Centro,18950000.0,12,0,0,0,0,2,1,3,2,1,0,2,1,0,0,1,0,1,1,1,1,1,0,20,500,15,15,4,11,0,0,8,5,2,12,0,12,2,1,0,0,1,2,1,3,3,5,15,0,0,0,0,0,15,0,0
2024,Sudeste,3,Minas Gerais,MG,31,Machado,3139003,0,Sul/Sudoeste de Minas,10,Alfenas,49,3,2,4,0,0,FESSUL - FACULDADES DE ENSINO SUPERIOR LTDA,18624,1786,Faculdade FESSUL Machado,,Avenida Filhas de Sant Ana - Rod. Br. 267 - Km 03,2685,Distrito Industrial,Distrito Industrial,37750000.0,15,0,0,0,0,0,0,5,1,3,1,3,1,1,0,0,0,0,0,1,1,0,1,0,7340,29,29,8,21,0,0,9,16,4,4,3,1,13,12,0,6,8,4,5,0,4,2,24,1,2,1,0,1,29,0,0
2024,Sudeste,3,São Paulo,SP,35,Limeira,3526902,0,Piracicaba,6,Limeira,27,3,2,4,0,0,PHD CURSOS EDUCACIONAIS LTDA,17996,1788,FACULDADE DE ADMINISTRAÇÃO E ARTES DE LIMEIRA,FAAL,Avenida Engenheiro Antonio Eugênio Lucato,2515,-,Vila Camargo,13486085.0,7,0,0,0,0,3,1,1,0,2,0,0,0,0,0,0,0,0,0,0,0,0,0,0,0,36,36,15,21,0,0,18,13,5,1,1,0,11,24,0,2,4,11,9,6,1,3,31,1,2,2,0,0,36,0,1
2024,Sudeste,3,São Paulo,SP,35,Mauá,3529401,0,Metropolitana de São Paulo,15,São Paulo,61,3,2,5,0,0,UNIESP S.A,16134,1804,FACULDADE DE MAUÁ - FAMA,FAMA,Rua Vitorino Dell'Antônia,349,-,Vila Noemia,9370570.0,14,2,0,1,1,4,3,2,0,0,0,0,1,0,0,0,0,1,1,1,1,1,1,22203,14701,12,12,8,4,0,0,2,5,5,2,0,2,10,0,0,0,0,0,1,5,3,3,9,0,3,0,0,0,12,0,0
2024,Sudeste,3,Espírito Santo,ES,32,Vitória,3205309,1,Central Espírito-santense,3,Vitória,9,4,1,1,0,0,INSTITUTO FEDERAL DE EDUCACAO CIENCIA E TECNOLOGIA DO ESPIRITO SANTO,14112,1808,"INSTITUTO FEDERAL DE EDUCAÇÃO, CIÊNCIA E TECNOLOGIA DO ESPÍRITO SANTO",IFES,Avenida Rio Branco,50,-,Santa Lucia,29056255.0,1210,0,0,0,6,18,65,43,63,314,272,200,153,48,28,1,0,1,1,1,1,1,1,22000,27183,1169,1169,384,785,0,4,79,453,633,1142,1014,128,7,20,36,78,220,279,207,146,107,96,731,41,292,3,1,101,1165,4,10
2024,Sudeste,3,São Paulo,SP,35,São Paulo,3550308,1,Metropolitana de São Paulo,15,São Paulo,61,4,1,1,0,0,"INSTITUTO FEDERAL DE EDUCACAO, CIENCIA E TECNOLOGIA DE SAO PAULO",14163,1810,"INSTITUTO FEDERAL DE EDUCAÇÃO, CIÊNCIA E TECNOLOGIA DE SÃO PAULO",IFSP,Rua Pedro Vicente,625,-,Canindé,1109010.0,1905,0,0,1,1,23,72,81,138,451,517,297,198,83,43,1,0,1,1,1,1,1,1,32,17408,2237,2237,703,1534,0,17,144,718,1358,2216,1807,409,21,0,44,149,358,513,419,285,215,254,1727,104,317,84,5,0,2227,10,20
2024,Sudeste,3,São Paulo,SP,35,Bauru,3506003,0,Bauru,4,Bauru,20,2,2,4,0,0,UNIESP S.A,16134,1816,CENTRO UNIVERSITÁRIO BAURUENSE,UNIESB,Rua Anhangüera,09-19,-,Vila Flores,17013190.0,7,0,0,1,1,2,0,2,1,0,0,0,0,0,0,0,0,1,1,1,1,1,1,22203,14701,9,9,4,5,0,0,4,2,3,1,0,1,8,0,0,0,2,1,2,2,1,1,8,0,1,0,0,0,9,0,0
2024,Sudeste,3,Minas Gerais,MG,31,Belo Horizonte,3106200,1,Metropolitana de Belo Horizonte,7,Belo Horizonte,30,3,2,4,0,0,ORME SERVICOS EDUCACIONAIS LTDA,3167,1818,FACULDADE ANHANGUERA DE BELO HORIZONTE,,Rua dos Timbiras,1.375,Campus Timbiras,Funcionários,30140060.0,79,0,0,1,0,27,19,8,13,7,1,2,1,0,0,0,0,1,1,0,1,1,1,33730,270513,348,348,179,169,0,0,59,178,111,60,0,60,164,124,7,40,70,80,63,45,25,18,239,18,79,10,0,2,347,1,8
2024,Sudeste,3,São Paulo,SP,35,São Paulo,3550308,1,Metropolitana de São Paulo,15,São Paulo,61,3,2,5,0,0,ASSOCIACAO ESCOLA DA CIDADE - ARQUITETURA E URBANISMO,1210,1828,ESCOLA DA CIDADE - FACULDADE DE ARQUITETURA E URBANISMO,ESCOLA DA CIDADE,Rua General Jardim,65/51,-,Vila Buarque,1223011.0,35,2,1,3,1,9,10,4,2,2,1,0,0,0,0,0,0,0,0,0,1,1,0,0,0,45,45,17,28,0,5,4,19,17,8,0,8,13,24,0,2,4,4,11,8,5,11,44,0,0,0,0,1,44,1,0
2024,Sudeste,3,São Paulo,SP,35,Agudos,3500709,0,Bauru,4,Bauru,20,3,2,5,0,0,CENTRO DE ENSINO SUPERIOR DE AGUDOS,1216,1834,FACULDADE DE AGUDOS,FAAG,Avenida Marginal Vereador Delfino Tendolo,D 1200,-,Distrito Industrial Hatsuta,17123220.0,12,0,1,0,0,0,0,1,0,4,1,2,1,2,0,1,0,1,1,1,1,1,0,48,350,19,19,9,10,0,0,9,4,6,2,0,2,12,5,2,1,5,4,3,3,0,1,18,1,0,0,0,0,19,0,0
2024,Sudeste,3,São Paulo,SP,35,São João da Boa Vista,3549102,0,Campinas,7,São João da Boa Vista,30,2,2,5,1,0,FUNDACAO DE ENSINO OCTAVIO BASTOS,171,1836,CENTRO UNIVERSITÁRIO FUNDAÇÃO DE ENSINO OCTÁVIO BASTOS - FEOB,UNIFEOB,Av. Dr. Octávio da Silva Bastos,2439,Campus II - Mantiqueira,Jardim Nova São João,13874159.0,231,2,8,18,11,54,56,34,13,21,5,3,4,2,0,0,0,1,1,1,1,1,0,623,17462,176,176,99,77,0,0,75,73,28,49,0,49,64,63,11,24,32,25,24,26,15,19,167,2,6,1,0,0,176,0,0
2024,Sudeste,3,São Paulo,SP,35,São Paulo,3550308,1,Metropolitana de São Paulo,15,São Paulo,61,3,2,4,0,0,UNIAO BANDEIRANTE DE EDUCACAO E CULTURA S.A.,17362,1838,FACULDADES INTEGRADAS RIO BRANCO,FRB,Rua Maria Cândida,1813,Maria Cândida,Vila Guilherme,2071013.0,22,0,0,0,0,3,5,6,6,1,1,0,0,0,0,1,0,1,1,1,1,1,0,300,6000,12,12,3,9,0,0,1,5,6,7,0,7,5,0,0,0,4,1,0,1,4,2,8,0,4,0,0,0,12,0,0
2024,Sudeste,3,Espírito Santo,ES,32,Colatina,3201506,0,Noroeste Espírito-santense,1,Colatina,3,2,2,5,0,0,FUNDACAO EDUCACIONAL ALTO MEDIO SAO FRANCISCO,3521,1840,CENTRO UNIVERSITÁRIO CASTELO BRANCO,UNICB,Avenida Brasil,1303,-,Maria das Graças,29705100.0,62,2,4,0,8,10,4,12,6,6,3,1,5,0,1,0,0,0,1,1,1,1,1,11000,16885,47,47,22,25,0,0,10,25,12,9,0,9,30,8,2,5,11,10,9,3,5,2,29,2,11,0,0,5,47,0,0
2024,Sudeste,3,São Paulo,SP,35,Presidente Prudente,3541406,0,Presidente Prudente,8,Presidente Prudente,36,2,2,5,0,0,ASSOCIACAO EDUCACIONAL TOLEDO,957,1841,CENTRO UNIVERSITÁRIO ANTÔNIO EUFRÁSIO DE TOLEDO DE PRESIDENTE PRUDENTE - TOLEDO PRUDENTE,TOLEDO PRUDENTE,Praça Raul Furquim,09,-,Vila Furquim,19030430.0,58,0,0,3,0,10,5,12,9,15,2,1,1,0,0,0,0,1,1,1,1,1,1,339,13194,95,95,39,56,0,0,14,46,35,25,0,25,70,0,11,12,25,10,10,10,5,12,85,1,6,3,0,0,95,0,2
2024,Sudeste,3,São Paulo,SP,35,Andradina,3502101,0,Araçatuba,3,Andradina,16,3,2,5,0,0,FUNDACAO EDUCACIONAL DE ANDRADINA,82,1844,FACULDADES INTEGRADAS STELLA MARIS DE ANDRADINA,FISMA,Rua Amazonas,571,-,Stella Maris,16901160.0,3,0,0,0,0,0,0,2,0,1,0,0,0,0,0,1,0,0,0,1,1,1,0,38,0,56,56,33,23,0,0,31,10,15,6,0,6,21,29,3,3,12,11,11,8,4,4,51,0,3,2,0,0,56,0,1
2024,Sudeste,3,São Paulo,SP,35,Lins,3527108,0,Bauru,4,Lins,19,2,2,5,0,0,FUNDACAO PAULISTA DE TECNOLOGIA E EDUCACAO,232,1846,CENTRO UNIVERSITÁRIO DE LINS,UNILINS,Avenida Nicolau Zarvos,1925,-,Jardim Aeroporto,16401371.0,123,0,0,0,0,5,0,8,1,16,12,28,26,8,19,0,0,1,1,1,1,1,1,0,16885,85,85,35,50,0,0,21,44,20,16,0,16,40,29,4,6,15,10,15,5,6,24,74,0,8,1,0,2,85,0,0
2024,Sudeste,3,Rio de Janeiro,RJ,33,Rio de Janeiro,3304557,1,Metropolitana do Rio de Janeiro,6,Rio de Janeiro,18,3,2,5,0,0,FUNDACAO GETULIO VARGAS,110,1851,ESCOLA BRASILEIRA DE ADMINISTRAÇÃO PÚBLICA E DE EMPRESAS,EBAPE,Rua Jornalista Orlando Dantas,30,EBAPE (Nova sede),Botafogo,22231010.0,38,0,0,0,0,1,2,12,5,10,1,5,2,0,0,1,0,1,1,1,1,1,1,273,18139,77,77,18,59,0,0,0,2,75,63,0,63,12,2,1,2,9,5,17,12,9,22,63,1,8,0,0,5,68,9,0
2024,Sudeste,3,São Paulo,SP,35,São Paulo,3550308,1,Metropolitana de São Paulo,15,São Paulo,61,2,2,4,0,0,OYA EDUCACIONAL LTDA,18055,1853,Centro Universitário UNIBTA,,Rua da Consolação,847,SEDE,Consolação,1301000.0,78,2,3,3,5,6,2,12,8,5,6,12,8,2,4,0,0,1,1,1,1,0,1,8000,25000,119,119,53,66,0,0,21,65,33,109,0,109,7,3,2,14,20,21,21,16,14,11,89,3,9,4,0,14,119,0,1
2024,Sudeste,3,São Paulo,SP,35,Rio Claro,3543907,0,Piracicaba,6,Rio Claro,26,2,2,5,1,0,ACAO EDUCACIONAL CLARETIANA,780,1854,CLARETIANO - CENTRO UNIVERSITÁRIO,,Avenida Santo Antonio Maria Claret,1724,- de 1144/1145 a 1723/1724,Jardim Claret,13503257.0,166,4,7,14,5,33,26,27,16,12,5,7,5,4,1,0,0,1,1,1,1,0,1,2925,31252,123,123,58,65,0,0,41,47,35,14,0,14,72,37,2,5,17,17,31,23,14,14,110,2,4,0,0,7,123,0,1
2024,Sudeste,3,São Paulo,SP,35,Taubaté,3554102,0,Vale do Paraíba Paulista,13,São José dos Campos,50,3,2,5,0,0,ASSOCIACAO DEHONIANA BRASIL MERIDIONAL,15028,1857,FACULDADE DEHONIANA,DEHONIANA,Avenida Francisco Barreto Leme,550,-,Vila São Geraldo,12062000.0,12,0,0,0,1,2,1,6,2,0,0,0,0,0,0,0,0,0,0,1,1,1,1,0,9,22,22,3,19,0,0,0,11,11,4,0,4,10,8,0,2,2,2,4,3,4,5,18,1,3,0,0,0,21,1,1
2024,Sudeste,3,Minas Gerais,MG,31,Santos Dumont,3160702,0,Zona da Mata,12,Juiz de Fora,65,3,2,5,0,0,FUNDACAO EDUCACIONAL SAO JOSE,686,1867,FACULDADE SANTOS DUMONT,FSD,Avenida Getúlio Vargas,547,-,Centro,36240000.0,15,0,0,0,1,1,1,2,2,6,2,0,0,0,0,0,0,0,0,0,1,0,1,0,0,30,30,17,13,0,0,13,15,2,0,0,0,17,13,4,4,2,4,6,4,1,5,16,1,13,0,0,0,30,0,0
2024,Sudeste,3,Minas Gerais,MG,31,Itajubá,3132404,0,Sul/Sudoeste de Minas,10,Itajubá,56,2,2,5,0,0,FUNDACAO DE ENSINO E PESQUISA DE ITAJUBA,40,1869,CENTRO UNIVERSITÁRIO DE ITAJUBÁ,FEPI,Avenida Dr. Antonio Braga Filho,687,-,Varginha,37501002.0,71,0,0,0,1,7,11,21,6,9,2,1,5,2,6,0,0,0,1,1,1,1,1,0,14887,95,95,40,55,0,0,5,52,38,20,0,20,69,6,8,15,22,21,10,8,4,7,91,1,3,0,0,0,95,0,0
2024,Sudeste,3,São Paulo,SP,35,Avaré,3504503,0,Bauru,4,Avaré,22,3,1,3,0,0,FUNDACAO REGIONAL EDUCACIONAL DE AVARE,50,1870,FACULDADES INTEGRADAS REGIONAIS DE AVARÉ,FIRA,Praça Prefeito Romeu Bretas,163,-,CENTRO,18700902.0,46,0,0,0,0,21,5,7,8,4,1,0,0,0,0,1,0,0,1,0,1,1,1,676,12274,30,30,16,14,0,0,9,15,6,3,2,1,1,26,0,1,2,4,7,3,3,10,23,2,4,1,0,0,30,0,0
2024,Sudeste,3,São Paulo,SP,35,Ourinhos,3534708,0,Assis,10,Ourinhos,40,3,1,2,0,0,CENTRO ESTADUAL DE EDUCACAO TECNOLOGICA PAULA SOUZA,33,1874,FACULDADE DE TECNOLOGIA DE OURINHOS,FATEC,Avenida Vitalina Marcusso,1400,-,Campus Universitário,19910206.0,27,0,0,0,0,1,4,7,7,2,5,0,1,0,0,0,0,0,1,0,1,0,1,0,0,68,68,17,51,0,0,15,34,19,13,0,13,41,14,1,7,8,13,12,11,8,8,60,2,4,0,0,2,68,0,0
2024,Sudeste,3,São Paulo,SP,35,Ibitinga,3519600,0,Araraquara,5,Araraquara,24,3,1,3,0,0,FUNDACAO EDUCACIONAL MUNICIPAL DE IBITINGA - FEMIB,1232,1875,"FACULDADE DE FILOSOFIA, CIÊNCIAS E LETRAS DE IBITINGA",FAIBI,Rua Roque Raineri,81,-,Jardim Centenário,14940000.0,17,0,0,0,0,4,2,1,0,4,3,1,1,0,1,0,0,0,0,0,1,1,1,0,0,28,28,16,12,0,0,5,16,7,0,0,0,1,27,1,0,4,3,7,7,4,2,27,0,0,0,0,1,28,0,0
2024,Sudeste,3,São Paulo,SP,35,Mogi Guaçu,3530706,0,Campinas,7,Mogi Mirim,31,3,1,3,0,0,FUNDACAO EDUCACIONAL GUACUANA,1233,1876,FACULDADE MUNICIPAL PROFESSOR FRANCO MONTORO DE MOGI GUAÇU,FMPFM,Estrada da Cachoeira de Cima,s/n,-,Centro,,35,0,0,0,0,12,10,4,7,2,0,0,0,0,0,0,0,1,0,1,1,1,0,0,10000,79,79,41,38,0,0,34,15,30,10,0,10,9,60,3,11,6,11,15,16,6,11,56,0,1,0,0,22,79,0,0
2024,Sudeste,3,São Paulo,SP,35,São Bernardo do Campo,3548708,0,Metropolitana de São Paulo,15,São Paulo,61,2,2,5,1,0,FUNDACAO EDUCACIONAL INACIANA PADRE SABOIA DE MEDEIROS,166,1878,CENTRO UNIVERSITÁRIO DA FUNDAÇÃO EDUCACIONAL INACIANA PE SABÓIA DE MEDEIROS,FEI,Avenida Humberto Alencar Castelo Branco,3972,-,Assunção,9850901.0,267,0,5,0,2,51,91,36,31,32,14,1,3,0,1,1,0,1,1,0,1,1,1,263,275,209,209,50,159,0,0,1,45,163,62,0,62,8,139,0,12,21,27,32,46,31,40,177,4,16,12,0,0,206,3,1
2024,Sudeste,3,Espírito Santo,ES,32,Aracruz,3200607,0,Litoral Norte Espírito-santense,2,Linhares,6,3,2,4,0,0,SOCIEDADE DE ENSINO SUPERIOR DE ARACRUZ LTDA,1236,1880,FACULDADE CASA DO ESTUDANTE,FACE,RUA FLOR DE ESTUDANTE,213,-,JARDINS,29190390.0,3,0,0,0,0,0,0,1,0,1,0,1,0,0,0,0,0,0,0,1,1,1,1,20,0,8,8,2,6,0,0,4,4,0,1,0,1,1,6,0,0,0,0,3,2,2,1,5,0,3,0,0,0,8,0,0
2024,Sudeste,3,São Paulo,SP,35,Guarulhos,3518800,0,Metropolitana de São Paulo,15,Guarulhos,59,2,2,4,0,0,EDVAC SERVICOS EDUCACIONAIS LTDA,1243,1892,Centro Universitário de Excelência Eniac,ENIAC,Rua Força Pública,89,-,Centro,7012030.0,129,0,0,0,0,25,31,13,21,12,16,2,6,1,2,1,0,1,1,1,1,1,0,378,2945,108,108,39,69,0,0,31,51,26,32,16,16,62,14,3,5,6,17,21,19,14,23,44,1,15,1,0,47,107,1,0
2024,Sudeste,3,São Paulo,SP,35,Praia Grande,3541000,0,Metropolitana de São Paulo,15,Santos,63,3,2,4,0,0,SERVICOS EDUCACIONAIS DO LITORAL PAULISTA LTDA.,1247,1898,FACULDADE DO LITORAL SUL PAULISTA,FALS,Rua Marechal Eurico Gaspar Dutra,836,-,Canto do Forte,11700330.0,15,0,0,0,0,3,4,5,0,1,1,0,0,0,1,0,0,0,1,1,1,0,0,1,0,21,21,12,9,0,0,3,10,8,16,11,5,5,0,0,1,2,6,3,3,2,4,16,0,1,0,0,4,21,0,0
2024,Sudeste,3,Espírito Santo,ES,32,Serra,3205002,0,Central Espírito-santense,3,Vitória,9,3,2,5,0,0,CENTRO DE ENSINO SUPERIOR FABRA,1256,1908,FACULDADE BRASILEIRA CRISTÃ,FBC,Rua Pouso Alegre,49,-,Barcelona,29166160.0,20,0,0,0,0,4,4,5,3,2,2,0,0,0,0,0,0,1,1,1,1,1,1,1000,3500,37,37,20,17,0,0,1,28,8,7,0,7,30,0,0,4,5,8,11,4,3,2,14,3,18,0,0,2,37,0,0
2024,Sudeste,3,Minas Gerais,MG,31,Ipatinga,3131307,0,Vale do Rio Doce,8,Ipatinga,39,3,2,4,0,0,REDE DE ENSINO MONSTER LTDA,17288,1909,Faculdades FAGENIUS de Ipatinga,,Rua Potiguar,150,-,Iguaçu,35162110.0,10,1,0,0,0,1,0,5,1,1,1,0,0,0,0,0,0,1,1,1,1,1,0,30,300,10,10,4,6,0,0,5,5,0,0,0,0,0,10,1,1,2,3,1,2,0,0,9,0,1,0,0,0,10,0,0
2024,Sudeste,3,Minas Gerais,MG,31,Muriaé,3143906,0,Zona da Mata,12,Muriaé,63,2,2,4,0,0,LAEL VARELLA EDUCACAO E CULTURA LTDA,1260,1913,CENTRO UNIVERSITÁRIO FAMINAS,UNIFAMINAS,Av Avenida Cristiano Ferreira Varella,655,Rodovia BR 116 Km 701,Universitário,36888233.0,195,0,1,4,3,34,21,53,24,18,9,9,8,5,6,0,0,1,1,1,1,1,1,9000,12000,135,135,78,57,0,0,13,81,41,81,0,81,11,43,8,33,29,30,16,8,4,7,106,3,25,0,1,0,135,0,0
2024,Sudeste,3,São Paulo,SP,35,São Paulo,3550308,1,Metropolitana de São Paulo,15,São Paulo,61,3,2,5,0,0,MOSTEIRO DE SAO BENTO DE SAO PAULO,1265,1921,FACULDADE DE SÃO BENTO,FSB,Largo de São Bento,S/N,-,Centro,1029010.0,5,1,0,1,0,0,1,1,1,0,0,0,0,0,0,0,0,0,1,0,1,0,0,25,0,15,15,1,14,0,0,0,3,12,3,3,0,7,5,0,0,1,2,4,1,0,7,14,1,0,0,0,0,14,1,0
2024,Sudeste,3,Minas Gerais,MG,31,Belo Horizonte,3106200,1,Metropolitana de Belo Horizonte,7,Belo Horizonte,30,2,2,5,0,0,ASSOCIACAO PROPAGADORA ESDEVA,235,1923,Centro Universitário Arnaldo Janssen,Uniarnaldo,Praça João Pessoa,200,CAMPUS  - BELO HORIZONTE - FUNCIONÁRIOS,Funcionários,30140020.0,105,0,1,1,0,20,5,37,9,8,5,4,11,3,1,0,0,1,0,1,1,0,1,10261,20000,199,199,99,100,0,1,28,101,69,19,0,19,1,179,0,10,30,40,45,30,18,26,107,6,37,0,0,49,199,0,0
2024,Sudeste,3,Rio de Janeiro,RJ,33,Rio de Janeiro,3304557,1,Metropolitana do Rio de Janeiro,6,Rio de Janeiro,18,3,2,5,1,0,CAMPANHA NACIONAL DE ESCOLAS DA COMUNIDADE,407,1928,Faculdade CNEC Capitão Lemos Cunha,,Estrada do Galeão,s/n,-,Jardim Guanabara - Ilha do Governador,21931000.0,19,0,1,0,0,9,4,0,0,0,0,3,2,0,0,0,0,0,0,0,0,0,0,269,20323,15,15,10,5,0,0,1,12,2,8,8,0,2,5,0,0,5,2,3,4,0,1,14,0,0,0,0,1,15,0,0
2024,Sudeste,3,São Paulo,SP,35,São Paulo,3550308,1,Metropolitana de São Paulo,15,São Paulo,61,3,2,5,0,0,INSTITUTO SUPERIOR DE EDUCACAO DE SAO PAULO - ISESP,1267,1930,INSTITUTO SUPERIOR DE EDUCAÇÃO DE SÃO PAULO,SINGULARIDADES/ISESP,Rua Cincinato Braga,388,Campus Principal,Bela Vista,1333010.0,33,0,0,0,0,6,3,8,4,5,0,3,0,4,0,0,0,1,0,1,1,0,1,134,2719,32,32,25,7,0,0,1,14,17,4,0,4,5,23,0,0,2,9,8,3,4,6,26,3,2,1,0,0,32,0,1
2024,Sudeste,3,São Paulo,SP,35,Birigui,3506508,0,Araçatuba,3,Birigui,18,3,2,4,0,0,UNIESP S.A,16134,1933,FACULDADE BIRIGUI,FABI,Rua João Escanhuela,133,-,Jardim Capuano,16204142.0,3,0,0,0,0,0,0,2,1,0,0,0,0,0,0,0,0,1,1,1,1,1,1,22203,14701,12,12,4,8,0,0,4,7,1,3,0,3,3,6,0,1,2,1,1,3,3,1,9,0,2,0,0,1,12,0,0
2024,Sudeste,3,Minas Gerais,MG,31,Nova Serrana,3145208,0,Oeste de Minas,9,Divinópolis,43,3,2,5,0,0,FUNDACAO EDUCACIONAL FAUSTO PINTO DA FONSECA,1276,1940,FACULDADE DE NOVA SERRANA,FANS,Rua Lígia Rodrigues,600,-,Fausto Pinto da Fonseca,35519000.0,23,0,0,2,2,2,1,1,3,5,1,0,6,0,0,0,0,0,0,0,1,0,0,0,0,29,29,10,19,0,0,9,19,1,5,5,0,21,3,1,2,5,5,6,3,1,6,23,1,3,0,0,2,29,0,0
2024,Sudeste,3,São Paulo,SP,35,São Paulo,3550308,1,Metropolitana de São Paulo,15,São Paulo,61,3,2,4,0,0,LEGALE EDUCACIONAL S.A.,14483,1946,Faculdade Lumina,Lumina,Rua da Consolação,65,"Subsolo, 1º, 2º, 5º e 6º andares",Centro,1301911.0,42,0,0,0,0,4,9,9,7,8,1,1,0,0,3,1,0,0,0,0,1,0,0,23,15650,9,9,1,8,0,0,0,5,4,1,0,1,0,8,0,0,1,1,3,0,1,3,8,1,0,0,0,0,9,0,0
2024,Sudeste,3,São Paulo,SP,35,Paulínia,3536505,0,Campinas,7,Campinas,32,2,2,4,0,0,INSTITUTO DE EDUCACAO SUPERIOR SAO PAULO LTDA - EPP,1283,1949,CENTRO UNIVERSITÁRIO DE PAULÍNIA,UNIFACP,Rua Nelson Prodócimo,495,-,Bela Vista,13145004.0,48,0,0,0,4,7,12,18,3,2,1,1,0,0,0,0,0,1,1,0,1,1,1,40,18291,104,104,50,54,0,0,35,38,31,17,0,17,39,48,3,3,10,16,16,18,13,25,84,1,8,2,0,9,104,0,0
2024,Sudeste,3,Rio de Janeiro,RJ,33,Campos dos Goytacazes,3301009,0,Norte Fluminense,2,Campos dos Goytacazes,3,3,2,5,0,1,CENTRO EDUCACIONAL NOSSA SENHORA AUXILIADORA,1288,1961,INSTITUTO TECNOLÓGICO E DAS CIÊNCIAS SOCIAIS APLICADAS E DA SAÚDE DO CENTRO EDUC. N. SRª AUXILIADORA,ITCSAS/CENSA,Rua Salvador Correa,139,-,Centro,28035310.0,57,0,0,0,7,5,8,12,4,6,0,6,3,1,5,0,0,1,0,0,1,0,0,1,0,119,119,50,69,0,0,32,60,27,14,0,14,38,67,1,9,23,19,22,17,7,21,102,3,13,0,0,1,118,1,2
2024,Sudeste,3,Rio de Janeiro,RJ,33,Campos dos Goytacazes,3301009,0,Norte Fluminense,2,Campos dos Goytacazes,3,3,2,5,0,1,CENTRO EDUCACIONAL NOSSA SENHORA AUXILIADORA,1288,1962,INSTITUTO SUPERIOR DE EDUCAÇÃO DO CENTRO EDUCACIONAL NOSSA SENHORA AUXILIADORA,ISECENSA,Rua Salvador Correa,139,-,Centro,28035310.0,57,0,0,0,7,5,8,12,4,6,0,6,3,1,5,0,0,1,0,0,1,0,0,1,0,15,15,11,4,0,0,5,6,4,4,1,3,0,11,0,1,3,0,3,1,3,4,11,1,2,0,0,1,15,0,0
2024,Sudeste,3,Espírito Santo,ES,32,Cachoeiro de Itapemirim,3201209,0,Sul Espírito-santense,4,Cachoeiro de Itapemirim,12,3,2,4,0,0,"MULTIVIX CACHOEIRO  ENSINO, PESQUISA E EXTENSAO LTDA",833,1970,Faculdade Multivix de Cachoeiro,Multivix Cachoeiro,Rodovia Engenheiro Fabiano Vivacqua,2531,Cachoeiro de Itapemirim,Monte Belo,29314803.0,57,0,0,1,2,12,4,9,1,7,7,4,6,2,2,0,0,1,1,1,1,1,0,5000,25000,94,94,41,53,0,0,43,36,15,19,0,19,63,12,7,23,25,23,10,4,1,1,44,1,12,1,0,36,93,1,3
2024,Sudeste,3,Minas Gerais,MG,31,Barbacena,3105608,0,Campo das Vertentes,11,Barbacena,59,3,2,4,0,0,CENTRO EDUCACIONAL APRENDIZ LTDA,1296,1977,CENTRO DE ESTUDOS SUPERIORES APRENDIZ,CESA,Avenida Bias Fortes,02,-,Centro,36200068.0,9,0,0,0,0,0,0,6,2,0,1,0,0,0,0,0,0,1,0,1,1,0,0,0,2602,24,24,5,19,0,0,6,17,1,1,1,0,0,23,0,2,3,5,6,3,4,1,19,0,5,0,0,0,24,0,0
2024,Sudeste,3,Minas Gerais,MG,31,Manhuaçu,3139409,0,Zona da Mata,12,Manhuaçu,61,2,2,4,0,0,CENTRO SUPERIOR DE ESTUDOS DE MANHUACU LTDA,1301,1984,Centro Universitário Unifacig,,Rua Darcy César de Oliveira Leite,600,-,Alfa Sul,36900000.0,79,0,0,0,1,7,14,18,8,7,4,11,6,1,2,1,0,1,1,0,1,1,1,938,221930,133,133,73,60,0,0,9,95,29,54,13,41,78,1,8,24,42,24,18,9,4,4,83,1,36,2,0,11,133,0,2
2024,Sudeste,3,Minas Gerais,MG,31,Juiz de Fora,3136702,0,Zona da Mata,12,Juiz de Fora,65,2,2,4,0,0,SOCIEDADE DE ENSINO SUPERIOR ESTACIO DE SA LTDA,119,1986,CENTRO UNIVERSITÁRIO ESTÁCIO JUIZ DE FORA - ESTÁCIO JUIZ DE FORA,,Avenida Presidente João Goulart,600,Rio Branco,Cruzeiro do Sul,36030900.0,58,0,1,0,0,9,13,8,4,11,6,3,0,2,1,0,0,1,1,0,1,0,1,33000,15000,93,93,50,43,0,0,8,43,42,23,0,23,41,29,3,19,21,14,16,9,6,5,67,7,17,2,0,0,93,0,1
2024,Sudeste,3,Minas Gerais,MG,31,Virginópolis,3171808,0,Vale do Rio Doce,8,Guanhães,35,3,2,4,0,0,EDUCARE SISTEMA EDUCACIONAL DE ENSINO SUPERIOR LTDA,18068,1998,INSTITUTO SUPERIOR DE EDUCAÇÃO ELVIRA DAYRELL,ISEED,Rodovia de Ligação da Br 120a Br 256,S/N,Trevo de Correntinho,Centro,39730000.0,13,0,0,1,0,3,3,3,3,0,0,0,0,0,0,1,0,0,0,0,0,1,0,1700,0,5,5,2,3,0,0,4,1,0,0,0,0,0,5,0,0,2,0,1,2,0,0,1,0,4,0,0,0,5,0,0
2024,Sudeste,3,Minas Gerais,MG,31,Belo Horizonte,3106200,1,Metropolitana de Belo Horizonte,7,Belo Horizonte,30,3,2,5,0,1,ASSOCIACAO SANTO TOMAS DE AQUINO,16145,2015,INSTITUTO SANTO TOMÁS DE AQUINO,ISTA,Rua Itutinga,340,-,Minas Brasil,30535640.0,7,0,0,0,1,1,0,5,0,0,0,0,0,0,0,1,0,0,0,0,1,0,0,82,1258,6,6,3,3,0,0,0,5,1,0,0,0,6,0,0,0,1,1,2,0,0,2,4,0,1,0,0,1,6,0,0
2024,Sudeste,3,Minas Gerais,MG,31,Manhuaçu,3139409,0,Zona da Mata,12,Manhuaçu,61,3,2,4,0,0,SOCIEDADE DE ENSINO SUPERIOR DE MANHUACU LTDA,1341,2040,FACULDADE DO FUTURO,FAF,Rua Duarte Peixoto,259,-,Coqueiro,36900371.0,76,3,5,0,0,3,3,18,14,12,9,5,1,2,1,0,0,1,1,1,1,1,1,7000,11000,66,66,38,28,0,0,26,25,15,0,0,0,0,66,2,10,17,21,7,6,2,1,40,2,10,0,0,14,66,0,0
2024,Sudeste,3,Minas Gerais,MG,31,Cataguases,3115300,0,Zona da Mata,12,Cataguases,66,3,2,5,0,0,INSTITUTO NACIONAL,16060,2041,FACULDADE SUDAMÉRICA,SUDAMÉRICA,Rua Ofélia Resende,101,-,Menezes,36773082.0,40,0,0,0,0,5,4,4,0,2,6,6,8,5,0,0,0,0,1,1,1,1,0,122,0,35,35,21,14,0,0,4,25,6,7,0,7,16,12,0,7,4,8,6,4,5,1,28,0,2,0,0,5,35,0,0
2024,Sudeste,3,São Paulo,SP,35,Tupã,3555000,0,Marília,9,Tupã,37,2,2,4,0,0,INSTITUICAO DOM BOSCO DE ENSINO E CULTURA LTDA,191,2056,CENTRO UNIVERSITÁRIO DA ALTA PAULISTA,Unifadap,Rua Mandaguaris,1010,-,Centro,17600050.0,30,1,2,1,4,5,1,6,4,0,1,1,3,1,0,0,0,0,1,1,1,1,1,400,16822,65,65,41,24,0,0,16,36,13,16,0,16,45,4,1,8,15,15,8,9,2,7,54,0,3,7,0,1,65,0,1
2024,Sudeste,3,Rio de Janeiro,RJ,33,Rio de Janeiro,3304557,1,Metropolitana do Rio de Janeiro,6,Rio de Janeiro,18,3,2,5,0,0,CENTRO DE ESTUDOS PSICO PEDAGOGICOS PRO-SABER,1374,2091,INSTITUTO SUPERIOR DE EDUCAÇÃO PRÓ-SABER,ISEPS,Rua Largo dos Leões,70,Parte,Humaitá,22260210.0,6,0,0,0,0,1,0,1,0,3,0,1,0,0,0,0,0,0,1,1,1,1,1,22,36,20,20,16,4,0,0,8,4,8,5,0,5,2,13,1,1,2,5,3,3,1,4,16,2,1,0,0,1,20,0,0
2024,Sudeste,3,Minas Gerais,MG,31,Manhuaçu,3139409,0,Zona da Mata,12,Manhuaçu,61,3,2,5,0,0,INSTITUTO ENSINAR BRASIL,218,2096,FACULDADE DOCTUM DE MANHUAÇU - DOCTUM,FCM,Avenida Getúlio Vargas,700,4º andar,Bairro Coqueiro,36900000.0,16,0,0,1,0,3,4,3,2,0,1,1,0,0,1,0,0,1,1,1,1,1,0,143,14900,31,31,11,20,0,0,4,16,11,0,0,0,31,0,1,4,3,8,9,1,1,4,20,1,6,0,0,4,31,0,0
2024,Sudeste,3,São Paulo,SP,35,Indaiatuba,3520509,0,Campinas,7,Campinas,32,2,2,4,0,0,INSTITUTO DE ENSINO SUPERIOR DE INDAIATUBA LTDA,1399,2123,CENTRO UNIVERSITÁRIO MAX PLANCK,UniMAX,Avenida Nove de Dezembro,460,-,Jardim Pedroso,13343060.0,123,0,2,2,5,36,37,17,11,12,0,1,0,0,0,0,0,1,1,1,1,0,1,7000,12000,330,330,171,159,0,0,141,125,64,42,0,42,70,218,14,37,47,72,51,43,29,37,245,0,10,2,0,73,330,0,1
2024,Sudeste,3,Minas Gerais,MG,31,São Sebastião do Paraíso,3164704,0,Sul/Sudoeste de Minas,10,São Sebastião do Paraíso,48,3,2,4,0,0,FACULDADE CALAFIORI LTDA,1400,2124,FACULDADE CALAFIORI,CALAFIORI,Avenida José Pio de Oliveira,10,-,Cidade Jardim Industrial,37950000.0,8,0,0,0,0,0,1,4,0,2,1,0,0,0,0,0,0,1,1,1,1,1,1,300,1000,46,46,24,22,0,0,24,14,8,9,0,9,14,23,10,13,11,6,3,2,0,1,39,0,7,0,0,0,46,0,0
2024,Sudeste,3,Rio de Janeiro,RJ,33,Rio de Janeiro,3304557,1,Metropolitana do Rio de Janeiro,6,Rio de Janeiro,18,3,2,5,0,0,FUNDACAO GETULIO VARGAS,110,2126,ESCOLA DE DIREITO DO RIO DE JANEIRO,DIREITO RIO,Praia de Botafogo,190,13º  Andar,Botafogo,22250900.0,57,0,0,0,0,10,4,14,2,16,3,3,5,0,0,1,0,1,1,1,1,1,1,273,18139,52,52,17,35,0,0,0,0,52,26,0,26,26,0,1,6,9,9,15,4,3,5,47,1,1,0,0,3,49,3,0
2024,Sudeste,3,São Paulo,SP,35,São Paulo,3550308,1,Metropolitana de São Paulo,15,São Paulo,61,3,2,5,0,0,FUNDACAO GETULIO VARGAS,110,2128,Escola de Direito de São Paulo - FGV DIREITO SP,FGV DIREITO SP,Avenida Nove de Julho,2029,"Rua Dr. Plínio Barreto, 365",Bela Vista,1313902.0,66,0,0,0,0,3,0,12,8,18,3,12,4,4,2,1,0,1,1,1,1,1,1,253,18209,86,86,39,47,0,0,0,1,85,38,16,22,48,0,0,3,16,19,17,10,10,11,80,3,0,1,0,2,85,1,0
2024,Sudeste,3,São Paulo,SP,35,São Paulo,3550308,1,Metropolitana de São Paulo,15,São Paulo,61,3,2,5,0,0,FUNDACAO GETULIO VARGAS,110,2129,ESCOLA DE ECONOMIA DE SÃO PAULO,EESP,Rua Doutor Plínio Barreto,365,Unidade Sede,Bela Vista,1313020.0,29,0,0,0,0,3,0,12,1,10,2,1,0,0,0,1,0,1,1,1,1,1,1,253,18209,74,74,15,59,0,0,0,0,74,46,45,1,18,10,0,5,13,13,14,14,5,10,57,1,3,1,0,12,68,6,2
2024,Sudeste,3,São Paulo,SP,35,São Bernardo do Campo,3548708,0,Metropolitana de São Paulo,15,São Paulo,61,3,2,4,0,0,UNIESP S.A,16134,2131,FACULDADE DE SÃO BERNARDO DO CAMPO,FAPAN,Rua Marechal Deodoro,1928,-,Centro,9710201.0,9,1,0,2,0,0,0,4,0,0,0,1,0,1,0,1,0,1,0,1,1,1,1,22203,11218,16,16,8,8,0,0,7,7,2,2,0,2,14,0,0,0,0,2,3,2,4,5,11,1,0,0,0,4,16,0,0
2024,Sudeste,3,Minas Gerais,MG,31,Belo Horizonte,3106200,1,Metropolitana de Belo Horizonte,7,Belo Horizonte,30,3,2,4,0,0,SOCIEDADE EDUCACIONAL DE MINAS GERAIS LTDA,17160,2145,FACULDADE PROMOVE DE TECNOLOGIA,FPTEC,Rua dos Timbiras,1.532,14° andar,Lourdes,30140061.0,63,4,3,5,3,6,10,10,12,4,1,2,2,0,1,0,0,0,1,1,1,1,1,108120,15200,15,15,5,10,0,0,1,6,8,12,0,12,3,0,0,0,2,0,5,2,2,4,10,0,2,1,0,2,15,0,0
2024,Sudeste,3,Rio de Janeiro,RJ,33,São Gonçalo,3304904,0,Metropolitana do Rio de Janeiro,6,Rio de Janeiro,18,3,2,4,0,0,INSTITUTO CULTURAL BRASIL E E U U LTDA - ME,1418,2154,INSTITUTO SUPERIOR DE CIÊNCIAS HUMANAS E SOCIAIS ANÍSIO TEIXEIRA,ISAT,Rua Dr. Francisco Portela,2.772,-,Zé Garoto,24435000.0,5,0,0,0,1,0,0,2,1,1,0,0,0,0,0,0,0,0,1,1,1,1,1,0,0,16,16,13,3,0,0,1,7,8,1,0,1,0,15,0,0,1,5,3,1,4,2,9,0,2,0,0,5,16,0,0
2024,Sudeste,3,Minas Gerais,MG,31,Belo Horizonte,3106200,1,Metropolitana de Belo Horizonte,7,Belo Horizonte,30,3,2,4,0,0,ASSUPERO ENSINO SUPERIOR LTDA.,2415,2171,INSTITUTO BELO HORIZONTE DE ENSINO SUPERIOR,IBHES,Rua Padre Pedro Pinto,1388 / 1410,Venda Nova III,Venda Nova,31615310.0,19,0,0,0,0,5,4,5,2,0,2,0,1,0,0,0,0,0,1,1,1,0,1,150,23000,7,7,3,4,0,0,5,2,0,0,0,0,6,1,0,0,0,2,3,1,1,0,5,0,0,0,0,2,7,0,0
2024,Sudeste,3,São Paulo,SP,35,Santo André,3547809,0,Metropolitana de São Paulo,15,São Paulo,61,2,2,5,0,0,FUNDACAO SANTO ANDRE,149,2183,CENTRO UNIVERSITÁRIO FUNDAÇÃO SANTO ANDRÉ,CUFSA,Avenida Príncipe de Gales,821,-,-,9060650.0,142,0,0,0,0,23,22,30,23,27,15,1,1,0,0,0,0,0,1,0,1,0,1,0,14718,246,246,92,154,0,0,35,123,88,36,0,36,34,176,6,17,28,39,43,23,31,59,224,4,17,0,0,1,244,2,0
2024,Sudeste,3,Minas Gerais,MG,31,Nova Porteirinha,3145059,0,Norte de Minas,2,Janaúba,4,3,2,4,0,0,ASSOCIACAO DE ENSINO VALE DO GORUTUBA S/S LTDA,1444,2200,FACULDADE VALE DO GORUTUBA,FAVAG,Avenida Tancredo  de Almeida Neves,302,-,Centro,39525000.0,25,0,1,0,0,6,2,11,1,3,0,1,0,0,0,0,0,0,1,1,1,1,1,0,10080,34,34,19,15,0,0,9,20,5,4,0,4,19,11,2,3,9,4,8,4,3,1,21,2,10,0,0,1,34,0,1
2024,Sudeste,3,Minas Gerais,MG,31,Juiz de Fora,3136702,0,Zona da Mata,12,Juiz de Fora,65,3,2,5,0,0,INSTITUTO ENSINAR BRASIL,218,2220,Faculdade Doctum de Juiz de Fora,DOCTUM,Estrada Dom Orione,s/n,-,Dom Bosco,36025660.0,13,0,0,0,0,4,2,2,1,1,0,2,0,0,1,0,0,1,1,1,1,1,0,90,14900,53,53,18,35,0,0,4,32,17,0,0,0,53,0,0,7,8,13,13,3,3,6,36,1,5,0,0,11,53,0,0
2024,Sudeste,3,Minas Gerais,MG,31,São Lourenço,3163706,0,Sul/Sudoeste de Minas,10,São Lourenço,54,3,2,5,0,0,FUNDACAO DE ENSINO E PESQUISA DO SUL DE MINAS,2124,2229,FACULDADE UNIS SÃO LOURENÇO,,Rua Dr. Olavo Gomes Pinto,290,Endereço SEDE,Centro,37470000.0,8,0,0,0,0,2,2,0,1,0,1,0,2,0,0,1,0,0,1,0,1,0,1,907,16758,32,32,11,21,0,0,8,15,9,4,0,4,11,17,2,2,8,6,7,4,1,2,27,1,4,0,0,0,32,0,1
2024,Sudeste,3,Minas Gerais,MG,31,Juiz de Fora,3136702,0,Zona da Mata,12,Juiz de Fora,65,2,2,4,0,0,ASSUPERO ENSINO SUPERIOR LTDA.,2415,2241,CENTRO UNIVERSITÁRIO DO SUDESTE MINEIRO,UNICSUM,Avenida Presidente Itamar Franco,3180,Presidente Itamar Franco,São Mateus,36025290.0,31,2,1,0,2,8,4,6,4,3,0,1,0,0,0,0,0,0,1,1,1,0,1,354,23000,40,40,29,11,0,0,8,26,6,3,0,3,13,24,0,2,16,11,6,2,3,0,32,0,4,1,0,3,40,0,0
2024,Sudeste,3,Espírito Santo,ES,32,Guarapari,3202405,0,Central Espírito-santense,3,Guarapari,10,3,2,4,0,0,EDITORA E DISTRIBUIDORA EDUCACIONAL S/A,14514,2264,FACULDADE DE COMUNICAÇÃO ANHANGUERA UNIDADE GUARAPARI,,Rodovia Jones dos Santos Neves,1000,-,Lagoa Funda,29214005.0,23,0,0,0,0,11,4,4,1,3,0,0,0,0,0,0,0,1,1,0,1,1,1,33730,270513,27,27,14,13,0,0,0,1,26,0,0,0,27,0,0,0,3,7,5,2,4,6,21,1,5,0,0,0,27,0,0
2024,Sudeste,3,Minas Gerais,MG,31,Extrema,3125101,0,Sul/Sudoeste de Minas,10,Pouso Alegre,52,3,2,5,0,0,SOCIEDADE UNIFICADA DE EDUCACAO DE EXTREMA,1477,2270,FACULDADE DE CIÊNCIAS SOCIAIS APLICADAS DE EXTREMA,FAEX,Estrada Municipal Pedro Rosa da Silva,s/n,-,Vila Rica,37640000.0,30,4,2,0,1,6,2,6,2,3,2,1,1,0,0,1,0,1,1,1,1,1,1,562,15915,61,61,24,37,0,0,30,26,5,0,0,0,0,61,3,6,12,14,9,9,4,4,55,2,0,2,0,2,61,0,0
2024,Sudeste,3,Minas Gerais,MG,31,Ipatinga,3131307,0,Vale do Rio Doce,8,Ipatinga,39,3,2,4,0,0,ORME SERVICOS EDUCACIONAIS LTDA,3167,2271,FACULDADE ANHANGUERA DE IPATINGA,,Rua Jequitibá,401,Unidade SEDE,Horto,35160036.0,21,0,0,0,0,15,2,1,1,2,0,0,0,0,0,0,0,1,1,0,1,1,1,33730,270513,170,170,78,92,0,0,55,64,51,22,0,22,99,49,12,15,34,39,30,17,11,12,109,8,48,3,0,2,170,0,2
2024,Sudeste,3,São Paulo,SP,35,Campinas,3509502,0,Campinas,7,Campinas,32,2,2,4,0,0,IBMEC EDUCACIONAL LTDA.,1223,2279,Centro Universitário Metrocamp Wyden,UniMetrocamp Wyden,Rua Doutor Sales de Oliveira,1661,-,Vila Industrial,13035270.0,73,1,1,6,0,11,9,18,6,10,3,4,1,2,1,0,0,1,1,0,1,0,1,33000,15000,114,114,68,46,0,0,1,49,64,40,0,40,42,32,3,14,33,22,18,7,6,11,67,6,41,0,0,0,113,1,3
2024,Sudeste,3,São Paulo,SP,35,Araçatuba,3502804,0,Araçatuba,3,Araçatuba,17,3,2,4,0,0,UCEESP ESCOLAS LTDA,19570,2289,FACULDADE UNIÃO CULTURAL DO ESTADO DE SÃO PAULO,UCESP,Estrada Municipal Caram Rezek,Km 1.35,- lado ímpar,Chácaras Sossego,16078035.0,9,0,0,1,0,0,0,2,2,2,1,1,0,0,0,0,0,1,1,1,1,1,0,1240,20000,7,7,5,2,0,0,5,2,0,0,0,0,7,0,1,1,0,0,0,3,2,0,6,1,0,0,0,0,6,1,0
2024,Sudeste,3,Minas Gerais,MG,31,Belo Horizonte,3106200,1,Metropolitana de Belo Horizonte,7,Belo Horizonte,30,3,2,4,0,0,SOCIEDADE EDUCACIONAL DE MINAS GERAIS LTDA,17160,2311,FACULDADE KENNEDY DE MINAS GERAIS - FKMG,FKMG,Rua José Dias Vieira,46,-,Visconde do Rio Branco,31535040.0,49,4,3,2,3,8,5,9,6,4,2,2,0,0,1,1,0,1,1,1,1,1,1,108120,15200,23,23,11,12,0,0,0,11,12,11,0,11,12,0,0,1,5,8,5,3,1,0,15,0,4,1,0,3,23,0,0
2024,Sudeste,3,Espírito Santo,ES,32,Vila Velha,3205200,0,Central Espírito-santense,3,Vitória,9,3,2,4,0,0,"INSTITUICAO SUPERIOR DE ENSINO, PESQUISA E EXTENSAO LTDA",17056,2320,INSTITUTO SUPERIOR DE EDUCAÇÃO ATENEU,ISEAT,Rua Professor Annor Silva,106,CAMPUS  - VILA VELHA - COQUEIRAL DE ITAPARICA,Coqueiral de Itaparica,29102160.0,12,0,0,0,0,1,4,0,1,0,2,2,0,1,1,0,0,0,0,1,1,1,0,5000,5000,2,2,1,1,0,0,0,2,0,0,0,0,2,0,0,0,1,0,0,0,1,0,2,0,0,0,0,0,2,0,0
2024,Sudeste,3,São Paulo,SP,35,Botucatu,3507506,0,Bauru,4,Botucatu,23,3,2,5,0,0,INSTITUICAO TOLEDO DE ENSINO,700,2328,FACULDADE ITEANA DE BOTUCATU,FITB,Avenida Alcides Cagliari,2.601,-,Jardim Evelyn,18606855.0,16,1,0,1,2,2,2,1,1,0,1,0,2,1,2,1,0,1,1,1,1,1,1,294,5948,45,45,13,32,0,0,8,21,16,2,0,2,9,34,1,0,5,12,10,10,2,5,45,0,0,0,0,0,45,0,0
2024,Sudeste,3,São Paulo,SP,35,Piraju,3538808,0,Assis,10,Ourinhos,40,3,2,4,0,0,FACULDADE UNICEN LTDA,18041,2332,Faculdade Ibero Americana de São Paulo,FIASP,"Rua Joaquim Franco da Silva,",140,-,Distrito Industrial,18800000.0,10,0,0,1,1,0,0,0,2,1,2,0,0,1,2,0,0,0,0,1,1,0,0,552,552,26,26,13,13,0,0,3,12,11,8,0,8,16,2,2,6,5,6,1,2,2,2,18,2,5,1,0,0,26,0,0
2024,Sudeste,3,Rio de Janeiro,RJ,33,Rio das Ostras,3304524,0,Baixadas,4,Bacia de São João,9,3,2,5,1,0,CAMPANHA NACIONAL DE ESCOLAS DA COMUNIDADE,407,2334,FACULDADE CNEC RIO DAS OSTRAS,,Rua Renascer da Terceira Idade,s/n,-,Jardim Campomar,28890386.0,13,2,1,0,0,2,2,4,2,0,0,0,0,0,0,0,0,1,1,1,1,1,0,269,20323,30,30,13,17,0,0,7,18,5,2,0,2,12,16,2,6,5,9,3,2,3,0,18,2,9,0,0,1,30,0,0
2024,Sudeste,3,Espírito Santo,ES,32,Cariacica,3201308,0,Central Espírito-santense,3,Vitória,9,3,2,5,0,0,ASS. DE ENSINO INTEGRADO E ORGANIZADO UNIVERSITARIO,829,2351,FACULDADE ESPÍRITO SANTENSE DE CIÊNCIAS JURÍDICAS,PIO XII - DIR,Rua Bolívar de Abreu,48,-,Campo Grande,29146330.0,52,1,1,1,2,1,1,3,2,10,13,2,10,1,4,0,0,1,1,1,1,1,1,0,1841,10,10,0,10,0,0,5,5,0,0,0,0,0,10,1,2,2,1,1,2,1,0,3,1,1,0,0,5,10,0,0
2024,Sudeste,3,São Paulo,SP,35,Matão,3529302,0,Araraquara,5,Araraquara,24,3,2,4,0,0,ANHANGUERA EDUCACIONAL PARTICIPACOES S/A,16452,2355,FACULDADE ANHANGUERA DE MATÃO,,Avenida Baldan,2979,Unidade SEDE,Residencial Monte Carlo,15991172.0,11,0,0,0,0,0,0,3,8,0,0,0,0,0,0,0,0,1,1,0,1,1,1,33730,270513,20,20,10,10,0,0,6,4,10,4,0,4,10,6,0,4,4,8,3,1,0,0,16,0,2,0,0,2,20,0,0
2024,Sudeste,3,São Paulo,SP,35,Campinas,3509502,0,Campinas,7,Campinas,32,3,2,4,0,0,SOCIEDADE REGIONAL DE ENSINO E SAUDE LTDA,1547,2368,FACULDADE SÃO LEOPOLDO MANDIC,,Rua José Rocha Junqueira,13 e 14,-,Ponte Preta,13045755.0,356,1,2,6,5,89,66,93,51,20,19,2,1,0,1,1,0,1,1,1,1,1,1,38653,15535,207,207,101,106,0,0,3,40,164,86,0,86,90,31,0,4,23,38,50,34,15,43,186,0,6,3,1,11,207,0,0
2024,Sudeste,3,São Paulo,SP,35,Mogi das Cruzes,3530607,0,Metropolitana de São Paulo,15,Mogi das Cruzes,62,3,2,5,0,0,ASSOCIACAO CULTURAL PAULO VI,1557,2389,FACULDADE DE FILOSOFIA E TEOLOGIA PAULO VI,FFTP,Avenida Francisco Rodrigues Filho,248,-,Vila Mogilar,8773380.0,5,0,0,0,0,2,1,2,0,0,0,0,0,0,0,0,0,0,0,1,0,1,0,0,0,36,36,6,30,0,0,7,12,17,4,0,4,0,32,2,2,3,5,2,6,4,12,23,2,11,0,0,0,32,4,0
2024,Sudeste,3,Espírito Santo,ES,32,Vitória,3205309,1,Central Espírito-santense,3,Vitória,9,3,2,4,0,0,FUCAPE PESQUISA E ENSINO S/A,17008,2397,FACULDADE FUCAPE,FUCAPE,Avenida Fernando Ferrari,1358,-,Boa Vista,29075010.0,93,2,2,7,3,26,12,22,10,3,2,3,1,0,0,1,0,1,1,1,1,0,1,2196,8069,41,41,11,30,0,0,0,6,35,32,32,0,5,4,3,8,8,6,4,5,3,4,34,0,7,0,0,0,41,0,0
2024,Sudeste,3,São Paulo,SP,35,Santos,3548500,0,Metropolitana de São Paulo,15,Santos,63,3,2,4,0,0,"ESACOM - ESCOLA SUPERIOR DE ADMINISTRACAO, COMUNICACAO E MARKETING S/C LTDA",1567,2408,FACULDADE ESAMC SANTOS,ESAMC,Rua Dr. Egydio Martins,181,-,Ponta da Praia,11030161.0,56,0,0,1,1,29,20,1,2,2,0,0,0,0,0,0,0,0,0,1,1,0,1,455,0,139,139,46,93,0,0,72,53,14,1,0,1,137,1,3,11,17,22,28,24,17,17,125,1,7,1,0,5,139,0,1
2024,Sudeste,3,Minas Gerais,MG,31,Campos Gerais,3111606,0,Sul/Sudoeste de Minas,10,Varginha,50,3,2,4,0,0,CENTRO EDUCACIONAL DYLLA LTDA,1580,2428,FACULDADE DE CIÊNCIAS E TECNOLOGIAS DE CAMPOS GERAIS,FACICA,Rua Santa Terezinha,389,casa,Centro,37160000.0,16,0,0,1,0,4,3,4,3,1,0,0,0,0,0,1,0,1,1,1,1,1,1,5000,20000,44,44,22,22,0,0,7,27,10,18,0,18,14,12,5,5,13,8,5,4,2,2,23,2,6,0,0,13,43,1,0
2024,Sudeste,3,Minas Gerais,MG,31,João Pinheiro,3136306,0,Noroeste de Minas,1,Paracatu,2,3,2,5,0,0,ASSOCIACAO EDUCACIONAL DE JOAO PINHEIRO,1590,2440,FACULDADE CIDADE DE JOÃO PINHEIRO,FCJP,Avenida Zico Dornelas,380,-,Santa Cruz II,38770000.0,47,1,4,1,3,11,3,5,2,4,6,2,3,2,0,0,0,1,1,1,1,0,1,561,14000,51,51,18,33,0,0,25,19,7,9,0,9,32,10,0,12,11,14,4,4,4,2,34,2,15,0,0,0,51,0,1
2024,Sudeste,3,Espírito Santo,ES,32,Cariacica,3201308,0,Central Espírito-santense,3,Vitória,9,3,2,5,0,0,ASS. DE ENSINO INTEGRADO E ORGANIZADO UNIVERSITARIO,829,2442,FACULDADE DE CIÊNCIAS BIOMÉDICAS DO ESPÍRITO SANTO,PIO XII - BIO,Rua Bolívar de Abreu,48,-,Campo Grande,29146330.0,52,1,1,1,2,1,1,3,2,10,13,2,10,1,4,0,0,1,1,1,1,1,1,0,1841,7,7,3,4,0,0,1,4,2,0,0,0,0,7,0,0,1,3,1,1,1,0,6,0,0,0,0,1,7,0,0
2024,Sudeste,3,Minas Gerais,MG,31,Janaúba,3135100,0,Norte de Minas,2,Janaúba,4,3,2,4,0,0,SOCIEDADE NORTE MINEIRA DE ENSINO E COMUNICACAO LTDA,17161,2443,FACULDADE FUNORTE DE JANAÚBA,,Rua Pio XII,100,-,Centro,39448503.0,24,1,6,0,0,1,3,4,1,5,2,0,1,0,0,1,0,1,1,1,1,1,1,865,15341,22,22,9,13,0,0,0,8,14,5,0,5,17,0,0,1,7,2,7,2,2,1,7,2,8,0,0,5,21,1,0
2024,Sudeste,3,Minas Gerais,MG,31,Belo Horizonte,3106200,1,Metropolitana de Belo Horizonte,7,Belo Horizonte,30,3,2,4,0,0,SOCIEDADE EDUCACIONAL DE MINAS GERAIS LTDA,17160,2450,FACULDADE PROMOVE DE BELO HORIZONTE,PROMOVE,Rua Sarzedo,31,UNIDADE PRADO 2,Prado,30411034.0,63,4,3,5,3,6,10,10,12,4,1,2,2,0,1,0,0,0,1,1,1,1,1,10520,15200,37,37,19,18,0,0,6,11,20,14,0,14,23,0,0,2,5,6,8,7,5,4,27,0,5,1,0,4,37,0,0
2024,Sudeste,3,São Paulo,SP,35,São Paulo,3550308,1,Metropolitana de São Paulo,15,São Paulo,61,3,2,4,0,0,IBMEC EDUCACIONAL LTDA.,1223,2465,FACULDADE IBMEC SÃO PAULO,IBMEC SP,Alameda Santos,2356,Campus Paulista,Cerqueira César,1418200.0,97,5,0,2,1,21,13,12,11,18,4,3,3,1,3,0,0,1,0,0,1,0,1,33000,15000,101,101,26,75,0,0,0,28,73,12,0,12,83,6,0,9,16,19,25,15,13,4,57,0,3,1,0,40,97,4,0
2024,Sudeste,3,Rio de Janeiro,RJ,33,Petrópolis,3303906,0,Metropolitana do Rio de Janeiro,6,Serrana,15,3,2,5,0,0,CASA DE NOSSA SENHORA DA PAZ ACAO SOCIAL FRANCISCANA,442,2468,INSTITUTO TEOLÓGICO FRANCISCANO,ITF,Rua Coronel Veiga,550,-,Centro,25655151.0,3,0,0,0,0,0,2,1,0,0,0,0,0,0,0,1,0,1,1,1,1,1,1,0,13930,19,19,6,13,0,0,2,2,15,0,0,0,2,17,0,0,0,1,3,0,1,14,18,1,0,0,0,0,18,1,0
2024,Sudeste,3,Minas Gerais,MG,31,Mariana,3140001,0,Metropolitana de Belo Horizonte,7,Ouro Preto,33,3,2,5,0,0,FUNDACAO MARIANENSE DE EDUCACAO,1615,2475,FACULDADE DOM LUCIANO MENDES,FDLM,Avenida Geraldo Gonçalves da Cunha,21,-,São José,35426094.0,4,0,0,0,0,1,0,0,0,2,0,1,0,0,0,0,0,0,0,1,1,0,0,1,0,11,11,2,9,0,0,1,5,5,1,0,1,4,6,0,0,2,3,4,1,1,0,5,2,3,0,1,0,11,0,0
2024,Sudeste,3,São Paulo,SP,35,Pindamonhangaba,3538006,0,Vale do Paraíba Paulista,13,São José dos Campos,50,2,2,5,0,0,FUNDACAO UNIVERSITARIA VIDA CRISTA,3450,2494,Centro Universitário FUNVIC,UNIFUNVIC,ESTRADA RADIALISTA PERCY LACERDA,1.000,Centro Universitário FUNVIC,PINHÃO DO BORBA,12412825.0,26,0,0,0,0,10,3,4,2,3,1,0,3,0,0,1,0,1,1,1,1,1,1,132,12234,73,73,36,37,0,0,11,43,19,14,1,13,44,15,1,6,3,13,15,14,13,8,64,1,7,1,0,0,73,0,0
2024,Sudeste,3,Espírito Santo,ES,32,Guarapari,3202405,0,Central Espírito-santense,3,Guarapari,10,3,2,4,0,0,EDITORA E DISTRIBUIDORA EDUCACIONAL S/A,14514,2511,FACULDADE DE DIREITO ANHANGUERA UNIDADE GUARAPARI,,Avenida Governador Jones dos Santos Neves,1000,-,Lagoa Funda,29214005.0,23,0,0,0,0,11,4,4,1,3,0,0,0,0,0,0,0,1,1,0,1,1,1,33730,270513,21,21,9,12,0,0,2,7,12,4,0,4,15,2,0,3,4,5,5,2,2,0,13,3,3,0,0,2,21,0,2
2024,Sudeste,3,São Paulo,SP,35,Guarulhos,3518800,0,Metropolitana de São Paulo,15,Guarulhos,59,3,2,4,0,0,UNIESP S.A,16134,2530,FACULDADE DE GUARULHOS,FAG,Avenida Guarulhos,1844,Terreo,Vila Augusta,7025000.0,5,0,0,0,0,1,0,3,0,0,0,0,0,1,0,0,0,1,1,1,1,1,1,22203,14701,7,7,3,4,0,0,0,4,3,2,0,2,4,1,0,0,1,0,0,1,1,4,6,0,1,0,0,0,7,0,0
2024,Sudeste,3,Espírito Santo,ES,32,Cariacica,3201308,0,Central Espírito-santense,3,Vitória,9,3,2,4,0,0,"MULTIVIX CARIACICA - ENSINO, PESQUISA E EXTENSAO LTDA",1654,2537,Faculdade Multivix Cariacica,MULTIVIX CARIAC,Rua 13 de Maio,40,-,São Geraldo,29146672.0,55,0,0,0,0,17,6,11,1,6,3,5,3,2,1,0,0,1,1,0,1,0,0,5000,25000,71,71,38,33,0,0,20,38,13,15,0,15,32,24,10,12,20,13,8,5,1,2,36,4,29,0,0,2,69,2,0
2024,Sudeste,3,Espírito Santo,ES,32,Venda Nova do Imigrante,3205069,0,Central Espírito-santense,3,Afonso Cláudio,7,3,2,4,0,0,INSTITUTO DE EDUCACAO SECULO XXI LTDA,1655,2538,FACULDADE VENDA NOVA DO IMIGRANTE,FAVENI,Avenida Evandi Américo Comarela,S/N,Unidade II,Centro,29375000.0,10,0,0,0,0,3,2,1,2,2,0,0,0,0,0,1,0,1,1,1,1,1,0,3,32496,55,55,22,33,0,0,0,21,34,35,0,35,20,0,1,7,12,13,11,5,4,2,42,1,10,0,0,2,55,0,1
2024,Sudeste,3,São Paulo,SP,35,São Paulo,3550308,1,Metropolitana de São Paulo,15,São Paulo,61,2,2,5,0,0,FACULDADES METROPOLITANAS UNIDAS EDUCACIONAIS LTDA.,262,2556,FIAM-FAAM - CENTRO UNIVERSITÁRIO,UNIFIAM-FAAM,Av. Lins de Vasconcelos,3406,FIAM-FAAM - Vila Mariana - Unidade I,Vila Mariana,4112002.0,15,0,0,0,0,2,4,2,4,0,0,1,1,0,1,1,0,1,1,1,1,1,1,60000,13000,109,109,43,66,0,0,9,67,33,22,0,22,31,56,0,8,14,19,19,18,17,14,76,2,6,2,0,23,109,0,0
2024,Sudeste,3,Rio de Janeiro,RJ,33,Belford Roxo,3300456,0,Metropolitana do Rio de Janeiro,6,Rio de Janeiro,18,2,2,5,0,0,ASSOCIACAO BRASILEIRA DE ENSINO UNIVERSITARIO ABEU,323,2565,ABEU - CENTRO UNIVERSITÁRIO,UNIABEU,Rua Itaiara,301,-,Centro,26113400.0,116,3,5,2,3,26,43,16,11,1,0,2,1,2,1,0,0,0,1,0,1,0,1,200,17324,137,137,59,78,0,0,23,78,36,64,0,64,73,0,5,8,28,36,24,14,9,13,64,5,25,0,0,43,137,0,0
2024,Sudeste,3,Espírito Santo,ES,32,Vitória,3205309,1,Central Espírito-santense,3,Vitória,9,3,2,4,0,0,JAPANN SERVICOS EDUCACIONAIS LTDA,1669,2569,FACULDADE DE TECNOLOGIA FAESA,CET-FAESA,Rua Anselmo Serrat,199,-,Monte Belo,29053250.0,10,0,0,0,0,1,0,1,2,3,1,0,1,1,0,0,0,1,1,1,1,0,1,162,200000,8,8,2,6,0,0,2,5,1,3,0,3,5,0,0,2,1,0,4,0,0,1,5,0,3,0,0,0,8,0,0
2024,Sudeste,3,Rio de Janeiro,RJ,33,Itaperuna,3302205,0,Noroeste Fluminense,1,Itaperuna,1,2,2,4,0,0,SOCIEDADE UNIVERSITARIA REDENTOR S.A.,1671,2571,CENTRO UNIVERSITÁRIO REDENTOR,FACREDENTOR,Avenida Presidente Dutra,1155,CAMPUS - ITAPERUNA - CIDADE NOVA,Cidade Nova,28300000.0,91,0,1,0,0,20,13,8,7,22,10,6,2,1,1,0,0,1,1,1,1,0,1,11583,13394,137,137,79,58,0,0,71,44,22,30,0,30,52,55,10,19,41,34,12,14,3,4,94,2,39,0,1,1,137,0,1
2024,Sudeste,3,São Paulo,SP,35,Barretos,3505500,0,Ribeirão Preto,2,Barretos,9,3,2,5,0,0,ASSOCIACAO CULTURAL E EDUCACIONAL DE BARRETOS - ACEB,94,2575,FACULDADES INTEGRADAS SOARES DE OLIVEIRA,FISO,Avenida Vinte e Nove,783,Térreo,Centro,14780070.0,3,0,0,0,0,0,0,1,1,0,0,0,0,1,0,1,0,1,1,1,1,1,1,100,300,15,15,6,9,0,0,10,3,2,1,1,0,13,1,2,0,4,1,5,0,1,2,8,2,5,0,0,0,15,0,1
2024,Sudeste,3,Espírito Santo,ES,32,Guarapari,3202405,0,Central Espírito-santense,3,Guarapari,10,3,2,4,0,0,EDITORA E DISTRIBUIDORA EDUCACIONAL S/A,14514,2576,FACULDADE ANHANGUERA UNIDADE GUARAPARI,,Rodovia Jones dos Santos Neves,1000,-,Lagoa Funda,29214005.0,23,0,0,0,0,11,4,4,1,3,0,0,0,0,0,0,0,1,1,0,1,1,1,33730,270513,81,81,43,38,0,0,18,20,43,13,0,13,55,13,4,10,13,24,13,3,6,8,51,4,22,2,0,2,81,0,2
2024,Sudeste,3,Minas Gerais,MG,31,Paracatu,3147006,0,Noroeste de Minas,1,Paracatu,2,2,2,4,0,0,CENTRO EDUCACIONAL HYARTE-ML LTDA,1675,2579,CENTRO UNIVERSITÁRIO ATENAS,UniAtenas,Rua Euridamas Avelino de Barros,1.400,-,Prado,38602002.0,224,2,0,4,9,36,29,60,16,40,6,13,6,0,3,1,0,1,1,1,1,1,1,1356,2733,100,100,53,47,0,0,35,45,20,29,7,22,60,11,12,33,20,8,7,6,8,6,50,3,34,1,1,11,100,0,1
2024,Sudeste,3,Rio de Janeiro,RJ,33,Rio de Janeiro,3304557,1,Metropolitana do Rio de Janeiro,6,Rio de Janeiro,18,3,2,5,0,0,FUNDACAO GETULIO VARGAS,110,2591,EPGE Escola Brasileira de Economia e Finanças,FGV EPGE,Praia de Botafogo,190,- até 284 - lado par,Botafogo,22250145.0,24,0,0,0,0,1,1,5,4,8,3,1,1,0,0,1,0,1,1,1,1,1,1,273,18139,62,62,12,50,0,0,0,0,62,40,0,40,22,0,1,6,10,7,7,12,8,11,53,0,1,0,0,8,56,6,0
2024,Sudeste,3,Rio de Janeiro,RJ,33,Santo Antônio de Pádua,3304706,0,Noroeste Fluminense,1,Santo Antônio de Pádua,2,3,2,4,0,0,SOCIEDADE EDUCACIONAL DESEMBARGADOR PLINIO PINTO COELHO LTDA,1698,2616,FACULDADE SANTO ANTÔNIO DE PÁDUA,FASAP,Rua Deomar Jaegger,s/n°,-,Alequicis,28470000.0,12,0,0,0,0,3,4,1,0,4,0,0,0,0,0,1,0,1,0,1,1,0,1,555,13967,30,30,16,14,0,0,5,18,7,4,0,4,11,15,1,1,6,12,3,6,1,0,23,0,3,0,0,4,30,0,0
2024,Sudeste,3,Rio de Janeiro,RJ,33,Rio de Janeiro,3304557,1,Metropolitana do Rio de Janeiro,6,Rio de Janeiro,18,3,2,5,0,0,MOSTEIRO DE SAO BENTO DO RIO DE JANEIRO,1699,2617,FACULDADE SÃO BENTO DO RIO DE JANEIRO,FSB/RJ,Rua Dom Gerardo,68,-,Centro,20090030.0,7,0,0,0,0,0,3,3,0,1,0,0,0,0,0,0,0,0,1,1,1,1,1,289,0,20,20,4,16,0,0,3,3,14,6,6,0,1,13,0,0,4,1,4,3,2,6,19,0,1,0,0,0,20,0,0
2024,Sudeste,3,São Paulo,SP,35,São José dos Campos,3549904,0,Vale do Paraíba Paulista,13,São José dos Campos,50,2,2,4,0,0,APRIMORAR EDUCACIONAL LTDA,17384,2625,CENTRO UNIVERSITÁRIO UFBRA,UFBRA,Rua Dolzani Ricardo,335,SEDE,Centro,12210110.0,67,1,1,2,4,2,2,10,5,18,12,3,5,1,1,0,0,0,1,1,1,0,1,8000,25000,111,111,51,60,0,0,16,60,35,111,0,111,0,0,1,12,18,20,21,16,13,10,85,3,8,4,0,11,111,0,1
2024,Sudeste,3,Minas Gerais,MG,31,Ponte Nova,3152105,0,Zona da Mata,12,Ponte Nova,60,3,2,4,0,0,SESP SOCIEDADE EDUCACIONAL SUPERIOR DE PONTE NOVA LTDA,1711,2636,FACULDADE DINÂMICA DO VALE DO PIRANGA,FADIP,Rua G,205,Quadra E,Paraíso,35430302.0,41,0,0,3,1,13,7,9,3,4,1,0,0,0,0,0,0,1,1,1,1,1,0,1180,4357,92,92,49,43,0,0,22,43,27,17,0,17,59,16,2,13,17,24,14,11,5,6,63,5,20,0,1,3,92,0,2
2024,Sudeste,3,Espírito Santo,ES,32,Vitória,3205309,1,Central Espírito-santense,3,Vitória,9,3,2,5,0,0,CEE-CENTRO DE ESTUDOS ESPECIALIZADOS,1724,2652,FACULDADE UNIDA DE VITÓRIA,FACULDADE UNIDA,Rua Engenheiro Fábio Ruschi,161,-,Bento Ferreira,29050670.0,16,0,0,0,0,2,0,5,4,2,2,1,0,0,0,0,0,0,1,1,1,0,0,2204,17315,19,19,7,12,0,0,0,4,15,2,1,1,15,2,0,1,1,1,2,3,4,7,11,1,6,0,1,0,18,1,0
2024,Sudeste,3,São Paulo,SP,35,Jacareí,3524402,0,Vale do Paraíba Paulista,13,São José dos Campos,50,3,2,4,0,0,IADEB-MODULO DE EDUCACAO AVANCADA LTDA,16396,2688,FACULDADE INESP - INSTITUTO NACIONAL DE ENSINO E PESQUISA,INESP,Rua General Carneiro,341,Sede,Centro,12308061.0,5,0,0,0,0,2,2,0,0,0,1,0,0,0,0,0,0,0,1,0,1,1,0,10,1000,24,24,11,13,0,0,8,11,5,2,0,2,19,3,0,0,2,5,5,2,4,6,21,1,2,0,0,0,24,0,0
2024,Sudeste,3,São Paulo,SP,35,São José dos Campos,3549904,0,Vale do Paraíba Paulista,13,São José dos Campos,50,3,2,4,0,0,CETEC EDUCACIONAL S.A.,3082,2726,FACULDADE BILAC DE SÃO JOSÉ DOS CAMPOS,BILAC,Rua Francisco Paes,89,-,Centro,12210100.0,7,0,0,0,0,2,2,2,1,0,0,0,0,0,0,1,0,1,1,1,1,1,1,30,6000,5,5,1,4,0,0,0,3,2,3,0,3,2,0,0,0,0,1,1,0,1,2,3,1,1,0,0,0,5,0,0
2024,Sudeste,3,São Paulo,SP,35,São Paulo,3550308,1,Metropolitana de São Paulo,15,São Paulo,61,3,2,5,0,0,ASSOCIACAO UNIVERSITARIA INTERAMERICANA,1785,2744,INSTITUTO SUPERIOR DE EDUCAÇÃO VERA CRUZ,ISE VERA CRUZ,Rua Baumann,73,-,Vila Leopoldina,5318000.0,7,0,0,0,0,2,1,1,0,2,0,1,0,0,0,0,0,1,1,1,1,0,1,24,0,17,17,13,4,0,0,4,7,6,1,1,0,2,14,0,0,1,1,2,5,3,5,14,2,1,0,0,0,17,0,1
2024,Sudeste,3,Minas Gerais,MG,31,São Gotardo,3162104,0,Triângulo Mineiro/Alto Paranaíba,5,Patos de Minas,20,3,2,4,0,0,CENTRO DE ENSINO SUPERIOR DE SAO GOTARDO LTDA - EPP,1318,2763,FACULDADE DE CIÊNCIAS GERENCIAIS DE SÃO GOTARDO,CESG,Avenida Francisco Resende Filho,35,-,Boa Esperança,38800000.0,10,0,0,0,0,1,0,5,0,1,1,1,0,0,1,0,0,1,1,1,1,1,1,151,219612,27,27,10,17,0,0,0,13,14,18,10,8,8,1,1,3,5,5,4,5,0,4,22,0,4,0,0,1,27,0,0
2024,Sudeste,3,São Paulo,SP,35,Bebedouro,3506102,0,Ribeirão Preto,2,Jaboticabal,13,2,2,5,0,0,ASSOCIACAO DE EDUCACAO E CULTURA DO NORTE PAULISTA,96,2774,Centro Universitário UNIFAFIBE,FAFIBE,Rua Professor Orlando França de Carvalho,110/325 / 326,-,Centro,14701070.0,64,0,0,0,0,21,5,10,5,13,5,2,2,0,1,0,0,1,1,0,1,1,1,65,13573,169,169,71,98,0,0,25,91,53,41,0,41,80,48,13,32,31,39,28,11,10,5,152,1,10,6,0,0,168,1,0
2024,Sudeste,3,São Paulo,SP,35,São Paulo,3550308,1,Metropolitana de São Paulo,15,São Paulo,61,3,2,5,0,1,IGREJA EVANGELICA ASSEMBLEIA DE DEUS EM SAO PAULO,1827,2806,FACULDADE EVANGÉLICA DE SÃO PAULO,,Avenida Celso Garcia,2.210,-,Belenzinho,3014000.0,8,0,0,0,0,0,3,1,2,1,1,0,0,0,0,0,0,0,0,1,1,1,0,58,84,17,17,7,10,0,0,2,6,9,4,2,2,3,10,0,0,2,2,0,6,3,4,8,2,6,0,0,1,17,0,0
2024,Sudeste,3,São Paulo,SP,35,São Paulo,3550308,1,Metropolitana de São Paulo,15,São Paulo,61,3,2,5,0,0,PIA SOCIEDADE DE SAO PAULO,1832,2811,FACULDADE PAULUS DE TECNOLOGIA E COMUNICAÇÃO,FAPCOM,Rua Major Maragliano,191,-,Vila Mariana,4017030.0,37,0,2,2,2,4,8,9,6,2,2,0,0,0,0,0,0,1,1,1,1,0,1,58,16948,43,43,13,30,0,0,5,22,16,11,1,10,15,17,0,4,3,14,11,6,3,2,29,3,5,1,0,5,42,1,1
2024,Sudeste,3,Minas Gerais,MG,31,Juiz de Fora,3136702,0,Zona da Mata,12,Juiz de Fora,65,3,2,4,0,0,SUPREMA-SOCIEDADE UNIVERSITARIA PARA O ENSINO MEDICO ASSISTENCIAL LTDA,1852,2843,FACULDADE DE CIÊNCIAS MÉDICAS E DA SAÚDE DE JUIZ DE FORA,FCMS/JF,Alameda Salvaterra,200,-,Salvaterra,36033003.0,125,7,5,10,6,25,24,29,8,10,1,0,0,0,0,0,0,1,1,1,1,1,1,1600,2738,152,152,77,75,0,0,18,52,82,34,0,34,87,31,0,4,11,25,25,22,27,38,138,0,4,0,0,10,152,0,1
2024,Sudeste,3,Minas Gerais,MG,31,Belo Horizonte,3106200,1,Metropolitana de Belo Horizonte,7,Belo Horizonte,30,3,2,5,0,0,FUNDACAO MOVIMENTO DIREITO E CIDADANIA - FUNDACAO MDC,1856,2849,ESCOLA SUPERIOR DOM HELDER CÂMARA,ESDHC,Rua Álvares Maciel,628,-,Santa Efigênia,30150250.0,100,4,1,4,3,9,15,19,20,6,5,2,4,3,5,1,0,1,1,1,1,1,1,6000,3250,116,116,33,83,0,0,4,57,55,28,6,22,85,3,0,0,13,24,27,23,11,18,90,3,17,0,0,6,115,1,1
2024,Sudeste,3,Minas Gerais,MG,31,Belo Horizonte,3106200,1,Metropolitana de Belo Horizonte,7,Belo Horizonte,30,3,2,4,0,0,SER EDUCACIONAL S.A.,1847,2885,Faculdade Uninassau Belo Horizonte,,Avenida Assis Chateaubriand,218,-,Floresta,30150100.0,11,0,0,0,0,0,5,2,1,0,0,1,2,0,0,0,0,1,0,1,1,1,0,2163,29659,2,2,2,0,0,0,0,1,1,1,0,1,0,1,0,0,2,0,0,0,0,0,0,0,2,0,0,0,2,0,0
2024,Sudeste,3,São Paulo,SP,35,São Paulo,3550308,1,Metropolitana de São Paulo,15,São Paulo,61,3,2,5,0,0,INSTITUTO AFROBRASILEIRO DE ENSINO SUPERIOR,1875,2886,FACULDADE ZUMBI DOS PALMARES,FAZP,Avenida Santos Dumont,843,-,Ponte Pequena,1101000.0,95,0,0,0,0,17,21,11,9,1,5,13,15,1,2,0,0,1,0,0,0,0,0,82,6871,49,49,18,31,0,0,8,32,9,1,0,1,19,29,1,4,5,9,8,7,6,9,27,9,9,0,0,4,49,0,0
2024,Sudeste,3,Minas Gerais,MG,31,Mato Verde,3141009,0,Norte de Minas,2,Janaúba,4,3,2,4,0,0,SOCIEDADE EDUCACIONAL VERDE NORTE LTDA  - ME,1887,2910,FACULDADE VERDE NORTE,FAVENORTE,Avenida José Alves Miranda,500,Faculdade Verde Norte,Alto São João,39527000.0,34,2,4,0,0,3,4,4,1,9,3,2,2,0,0,0,0,1,1,1,1,1,1,210,0,48,48,19,29,0,0,31,14,3,22,0,22,26,0,8,13,13,8,4,0,2,0,12,1,18,0,0,17,48,0,0
2024,Sudeste,3,Minas Gerais,MG,31,Patos de Minas,3148004,0,Triângulo Mineiro/Alto Paranaíba,5,Patos de Minas,20,3,2,5,0,0,ASSOCIACAO EDUCACIONAL DE PATOS DE MINAS - AEPM,1891,2915,FACULDADE CIDADE DE PATOS DE MINAS,FPM,Avenida Juscelino Kubitschek de Oliveira,1200,Unidade JK,Cidade Nova,38706401.0,152,12,9,13,10,37,11,14,9,7,5,9,9,6,1,0,0,1,1,1,1,0,1,339,14000,89,89,48,41,0,0,35,37,17,17,0,17,44,28,5,14,17,18,12,8,8,7,77,1,11,0,0,0,89,0,0
2024,Sudeste,3,Minas Gerais,MG,31,Uberaba,3170107,0,Triângulo Mineiro/Alto Paranaíba,5,Uberaba,22,2,2,4,0,0,INSTITUTO EDUCACIONAL GUILHERME DORCA S/S LTDA,1904,2935,Centro Universitário UniFACTHUS,UniFACTHUS,Rua Manoel Gonçalves de Rezende,230,CAMPUS  SÃO CRISTOVÃO,Vila São Cristóvão,38040240.0,31,0,0,0,0,11,6,8,3,1,2,0,0,0,0,0,0,0,1,1,1,0,1,433,12446,29,29,15,14,0,0,0,7,22,25,0,25,4,0,0,5,7,10,3,3,1,0,18,0,4,0,0,7,28,1,0
2024,Sudeste,3,São Paulo,SP,35,Barretos,3505500,0,Ribeirão Preto,2,Barretos,9,3,2,4,0,0,CENTRO UNIFICADO DE EDUCACAO BARRETOS LTDA,1924,2971,FACULDADE BARRETOS,FB,Avenida C-12,1555,-,Cristiano de Carvalho,14781449.0,12,0,0,0,1,0,3,1,3,3,0,1,0,0,0,0,0,0,1,1,1,1,1,0,14710,71,71,34,37,0,0,27,30,14,16,0,16,41,14,3,10,14,16,11,4,11,2,61,2,2,2,0,4,71,0,0
2024,Sudeste,3,São Paulo,SP,35,São José dos Campos,3549904,0,Vale do Paraíba Paulista,13,São José dos Campos,50,3,2,4,0,0,INPG - INSTITUTO NACIONAL DE POS-GRADUACAO LTDA,1947,3008,FACULDADE DO INSTITUTO NACIONAL DE PÓS-GRADUAÇÃO DE SÃO JOSÉ DOS CAMPOS,FACULDADE INPG - SJC,Avenida Alfredo Ignácio Nogueira Penido,678,-,Parque Residencial Aquarius,12246000.0,3,0,0,0,0,0,0,1,1,1,0,0,0,0,0,0,0,0,0,0,1,0,0,0,0,4,4,1,3,0,0,0,2,2,2,0,2,1,1,0,0,0,0,0,1,0,3,4,0,0,0,0,0,4,0,0
2024,Sudeste,3,São Paulo,SP,35,Marília,3529005,0,Marília,9,Marília,38,3,2,5,0,0,ASSOCIACAO CULTURAL E EDUCACIONAL INTERDIOCESANA,1950,3012,FAJOPA - FACULDADE JOÃO PAULO II,FAJOPA,Rua Bartolomeu de Gusmão,531,-,Jardim  América,17506280.0,4,0,0,0,0,1,0,2,1,0,0,0,0,0,0,0,0,0,1,1,1,1,1,8,12000,19,19,3,16,0,0,3,9,7,2,0,2,5,12,0,0,3,6,4,1,2,3,17,0,2,0,0,0,19,0,1
2024,Sudeste,3,São Paulo,SP,35,São Paulo,3550308,1,Metropolitana de São Paulo,15,São Paulo,61,3,2,5,0,0,CETHEL - CENTRO DE EDUCACAO TEOLOGICA E HUMANISTICA LOGOS,1977,3051,FACULDADE TEOLÓGICA DE CIÊNCIAS HUMANAS E SOCIAIS LOGOS,FAETEL,Rua Conde do Pinhal,78,FAETEL,Centro,1501060.0,8,0,0,0,0,0,0,2,3,0,1,1,0,1,0,1,0,0,1,1,1,1,0,0,0,12,12,2,10,0,0,5,4,3,4,3,1,8,0,0,0,1,1,1,0,3,6,10,1,1,0,0,0,12,0,0
2024,Sudeste,3,Minas Gerais,MG,31,Divinópolis,3122306,0,Oeste de Minas,9,Divinópolis,43,3,2,4,0,0,EDITORA E DISTRIBUIDORA EDUCACIONAL S/A,14514,3149,Faculdade Anhanguera De Divinópolis,,Rua Santos Dumont,1.001,-,Do Carmo,35500286.0,23,0,0,0,0,8,2,1,7,2,1,1,1,0,0,0,0,1,1,0,1,1,1,33730,270513,162,162,82,80,0,0,38,65,59,14,0,14,79,69,8,18,38,33,30,14,7,14,116,7,36,1,0,2,162,0,4
2024,Sudeste,3,Rio de Janeiro,RJ,33,Rio de Janeiro,3304557,1,Metropolitana do Rio de Janeiro,6,Rio de Janeiro,18,4,1,1,0,0,"INSTITUTO FEDERAL DE EDUCACAO, CIENCIA E TECNOLOGIA DO RIO DE JANEIRO",9113,3163,"INSTITUTO FEDERAL DE EDUCAÇÃO, CIÊNCIA E TECNOLOGIA DO RIO DE JANEIRO",IFRJ,Rua Senador Furtado,121 - 125,-,Maracanã,20270021.0,865,0,2,1,2,25,95,56,79,174,182,117,75,42,15,1,0,1,1,0,1,1,0,0,65000,875,875,418,457,0,1,25,320,529,866,747,119,9,0,2,28,125,233,202,119,63,103,221,23,62,0,0,569,875,0,1
2024,Sudeste,3,Minas Gerais,MG,31,Uberaba,3170107,0,Triângulo Mineiro/Alto Paranaíba,5,Uberaba,22,4,1,1,0,0,"INSTITUTO FEDERAL DE EDUCACAO, CIENCIA E TECNOLOGIA DO TRIANGULO MINEIRO",9069,3165,"INSTITUTO FEDERAL DE EDUCAÇÃO, CIÊNCIA E TECNOLOGIA  DO TRIÂNGULO MINEIRO",IFTM,Avenida Doutor Randolfo Borges Júnior,2900,-,Univerdecidade,38064300.0,518,0,0,1,1,6,22,48,50,115,91,99,63,15,7,1,0,1,1,0,1,0,0,0,17773,368,368,138,230,0,3,18,129,218,351,329,22,12,5,5,24,75,97,65,36,42,24,280,16,52,3,0,17,368,0,1
2024,Sudeste,3,Minas Gerais,MG,31,Montes Claros,3143302,0,Norte de Minas,2,Montes Claros,7,4,1,1,0,0,"INSTITUTO FEDERAL DE EDUCACAO, CIENCIA E TECNOLOGIA DO NORTE DE MINAS GERAIS",5001,3188,"INSTITUTO FEDERAL DE EDUCAÇÃO, CIÊNCIA E TECNOLOGIA DO NORTE DE MINAS GERAIS",IFNMG,Rua Professor Monteiro Fonseca,216,-,Vila Brasília,39400149.0,666,0,0,0,0,10,23,12,24,176,181,118,94,15,13,1,0,1,0,1,1,1,1,96079,0,522,522,198,324,0,23,43,256,200,480,400,80,7,35,25,60,113,135,93,50,29,17,175,27,174,2,0,144,520,2,5
2024,Sudeste,3,Minas Gerais,MG,31,Belo Horizonte,3106200,1,Metropolitana de Belo Horizonte,7,Belo Horizonte,30,4,1,1,0,0,"INSTITUTO FEDERAL DE EDUCACAO, CIENCIA E TECNOLOGIA DE MINAS GERAIS",15642,3189,"INSTITUTO FEDERAL DE EDUCAÇÃO, CIÊNCIA E TECNOLOGIA DE MINAS GERAIS",IFMG,Av. Professor Mário Werneck,2590,-,Buritis,30575180.0,806,0,0,0,0,4,18,23,37,167,182,184,140,30,21,1,0,0,1,1,1,0,1,48038,16882,778,778,269,509,0,6,40,295,437,759,607,152,19,0,25,95,177,199,127,73,52,30,483,41,182,9,1,62,775,3,3
2024,Sudeste,3,Minas Gerais,MG,31,Belo Horizonte,3106200,1,Metropolitana de Belo Horizonte,7,Belo Horizonte,30,3,2,4,0,0,LAEL VARELLA EDUCACAO E CULTURA LTDA,2025,3194,FACULDADE DE MINAS BH,FAMINAS-BH,Avenida Cristiano Machado,12001,- de 11001 a 12999 - lado ímpar,Vila Cloris,31744007.0,163,0,0,4,2,44,16,28,21,5,10,9,6,12,6,0,0,1,1,1,1,1,1,9000,12000,185,185,106,79,0,0,2,102,81,99,0,99,42,44,2,18,30,43,42,24,17,9,128,9,36,0,0,12,185,0,1
2024,Sudeste,3,Minas Gerais,MG,31,Viçosa,3171303,0,Zona da Mata,12,Viçosa,62,2,2,4,0,0,UNIVICOSA - UNIAO DE ENSINO SUPERIOR DE VICOSA LTDA,2033,3205,CENTRO UNIVERSITÁRIO DE VIÇOSA,UNIVIÇOSA,Avenida Maria de Paula Santana,3.815,Faculdade Ciências e Tecnologia de Viçosa,Silvestre,36576340.0,109,4,8,8,3,21,15,20,18,11,1,0,0,0,0,0,0,1,1,1,1,1,1,10,600,79,79,50,29,0,0,4,40,35,30,0,30,24,25,2,4,17,28,15,5,6,2,51,0,15,0,10,3,79,0,0
2024,Sudeste,3,Minas Gerais,MG,31,Juiz de Fora,3136702,0,Zona da Mata,12,Juiz de Fora,65,4,1,1,0,0,"INSTITUTO FEDERAL DE EDUCACAO, CIENCIA E TECNOLOGIA DO SUDESTE DE MINAS GERAIS",9064,3279,"INSTITUTO FEDERAL DE EDUCAÇÃO, CIÊNCIA E TECNOLOGIA DO SUDESTE DE MINAS GERAIS",IFSEMG,Rua Luz Interior,360,-,Estrela Sul - Santa Luzia,36030776.0,648,0,2,0,1,11,28,28,50,162,156,109,79,13,9,1,0,0,0,0,1,0,1,0,30137,652,652,289,363,0,10,37,257,348,646,539,107,6,0,19,46,115,171,101,98,56,46,411,26,101,2,2,110,648,4,2
2024,Sudeste,3,São Paulo,SP,35,Guarulhos,3518800,0,Metropolitana de São Paulo,15,Guarulhos,59,2,2,4,0,0,UNIFAVENI  CENTRO UNIVERSITARIO FAVENI LTDA,17427,3294,CENTRO UNIVERSITÁRIO FAVENI,UNIFAVENI,Rua do Rosário,313,SEDE,Macedo,7111080.0,47,0,0,0,0,5,0,3,1,3,3,10,10,6,6,0,0,1,1,1,1,1,0,2000,15000,91,91,43,48,0,0,0,26,65,45,0,45,46,0,3,11,19,25,17,5,6,5,60,1,20,0,0,10,88,3,1
2024,Sudeste,3,São Paulo,SP,35,São Bernardo do Campo,3548708,0,Metropolitana de São Paulo,15,São Paulo,61,3,2,5,0,0,FUNDACAO SALVADOR ARENA,2092,3308,FACULDADE ENGENHEIRO SALVADOR ARENA,FESA,Estrada dos Alvarengas,4001,-,Alvarenga,9850550.0,114,0,0,0,2,8,33,24,18,23,6,0,0,0,0,0,0,0,0,0,1,1,0,109,0,63,63,14,49,0,0,0,39,24,5,0,5,27,31,1,4,6,9,15,12,11,5,49,1,10,3,0,0,62,1,0
2024,Sudeste,3,Rio de Janeiro,RJ,33,Rio de Janeiro,3304557,1,Metropolitana do Rio de Janeiro,6,Rio de Janeiro,18,3,2,5,0,0,SERVICO NACIONAL DE APRENDIZAGEM COMERCIAL - SENAC ARRJ,2085,3332,FACULDADE DE TECNOLOGIA SENAC RIO,FATEC,Rua Santa Luzia,735,- de 407 ao fim - lado ímpar,Centro,20030041.0,28,0,0,0,0,7,1,8,2,6,2,2,0,0,0,0,0,1,0,0,1,0,1,78,1793,19,19,4,15,0,0,0,10,9,1,0,1,5,13,0,0,0,5,5,5,2,2,16,2,1,0,0,0,17,2,0
2024,Sudeste,3,Minas Gerais,MG,31,Varginha,3170701,0,Sul/Sudoeste de Minas,10,Varginha,50,2,2,5,0,0,FUNDACAO DE ENSINO E PESQUISA DO SUL DE MINAS,2124,3368,CENTRO UNIVERSITÁRIO DO SUL DE MINAS,UNIS-MG,Avenda Alzira Barra Gazzola,650,UNIS - Cidade Universitária,Aeroporto,37031099.0,122,3,2,6,3,28,11,18,6,14,7,6,7,4,7,1,0,0,1,0,1,0,1,907,18079,177,177,71,106,0,0,57,82,38,49,0,49,36,92,7,26,32,31,30,21,17,13,148,2,20,2,0,5,177,0,0
2024,Sudeste,3,Minas Gerais,MG,31,Patos de Minas,3148004,0,Triângulo Mineiro/Alto Paranaíba,5,Patos de Minas,20,2,2,5,0,0,FUNDACAO EDUCACIONAL DE PATOS DE MINAS,2128,3371,CENTRO UNIVERSITÁRIO DE PATOS DE MINAS,UNIPAM,Rua Major Gote,808,-,Caiçaras,38702054.0,608,16,30,22,27,79,73,164,102,54,25,4,7,2,3,0,0,1,1,1,1,1,1,6344,16252,327,327,180,147,0,0,100,156,71,91,0,91,101,135,10,46,60,55,54,39,29,34,288,1,38,0,0,0,326,1,7
2024,Sudeste,3,Minas Gerais,MG,31,Lavras,3138203,0,Campo das Vertentes,11,Lavras,57,2,2,5,0,0,FUNDACAO EDUCACIONAL DE LAVRAS,2129,3372,CENTRO UNIVERSITÁRIO DE LAVRAS,UNILAVRAS,Rua Padre José Poggel,506,-,Padre Dehon,37203593.0,298,7,12,9,7,83,76,49,0,27,7,15,4,2,0,0,0,1,1,1,1,0,0,6848,16000,169,169,90,79,0,0,8,94,67,35,0,35,93,41,6,34,42,30,24,17,5,11,136,3,16,1,0,13,169,0,1
2024,Sudeste,3,Minas Gerais,MG,31,Uberlândia,3170206,0,Triângulo Mineiro/Alto Paranaíba,5,Uberlândia,18,3,2,5,0,0,INSTITUTO PATER DE EDUCACAO E CULTURA,15602,3430,"Faculdade Uberlandense de Núcleos Integrados de Ensino, Serviço Social e Aprendizagem",FAESSA,Rua Bocaiúva,82,Unidade SEDE,Morada da Colina,38411126.0,33,0,2,1,1,11,4,4,1,2,0,4,2,0,1,0,0,1,1,0,1,1,0,493,19499,93,93,55,38,0,0,2,68,23,9,0,9,45,39,3,20,22,17,8,12,7,4,76,1,15,1,0,0,92,1,0
2024,Sudeste,3,Minas Gerais,MG,31,Montes Claros,3143302,0,Norte de Minas,2,Montes Claros,7,3,2,4,0,0,SISTEMA DE ENSINO SUPERIOR IBITURUNA LTDA,2177,3434,FACULDADE DE SAÚDE E HUMANIDADES IBITURUNA,FASI,Avenida Nice,99,-,Ibituruna,39400089.0,28,1,2,2,4,5,4,6,4,0,0,0,0,0,0,1,0,1,1,1,1,1,1,865,15341,75,75,45,30,0,0,0,41,34,6,0,6,69,0,0,3,11,24,23,6,6,2,28,4,39,0,0,4,74,1,0
2024,Sudeste,3,São Paulo,SP,35,Araraquara,3503208,0,Araraquara,5,Araraquara,24,3,2,4,0,0,UNIESP S.A,16134,3436,Faculdade de Araraquara,FARA,Rua Mahiba Barcha,1169,-,Jardim das Flores,14801786.0,9,2,1,0,0,0,0,5,0,1,0,0,0,0,0,0,0,1,1,1,1,1,1,22203,14701,11,11,7,4,0,0,3,7,1,2,0,2,8,1,0,1,0,4,2,3,0,1,10,0,0,0,0,1,11,0,1
2024,Sudeste,3,Minas Gerais,MG,31,Montes Claros,3143302,0,Norte de Minas,2,Montes Claros,7,3,2,4,0,0,FACULDADE MONTES CLAROS LTDA,2314,3448,Faculdade Ibituruna,IBITURUNA,Rua Lírio Brant,511,-,Melo,39401063.0,8,0,0,0,0,1,1,3,0,0,2,1,0,0,0,0,0,1,1,1,1,1,1,106,28418,3,3,2,1,0,0,0,1,2,1,0,1,2,0,0,1,0,1,0,1,0,0,1,0,0,1,0,1,3,0,0
2024,Sudeste,3,Minas Gerais,MG,31,Conselheiro Lafaiete,3118304,0,Metropolitana de Belo Horizonte,7,Conselheiro Lafaiete,34,3,2,5,0,0,FUNDACAO MUNICIPAL DE ENSINO SUPERIOR DE CONS LAFAIETE,77,3488,Centro de Ensino Superior de Conselheiro Lafaiete,CES-CL,Rua Lopes Franco,1001,-,Carijós,36400000.0,10,0,0,2,1,3,0,4,0,0,0,0,0,0,0,0,0,0,0,0,1,1,0,0,0,20,20,7,13,0,0,8,8,4,1,1,0,4,15,4,3,2,5,0,3,2,1,11,0,8,0,0,1,20,0,0
2024,Sudeste,3,Minas Gerais,MG,31,Além Paraíba,3101508,0,Zona da Mata,12,Cataguases,66,3,2,5,0,0,FUNDACAO EDUCACIONAL DE ALEM PARAIBA,401,3514,FACULDADE DE CIÊNCIAS GERENCIAIS ALVES FORTES,FACE - ALFOR,BR 116 - Km 820,305,CAMPUS ÁREA INDUSTRIAL,São Luiz,36660000.0,4,0,0,0,0,0,0,1,0,1,2,0,0,0,0,0,0,1,0,0,1,1,0,1000,1000,30,30,7,23,0,0,20,7,3,0,0,0,0,30,1,0,3,6,7,3,1,9,24,2,2,0,0,2,30,0,0
2024,Sudeste,3,Minas Gerais,MG,31,Além Paraíba,3101508,0,Zona da Mata,12,Cataguases,66,3,2,5,0,0,FUNDACAO EDUCACIONAL DE ALEM PARAIBA,401,3516,FACULDADE DE CIÊNCIAS DA SAÚDE ARCHIMEDES THEODORO,FAC - SAUDE ARTHE,PRAÇA LAROCA,29,-,VILA  LAROCA,36660000.0,9,0,0,1,0,0,2,1,0,2,3,0,0,0,0,0,0,0,0,1,1,0,0,0,0,21,21,7,14,0,0,12,6,3,0,0,0,0,21,0,0,5,5,5,1,1,4,11,2,1,0,0,7,21,0,0
2024,Sudeste,3,Minas Gerais,MG,31,Pouso Alegre,3152501,0,Sul/Sudoeste de Minas,10,Pouso Alegre,52,3,2,5,0,0,FUNDACAO EDUCACIONAL DOM JOSE D'ANGELO NETO,2228,3522,FACULDADE CATÓLICA DE POUSO ALEGRE,FACAPA,Av Avenida Mauro Tomasini,75,-,São Carlos,37557007.0,13,0,0,0,0,1,0,3,0,1,0,2,4,0,2,0,0,0,0,1,1,1,1,1,5,19,19,1,18,0,0,2,12,5,2,0,2,7,10,0,1,3,2,5,1,6,1,18,0,1,0,0,0,19,0,0
2024,Sudeste,3,São Paulo,SP,35,Marília,3529005,0,Marília,9,Marília,38,2,2,5,0,1,FUNDACAO DE ENSINO EURIPIDES SOARES DA ROCHA,298,3529,CENTRO UNIVERSITÁRIO EURÍPEDES DE MARÍLIA,UNIVEM,Avenida Higyno Muzzy Filho,529,-,Campus Universitário,17525901.0,42,0,0,0,0,5,2,10,4,14,6,1,0,0,0,1,0,1,1,0,1,0,1,40,44041,73,73,17,56,0,0,21,35,17,17,0,17,13,43,0,7,7,12,13,18,9,7,64,0,8,1,0,0,73,0,0
2024,Sudeste,3,São Paulo,SP,35,São José do Rio Preto,3549805,0,São José do Rio Preto,1,São José do Rio Preto,4,3,2,4,0,0,ANBAR ENSINO TECNICO E SUPERIOR LTDA,1533,3533,FACULDADE CERES,FACERES,Avenida Anísio Haddad,6.751,-,Jardim Morumbi,15093000.0,103,2,3,1,1,38,7,23,14,5,1,2,0,3,3,0,0,1,1,1,1,0,1,2114,5800,60,60,35,25,0,0,0,21,39,21,5,16,39,0,0,1,11,11,13,11,5,8,51,0,3,0,0,6,60,0,1
2024,Sudeste,3,São Paulo,SP,35,Guarulhos,3518800,0,Metropolitana de São Paulo,15,Guarulhos,59,3,2,4,0,0,ANHANGUERA EDUCACIONAL PARTICIPACOES S/A,16452,3603,FACULDADE ANHANGUERA DE GUARULHOS,,Rua do Rosário,300,-,Macedo,7111080.0,30,0,0,0,0,2,9,1,10,3,3,1,1,0,0,0,0,1,1,0,1,1,1,33730,270513,112,112,41,71,0,0,23,39,50,21,0,21,70,21,2,8,12,23,24,19,10,14,88,2,19,1,0,2,112,0,1
2024,Sudeste,3,São Paulo,SP,35,Valinhos,3556206,0,Campinas,7,Campinas,32,3,2,4,0,0,ANHANGUERA EDUCACIONAL PARTICIPACOES S/A,16452,3612,FACULDADE ANHANGUERA DE VALINHOS,,Avenida Invernada,595,-,Vera Cruz,13271450.0,15,0,0,0,0,4,2,1,3,4,0,1,0,0,0,0,0,1,1,0,1,1,1,33730,270513,64,64,36,28,0,0,13,13,38,9,0,9,39,16,4,7,8,14,12,4,8,7,47,4,10,1,0,2,64,0,3
2024,Sudeste,3,Rio de Janeiro,RJ,33,Rio de Janeiro,3304557,1,Metropolitana do Rio de Janeiro,6,Rio de Janeiro,18,3,2,5,0,0,FUNDACAO GETULIO VARGAS,110,3614,Escola de Ciências Sociais FGV CPDOC,FGV CPDOC,Praia de Botafogo,190,-,Botafogo,22250900.0,59,0,0,0,0,0,3,16,6,18,6,7,3,0,0,1,0,1,1,1,1,1,1,273,18139,20,20,10,10,0,0,1,0,19,19,0,19,1,0,0,0,3,7,3,4,0,3,15,1,1,0,0,3,20,0,0
2024,Sudeste,3,São Paulo,SP,35,Barretos,3505500,0,Ribeirão Preto,2,Barretos,9,2,2,5,1,0,FUNDACAO EDUCACIONAL DE BARRETOS,51,3641,CENTRO UNIVERSITÁRIO DA FUNDAÇÃO EDUCACIONAL DE BARRETOS,UNIFEB,Avenida Professor Roberto Frade Monte,389,-,Aeroporto,14783226.0,77,1,1,3,5,13,8,21,16,6,2,0,0,1,0,0,0,0,1,1,1,1,1,389,0,160,160,61,99,0,0,46,64,50,6,6,0,30,124,13,24,21,31,33,14,9,15,139,1,14,4,1,1,160,0,0
2024,Sudeste,3,Minas Gerais,MG,31,Montes Claros,3143302,0,Norte de Minas,2,Montes Claros,7,3,2,4,0,0,FACPRISMA - FACULDADE DE ENSINO SUPERIOR LTDA,19640,3657,FACPRISMA Faculdade de Ensino Superior,FACPRISMA,Rua Lírio Brant,511,-,Melo,39401063.0,8,0,0,0,0,1,1,3,0,0,2,1,0,0,0,0,0,1,1,1,1,0,1,106,28418,3,3,2,1,0,0,1,1,1,1,0,1,2,0,0,2,0,1,0,0,0,0,2,0,1,0,0,0,3,0,0
2024,Sudeste,3,Rio de Janeiro,RJ,33,Itaperuna,3302205,0,Noroeste Fluminense,1,Itaperuna,1,3,1,3,0,0,FUNDACAO UNIVERSITARIA DE ITAPERUNA,2331,3682,INSTITUTO SUPERIOR DE EDUCAÇÃO DO MUNICÍPIO DE ITAPERUNA,ISEMI,Rua Luis Carlos Ferreira Tirado,148,-,Cidade Nova,28300000.0,19,0,0,0,0,0,0,7,4,0,0,1,5,1,1,0,0,0,1,1,0,1,0,1,1,8,8,2,6,0,0,0,6,2,8,0,8,0,0,0,0,0,3,0,4,1,0,5,0,1,0,0,2,8,0,0
2024,Sudeste,3,Rio de Janeiro,RJ,33,Rio de Janeiro,3304557,1,Metropolitana do Rio de Janeiro,6,Rio de Janeiro,18,3,2,5,0,0,FUNDACAO ESCOLA NACIONAL DE SEGUROS FUNENSEG,2347,3710,ESCOLA SUPERIOR NACIONAL DE SEGUROS,ESNS,Rua Senador Dantas,74,"Subsolo, Loja, 2°, 3° e 4° andares",Centro,20031205.0,4,0,0,0,0,0,1,2,0,1,0,0,0,0,0,1,0,1,1,1,1,1,1,54,15324,14,14,2,12,0,0,3,8,3,1,1,0,3,10,0,0,1,0,0,1,3,9,11,0,1,0,0,2,14,0,0
2024,Sudeste,3,Minas Gerais,MG,31,Lavras,3138203,0,Campo das Vertentes,11,Lavras,57,3,2,5,0,0,INSTITUICAO ADV DE EDUC E ASSIST SOCIAL ESTE BRASILEIRA,735,3754,FACULDADE ADVENTISTA DE MINAS GERAIS,FADMINAS,Rua Joaquim Gomes Guerra,590,Caixa Postal 144,Nossa Senhora do Líbano,37203700.0,43,0,0,4,3,5,4,7,11,1,2,0,2,3,1,0,0,1,1,1,1,1,0,6773,10000,35,35,15,20,0,0,11,15,9,7,4,3,6,22,3,4,9,7,7,4,1,0,20,2,13,0,0,0,35,0,0
2024,Sudeste,3,Minas Gerais,MG,31,Almenara,3101706,0,Jequitinhonha,3,Almenara,14,3,2,4,0,0,INSTITUTO EDUCACIONAL ALFAUNIPAC S.A.,2371,3756,Faculdade ALFAUNIPAC de Almenara,,Rua Vereador Virgílio Mendes Lima,847,-,São Pedro,39900000.0,20,3,2,0,0,0,0,8,1,6,0,0,0,0,0,0,0,0,1,1,1,1,1,100,100,30,30,17,13,0,0,0,23,7,10,0,10,20,0,0,8,3,10,4,2,2,1,14,0,14,0,0,2,30,0,0
2024,Sudeste,3,São Paulo,SP,35,São Paulo,3550308,1,Metropolitana de São Paulo,15,São Paulo,61,3,2,5,0,0,JUNTA DE EDUCACAO DA CONVENCAO BATISTA DO ESTADO DE SAO PAULO,18105,3770,FACULDADE TEOLÓGICA BATISTA DE SÃO PAULO,FTBSP,Rua João Ramalho,466,Unidade SEDE,Perdizes,5008001.0,14,1,0,1,1,2,2,2,3,0,0,0,2,0,0,0,0,0,1,1,1,0,1,62,4799,16,16,4,12,0,0,0,7,9,6,0,6,7,3,0,0,0,2,1,2,2,9,13,0,2,1,0,0,15,1,0
2024,Sudeste,3,São Paulo,SP,35,Santo André,3547809,0,Metropolitana de São Paulo,15,São Paulo,61,2,2,4,0,0,"IREP SOCIEDADE DE ENSINO SUPERIOR, MEDIO E FUNDAMENTAL LTDA.",545,3779,CENTRO UNIVERSITÁRIO ESTÁCIO DE SANTO ANDRÉ,ESTÁCIO SANTO ANDRÉ,Rua Delfim Moreira,40,Faculdade Estácio de Santo André,Centro,9015070.0,22,0,0,0,0,6,4,4,4,3,1,0,0,0,0,0,0,1,1,0,0,0,1,33000,15000,45,45,19,26,0,0,6,19,20,10,0,10,16,19,1,7,5,5,10,10,4,3,32,2,9,2,0,0,43,2,0
2024,Sudeste,3,Espírito Santo,ES,32,Cachoeiro de Itapemirim,3201209,0,Sul Espírito-santense,4,Cachoeiro de Itapemirim,12,3,2,4,0,0,FACI - FACULDADE CACHOEIRO DE ITAPEMIRIM LTDA - EPP,2236,3782,FACULDADE DE TECNOLOGIA CACHOEIRO DE ITAPEMIRIM,FACI,Rua Amâncio Silva,40,-,Arariguaba,29305470.0,8,0,0,0,1,0,2,0,0,0,2,0,2,0,1,0,0,0,0,0,1,0,0,0,0,12,12,3,9,0,0,5,5,2,0,0,0,2,10,2,1,2,0,3,2,1,1,5,0,3,0,0,4,12,0,0
2024,Sudeste,3,Minas Gerais,MG,31,Belo Horizonte,3106200,1,Metropolitana de Belo Horizonte,7,Belo Horizonte,30,3,2,4,0,0,ASSUPERO ENSINO SUPERIOR LTDA.,2415,3786,FACULDADE DE ENSINO DE MINAS GERAIS,FACEMG,Rua Padre Pedro Pinto,1388/1410,Venda Nova III,Venda Nova,31615310.0,19,0,0,0,0,5,4,5,2,0,2,0,1,0,0,0,0,0,1,1,1,0,1,160,23000,27,27,13,14,0,0,9,11,7,2,0,2,18,7,0,0,8,6,6,4,1,2,9,1,3,0,0,14,27,0,0
2024,Sudeste,3,Minas Gerais,MG,31,Pouso Alegre,3152501,0,Sul/Sudoeste de Minas,10,Pouso Alegre,52,3,2,4,0,0,"UNISEPE UNIAO DAS INSTITUICOES DE SERVICO, ENSINO E PESQUISA LTDA",715,3823,INSTITUTO DE EDUCAÇÃO SUPERIOR DE POUSO ALEGRE,,Rua Santa Catarina,95,-,Centro,37550149.0,4,1,0,0,0,0,0,1,1,0,1,0,0,0,0,0,0,1,1,1,1,0,1,5,2216,7,7,1,6,0,0,3,4,0,1,0,1,0,6,1,1,0,1,2,1,1,0,7,0,0,0,0,0,7,0,0
2024,Sudeste,3,São Paulo,SP,35,São Paulo,3550308,1,Metropolitana de São Paulo,15,São Paulo,61,3,2,4,0,0,IEFE INSTITUTO DE EVOLUCAO FUNCIONAL EDUCACIONAL LTDA,18449,3837,FACULDADE EVOLUÇÃO,FAEV,Rua Airi,20 a,FAETI - AIRI,Vila Gomes Cardim,3310010.0,8,0,0,0,0,1,1,2,2,1,1,0,0,0,0,1,0,1,1,1,1,1,1,21,12240,4,4,0,4,0,0,0,3,1,2,0,2,2,0,0,0,0,1,1,0,1,1,2,0,2,0,0,0,4,0,0
2024,Sudeste,3,Minas Gerais,MG,31,Belo Horizonte,3106200,1,Metropolitana de Belo Horizonte,7,Belo Horizonte,30,3,2,4,0,0,INSTITUTO DE PESQUISA E ENSINO MEDICO DO ESTADO DE MINAS GERAIS LTDA,16263,3839,Faculdade IPEMED de Ciências Médicas,IPEMED,Avenida do Contorno,2073 e 2075,-,Santa Tereza,30110009.0,22,0,0,0,0,4,3,11,0,1,0,2,0,1,0,0,0,1,1,0,1,0,1,11583,13394,8,8,4,4,0,0,2,0,6,2,0,2,6,0,0,1,1,1,3,0,1,1,8,0,0,0,0,0,8,0,0
2024,Sudeste,3,Minas Gerais,MG,31,Guaxupé,3128709,0,Sul/Sudoeste de Minas,10,São Sebastião do Paraíso,48,2,2,5,0,0,FUNDACAO EDUCACIONAL GUAXUPE,353,3875,CENTRO UNIVERSITÁRIO DA FUNDAÇÃO EDUCACIONAL GUAXUPÉ,UNIFEG,Avenida Dona Floriana,463,TÉRREO,CENTRO,37800000.0,331,7,8,5,7,26,9,80,19,58,29,28,34,9,12,0,0,1,1,1,1,1,0,422,1415000,111,111,47,64,0,3,30,57,21,6,6,0,32,73,1,13,21,17,15,15,10,19,67,0,7,0,0,37,111,0,0
2024,Sudeste,3,Rio de Janeiro,RJ,33,Rio de Janeiro,3304557,1,Metropolitana do Rio de Janeiro,6,Rio de Janeiro,18,3,2,4,0,0,UNYEAD EDUCACIONAL S.A.,16674,3876,Faculdade Unyleya,,Rua do Carmo,66,-,Centro,20011020.0,398,1,0,4,2,130,70,121,45,16,6,1,2,0,0,0,0,1,1,1,1,0,0,602,17214,51,51,33,18,0,0,2,23,26,28,0,28,23,0,0,1,6,8,8,13,5,10,35,5,11,0,0,0,51,0,0
2024,Sudeste,3,São Paulo,SP,35,São Paulo,3550308,1,Metropolitana de São Paulo,15,São Paulo,61,3,2,5,0,0,"ESCOLA PAULISTA DE EDUCACAO, FILOSOFIA E POLITICA - ESEF PAULISTA",18294,3896,Faculdade Paulista de Comunicação,FEPAC,Avenida Paulista,2.200,Edifício Central Park - 7º Andar,Cerqueira César,1310300.0,2,0,0,0,0,0,1,0,1,0,0,0,0,0,0,1,0,1,1,1,1,1,1,567,3212,18,18,4,14,0,0,3,11,4,3,0,3,4,11,0,0,3,2,4,2,4,3,15,2,0,0,0,1,18,0,0
2024,Sudeste,3,São Paulo,SP,35,São Paulo,3550308,1,Metropolitana de São Paulo,15,São Paulo,61,3,2,4,0,0,CENTRO DE ENSINO METODO LTDA,2486,3933,FACULDADE MÉTODO DE SÃO PAULO,FAMESP,Avenida Jabaquara,1.314,-,Mirandópolis,4046200.0,48,0,0,0,0,8,8,9,9,7,2,4,0,0,1,0,0,1,1,1,1,1,1,16500,384,57,57,35,22,0,0,15,33,9,6,0,6,37,14,1,6,7,11,15,6,5,6,50,0,5,2,0,0,57,0,0
2024,Sudeste,3,São Paulo,SP,35,Indaiatuba,3520509,0,Campinas,7,Campinas,32,3,2,4,0,0,ANHANGUERA EDUCACIONAL PARTICIPACOES S/A,16452,3937,Faculdade Anhanguera de Indaiatuba,,Rua Cláudio Dal Canton,89,-,Cidade Nova II,13334390.0,16,0,0,0,0,4,2,5,2,1,1,1,0,0,0,0,0,1,1,0,1,1,1,33730,270513,76,76,40,36,0,0,22,17,37,5,0,5,52,19,5,8,16,14,11,6,7,9,60,2,10,2,0,2,76,0,1
2024,Sudeste,3,São Paulo,SP,35,Tatuí,3554003,0,Itapetininga,11,Tatuí,43,3,2,5,0,0,ASSOCIACAO DE ENSINO JULIAN CARVALHO - AEJC,2491,3940,FACULDADE DE ENSINO SUPERIOR SANTA BARBARA,FAESB,Rua XI de Agosto,2.900,-,Valinho,18277000.0,27,0,0,3,3,10,2,4,4,1,0,0,0,0,0,0,0,0,1,0,1,1,0,6,16000,83,83,41,42,0,0,29,38,16,7,2,5,24,52,5,9,19,17,14,8,9,2,72,1,8,1,0,1,82,1,0
2024,Sudeste,3,Minas Gerais,MG,31,Oliveira,3145604,0,Oeste de Minas,9,Oliveira,46,3,2,5,0,0,FUNDACAO EDUCACIONAL DE OLIVEIRA,2126,3954,FACULDADE EDUCACIONAL JURÍDICA E GERENCIAL DE OLIVEIRA,FEJUGO,Rua Benjamim Guimarães,27,-,Centro,35540000.0,18,0,0,0,0,1,2,4,0,3,1,2,4,1,0,0,0,0,0,0,1,0,0,15,14000,28,28,12,16,0,0,4,21,3,4,0,4,8,16,0,4,4,4,10,2,3,1,24,2,2,0,0,0,28,0,0
2024,Sudeste,3,Minas Gerais,MG,31,Caratinga,3113404,0,Vale do Rio Doce,8,Caratinga,40,2,2,5,0,0,FUNDACAO EDUCACIONAL DE CARATINGA FUNEC,384,3966,CENTRO UNIVERSITÁRIO DE CARATINGA,UNEC,Av. Moacyr de Mattos,87,-,Centro,35300047.0,1052,73,48,35,20,262,88,103,47,139,108,53,43,13,20,1,0,1,1,1,1,1,1,75,23549,180,180,79,101,0,0,85,59,36,89,0,89,69,22,7,16,26,32,36,23,17,23,140,9,31,0,0,0,180,0,2
2024,Sudeste,3,Minas Gerais,MG,31,Machado,3139003,0,Sul/Sudoeste de Minas,10,Alfenas,49,3,2,5,0,0,FUNDACAO EDUCACIONAL DE MACHADO,76,3972,CENTRO SUPERIOR DE ENSINO E PESQUISA DE MACHADO,CESEP,Av Dr Athayde Pereira de Souza,730,-,Centro,37750000.0,15,0,0,1,1,4,4,2,0,1,2,0,0,0,0,1,0,1,1,1,1,1,1,28,415,27,27,15,12,0,0,6,9,12,9,0,9,11,7,0,2,4,5,7,6,0,3,19,3,5,0,0,0,27,0,0
2024,Sudeste,3,Minas Gerais,MG,31,Formiga,3126109,0,Oeste de Minas,9,Formiga,44,2,2,5,0,0,FUNDACAO EDUCACIONAL DE FORMIGA-MG - FUOM,215,3983,CENTRO UNIVERSITÁRIO DE FORMIGA,UNIFORMG,Avenida Doutor Arnaldo de Senna,328,-,Palmeiras,35574530.0,147,2,3,12,20,31,24,18,12,15,7,2,0,0,1,0,0,0,1,0,1,0,1,675,12000,93,93,48,45,0,0,13,44,36,23,0,23,31,39,1,10,14,20,24,13,6,5,86,0,7,0,0,0,93,0,0
2024,Sudeste,3,São Paulo,SP,35,São Paulo,3550308,1,Metropolitana de São Paulo,15,São Paulo,61,2,2,5,0,0,SERVICO NACIONAL DE APRENDIZAGEM COMERCIAL SENAC,543,3985,CENTRO UNIVERSITÁRIO SENAC,SENACSP,Av. Engenheiro Eusébio Stevaux,nº 823,-,Jurubatuba,4696000.0,901,49,13,25,10,172,118,185,89,112,76,25,17,6,4,0,0,1,1,1,1,1,1,8000,22089,580,580,207,373,0,0,131,300,149,125,0,125,149,306,16,36,96,109,110,91,66,56,480,24,59,15,1,1,575,5,10
2024,Sudeste,3,Rio de Janeiro,RJ,33,Rio de Janeiro,3304557,1,Metropolitana do Rio de Janeiro,6,Rio de Janeiro,18,3,2,4,0,0,INFNET EDUCACAO LTDA.,2519,3998,INSTITUTO INFNET RIO DE JANEIRO,INFNET,Rua São José,90,2º andar,Centro,20010020.0,82,0,0,0,0,24,14,11,10,4,5,0,9,1,4,0,0,1,0,1,1,0,1,21182,48326,115,115,26,89,0,0,32,55,28,6,4,2,109,0,5,8,30,24,23,13,6,6,61,1,13,0,0,40,113,2,3
2024,Sudeste,3,São Paulo,SP,35,Marília,3529005,0,Marília,9,Marília,38,3,2,4,0,0,SOCIEDADE CULTURAL E EDUCACIONAL DO INTERIOR PAULISTA S/S LTDA,2394,4000,FACULDADE DE ENSINO SUPERIOR DO INTERIOR PAULISTA,FAIP,Avenida Antonieta Altenfelder,65,-,Jardim Santa Antonieta,17512130.0,25,0,0,0,0,2,2,12,3,3,3,0,0,0,0,1,0,1,1,1,1,1,1,110,15300,66,66,41,25,0,0,14,33,19,13,12,1,53,0,10,10,19,11,7,6,1,2,52,0,6,5,0,3,66,0,0
2024,Sudeste,3,São Paulo,SP,35,Pirassununga,3539301,0,Campinas,7,Pirassununga,29,3,2,4,0,0,DIDACIEBE CENTRO INTEGRADO DE EDUCACAO BRASIL - EUROPA LTDA,2523,4007,"FATECE - FACULDADE DE TECNOLOGIA, CIÊNCIAS E EDUCAÇÃO",FATECE,Avenida Painguás,225/243,-,Vila Urupês,13630272.0,17,0,0,0,0,3,0,2,1,3,2,0,1,3,2,0,0,0,1,1,1,1,0,0,17448,29,29,14,15,0,0,7,8,14,12,0,12,15,2,2,4,5,8,4,3,2,1,22,0,1,0,0,6,29,0,0
2024,Sudeste,3,São Paulo,SP,35,Rio Claro,3543907,0,Piracicaba,6,Rio Claro,26,3,2,4,0,0,ANHANGUERA EDUCACIONAL PARTICIPACOES S/A,16452,4013,FACULDADE ANHANGUERA DE RIO CLARO,,Rua 2,3117,VILA OPERÁRIA,Vila Operária,13504090.0,84,0,0,0,0,0,0,36,46,1,1,0,0,0,0,0,0,1,1,0,1,1,1,33730,270513,27,27,12,15,0,0,9,5,13,4,0,4,12,11,0,2,7,8,5,2,1,2,21,0,4,0,0,2,27,0,0
2024,Sudeste,3,Rio de Janeiro,RJ,33,Rio de Janeiro,3304557,1,Metropolitana do Rio de Janeiro,6,Rio de Janeiro,18,3,1,1,0,0,MINISTERIO DA EDUCACAO,391,4016,INSTITUTO NACIONAL DE EDUCAÇÃO DE SURDOS,INES,Rua das Laranjeiras,232,Unidade SEDE,Laranjeiras,,31,0,0,0,0,3,3,2,0,7,7,7,1,1,0,1,0,0,1,1,1,0,1,3,30,41,41,30,11,0,0,1,4,36,41,41,0,0,0,0,0,3,8,6,8,4,12,16,4,2,0,0,19,40,1,6
2024,Sudeste,3,São Paulo,SP,35,Jundiaí,3525904,0,Macro Metropolitana Paulista,12,Jundiaí,47,2,2,4,0,0,ESCOLAS PADRE ANCHIETA LTDA,2500,4017,CENTRO UNIVERSITÁRIO PADRE ANCHIETA,UNIANCHIETA,Avenida Dr. Adoniro Ladeira,94,CAMPUS UNIVERSITÁRIO PROF. PEDRO C. FORNARI,Vila Jundiainopolis,13210800.0,161,0,0,0,0,56,8,72,19,5,0,0,1,0,0,0,0,1,1,1,1,1,1,0,15102,272,272,113,159,0,0,74,119,79,35,0,35,22,215,8,26,41,45,57,34,28,33,248,6,13,3,0,2,272,0,1
2024,Sudeste,3,São Paulo,SP,35,Botucatu,3507506,0,Bauru,4,Botucatu,23,3,1,2,0,0,CENTRO ESTADUAL DE EDUCACAO TECNOLOGICA PAULA SOUZA,33,4020,FACULDADE DE TECNOLOGIA DE BOTUCATU,FATEC BT,Avenida José Ítalo Bachi,s/n,-,Jardim Aeroporto,18606855.0,17,0,0,1,0,1,0,2,2,4,2,1,1,0,3,0,0,0,1,0,1,0,1,0,0,68,68,19,49,0,0,11,23,34,10,3,7,45,13,1,2,8,15,14,10,9,9,55,0,2,1,0,10,67,1,0
2024,Sudeste,3,São Paulo,SP,35,Garça,3516705,0,Marília,9,Marília,38,3,1,2,0,0,CENTRO ESTADUAL DE EDUCACAO TECNOLOGICA PAULA SOUZA,33,4021,FACULDADE DE TECNOLOGIA DE GARÇA,FATECGA,Av. Presidente Vargas,2331,-,Vila José Ribeiro,17400000.0,21,0,0,0,0,0,1,5,4,3,5,0,2,1,0,0,0,0,1,1,1,1,1,0,0,66,66,23,43,0,1,17,25,23,0,0,0,0,66,0,5,6,8,11,10,9,17,55,0,3,4,0,4,66,0,0
2024,Sudeste,3,São Paulo,SP,35,Jundiaí,3525904,0,Macro Metropolitana Paulista,12,Jundiaí,47,3,1,2,0,0,CENTRO ESTADUAL DE EDUCACAO TECNOLOGICA PAULA SOUZA,33,4022,FACULDADE DE TECNOLOGIA DE JUNDIAÍ,FATEC/JD,Avenida União dos Ferroviários,1760,-,Centro,13201160.0,17,0,0,0,0,3,2,2,5,3,2,0,0,0,0,0,0,0,0,0,1,0,0,0,0,118,118,39,79,0,0,26,62,30,8,0,8,42,68,0,1,9,17,20,22,17,32,77,1,11,2,0,27,116,2,0
2024,Sudeste,3,São Paulo,SP,35,Mauá,3529401,0,Metropolitana de São Paulo,15,São Paulo,61,3,1,2,0,0,CENTRO ESTADUAL DE EDUCACAO TECNOLOGICA PAULA SOUZA,33,4023,FACULDADE DE TECNOLOGIA DE MAUÁ,FATEC MAUÁ,Avenida Antônia Rosa Fioravanti,804,-,Jardim Rosina,9390120.0,15,0,0,0,0,1,1,4,7,1,1,0,0,0,0,0,0,0,1,1,1,0,1,0,0,121,121,29,92,0,0,22,63,36,0,0,0,0,121,0,6,7,12,16,19,23,38,91,3,14,3,0,10,121,0,1
2024,Sudeste,3,São Paulo,SP,35,Mococa,3530508,0,Campinas,7,São João da Boa Vista,30,3,1,2,0,0,CENTRO ESTADUAL DE EDUCACAO TECNOLOGICA PAULA SOUZA,33,4024,FACULDADE DE TECNOLOGIA DE MOCOCA,FATEC,Avenida Américo Pereira Lima,S/N,-,Jardim Lavínia,13736260.0,17,0,0,0,0,0,0,5,9,1,1,0,1,0,0,0,0,0,1,0,1,0,1,0,0,60,60,19,41,0,0,12,30,18,12,3,9,0,48,1,3,8,13,9,13,5,8,48,1,3,1,0,7,59,1,0
2024,Sudeste,3,São Paulo,SP,35,São José do Rio Preto,3549805,0,São José do Rio Preto,1,São José do Rio Preto,4,3,1,2,0,0,CENTRO ESTADUAL DE EDUCACAO TECNOLOGICA PAULA SOUZA,33,4025,FACULDADE DE TECNOLOGIA DE SÃO JOSÉ DO RIO PRETO,FATECRP,Rua Fernandópolis,2510,-,Eldorado,15043020.0,12,0,0,0,0,0,1,0,4,3,2,1,1,0,0,0,0,0,1,0,1,0,1,0,0,60,60,25,35,0,0,6,20,34,5,1,4,34,21,1,1,6,13,9,12,10,8,55,0,4,0,0,1,60,0,1
2024,Sudeste,3,São Paulo,SP,35,São Paulo,3550308,1,Metropolitana de São Paulo,15,São Paulo,61,3,1,2,0,0,CENTRO ESTADUAL DE EDUCACAO TECNOLOGICA PAULA SOUZA,33,4026,FACULDADE DE TECNOLOGIA ZONA LESTE,FATEC-ZL,Avenida Águia de Haia,2983,Faculdade de Tecnologia da Zona Leste,Parque Paineiras,3694000.0,22,0,0,1,2,2,3,6,4,2,2,0,0,0,0,0,0,0,1,1,1,0,1,40,0,181,181,68,113,0,0,35,90,56,12,0,12,65,104,0,6,21,17,31,31,34,41,134,11,30,5,0,1,180,1,0
2024,Sudeste,3,Rio de Janeiro,RJ,33,Campos dos Goytacazes,3301009,0,Norte Fluminense,2,Campos dos Goytacazes,3,2,2,5,0,0,FUNDACAO CULTURAL DE CAMPOS,347,4030,CENTRO UNIVERSITÁRIO FLUMINENSE,UNIFLU,Rua Tenente-Coronel Cardoso,349,CAMPUS I,Centro,28010801.0,55,1,2,4,4,10,11,12,7,3,1,0,0,0,0,0,0,0,0,1,1,1,1,0,0,104,104,49,55,0,0,36,53,15,26,0,26,44,34,4,6,11,20,19,13,7,24,87,2,15,0,0,0,104,0,0
2024,Sudeste,3,Minas Gerais,MG,31,Belo Horizonte,3106200,1,Metropolitana de Belo Horizonte,7,Belo Horizonte,30,3,2,5,0,0,SKEMA ESCOLA DE NEGOCIOS EIRELI,17108,4053,FACULDADE SKEMA BUSINESS SCHOOL,SKEMA,Avenida do Contorno,5456,Sede,Funcionários,30110036.0,44,0,0,0,0,0,5,15,7,10,2,1,1,1,2,0,0,1,1,1,1,0,1,5891,100000,42,42,12,30,0,0,3,22,17,7,1,6,10,25,0,3,3,12,10,5,5,4,35,1,5,1,0,0,41,1,0
2024,Sudeste,3,São Paulo,SP,35,São Joaquim da Barra,3549409,0,Ribeirão Preto,2,São Joaquim da Barra,10,3,2,4,0,0,ERICA SMARGIASSI EDUCACAO SUPERIOR,17953,4059,"FACULDADE DE SAÚDE, CIÊNCIAS E TECNOLOGIA - FACESB",FACESB,Rua Maria Rosa da Silva,151,-,Jardim Paraíso,14600000.0,26,0,0,0,0,3,0,0,2,7,7,0,5,2,0,0,0,0,1,0,1,1,1,0,16720,16,16,7,9,0,0,10,4,2,0,0,0,4,12,2,2,1,5,5,0,1,0,10,2,3,0,0,1,16,0,0
2024,Sudeste,3,Rio de Janeiro,RJ,33,Campos dos Goytacazes,3301009,0,Norte Fluminense,2,Campos dos Goytacazes,3,3,2,5,0,0,JUNTA DE EDUCACAO E ACAO SOCIAL DA CONVENCAO BATISTA FLUMINENSE,3560,4066,FACULDADE BATISTA DO ESTADO DO RIO DE JANEIRO - FABERJ,FABERJ,Avenida Alberto Torres,249/261,- de 103 a 407 - lado ímpar,Centro,28035581.0,27,0,0,1,2,1,6,7,4,2,1,2,1,0,0,1,0,1,1,1,1,1,1,116,160438,20,20,4,16,0,0,9,9,2,1,0,1,4,15,0,2,3,2,3,5,0,5,7,1,11,0,0,1,20,0,0
2024,Sudeste,3,Minas Gerais,MG,31,Belo Horizonte,3106200,1,Metropolitana de Belo Horizonte,7,Belo Horizonte,30,3,2,4,0,0,CENTRO DE ENSINO SUPERIOR INAP LTDA - ME,2561,4079,FACULDADE TECNOLÓGICA INAP,FAT- INAP,Avenida Carandaí,507,-,Funcionários,30130060.0,7,1,1,0,0,1,1,2,1,0,0,0,0,0,0,0,0,1,0,0,1,1,0,0,0,8,8,4,4,0,1,3,4,0,0,0,0,0,8,0,1,1,1,1,3,0,1,5,0,3,0,0,0,8,0,0
2024,Sudeste,3,São Paulo,SP,35,Santo André,3547809,0,Metropolitana de São Paulo,15,São Paulo,61,3,2,4,0,0,A.B. INSTITUTO INTERNACIONAL DE CIENCIAS SOCIAIS LTDA  - ME,2567,4086,FACULDADE DE TECNOLOGIA JARDIM,FATEJ,Rua Almirante Protógenes,68,-,Bairro Jardim,9090760.0,16,0,0,2,2,3,3,3,1,0,0,2,0,0,0,0,0,1,1,1,1,0,1,1452,3415,20,20,6,14,0,0,6,10,4,1,1,0,3,16,0,1,8,0,4,2,3,2,17,0,2,1,0,0,20,0,1
2024,Sudeste,3,São Paulo,SP,35,Roseira,3544301,0,Vale do Paraíba Paulista,13,Guaratinguetá,51,3,2,4,0,0,FACULDADE FLORIDA LTDA,17540,4090,Faculdade Flórida,FACFLÓRIDA,Rodovia Presidente Dutra - Km 77,s/n,-,Roseira Velha,12580000.0,11,0,0,0,0,1,2,4,4,0,0,0,0,0,0,0,0,0,0,0,1,1,0,150,0,22,22,10,12,0,0,6,12,4,0,0,0,0,22,2,1,2,4,6,3,1,3,14,0,0,0,0,8,21,1,0
2024,Sudeste,3,São Paulo,SP,35,São Paulo,3550308,1,Metropolitana de São Paulo,15,São Paulo,61,3,2,4,0,0,Etapa Educacional - Eireli,2577,4104,ESCOLA SUPERIOR DE ENGENHARIA E GESTÃO DE SÃO PAULO - ESEG,ESEG,Rua Vergueiro,1951,-,Vila Mariana,4101000.0,42,0,0,0,0,8,4,11,5,8,2,2,0,1,1,0,0,1,1,0,1,0,0,39,12402,84,84,20,64,0,0,2,37,45,7,6,1,27,50,1,7,16,21,17,10,5,7,74,1,2,7,0,0,83,1,0
2024,Sudeste,3,São Paulo,SP,35,Santa Bárbara d'Oeste,3545803,0,Campinas,7,Campinas,32,3,2,4,0,0,ANHANGUERA EDUCACIONAL PARTICIPACOES S/A,16452,4138,FACULDADE ANHANGUERA DE SANTA BÁRBARA,,Rua Juscelino Kubitschek de Oliveira,1450,-,2º Distrito Industrial,13456401.0,26,0,0,0,0,14,3,1,1,4,0,2,1,0,0,0,0,1,1,0,1,1,1,33730,270513,108,108,55,53,0,0,32,27,49,11,0,11,58,39,6,15,15,23,20,10,7,12,85,4,15,2,0,2,107,1,3
2024,Sudeste,3,São Paulo,SP,35,Taubaté,3554102,0,Vale do Paraíba Paulista,13,São José dos Campos,50,3,2,4,0,0,EDITORA E DISTRIBUIDORA EDUCACIONAL S/A,14514,4141,FACULDADE ANHANGUERA DE TAUBATÉ,,Av. Charles Schnneider,585,Unidade II,Pq. Senhor Bonfim,12040000.0,29,0,0,0,0,7,2,6,9,3,0,0,2,0,0,0,0,1,1,0,1,1,1,33730,270513,184,184,96,88,0,0,55,71,58,19,0,19,90,75,8,25,23,36,43,16,19,14,149,8,20,5,0,2,184,0,3
2024,Sudeste,3,São Paulo,SP,35,Piracicaba,3538709,0,Piracicaba,6,Piracicaba,28,3,2,4,0,0,INSTITUTO DE DESENVOLVIMENTO TECNOLOGICO E EDUCACIONAL DE PIRACICABA LTDA,2605,4150,FACULDADE DE TECNOLOGIA DE PIRACICABA,FATEP,Avenida Rio Claro,290,CAMPUS SEDE,Vila Areião,13414048.0,19,0,0,0,0,4,2,5,1,3,3,1,0,0,0,0,0,0,1,1,0,0,1,0,17435,85,85,31,54,0,0,11,38,36,14,0,14,59,12,2,8,12,12,9,20,10,12,75,0,2,0,0,8,84,1,0
2024,Sudeste,3,Minas Gerais,MG,31,Uberaba,3170107,0,Triângulo Mineiro/Alto Paranaíba,5,Uberaba,22,3,2,5,0,0,ASSOCIACAO EDUCACIONAL DR. ODILON FERNANDES,3484,4166,FACULDADE UNIBRASÍLIA DE MINAS GERAIS,BRASÍLIA,Rua Ronan Martins Marques,487,-,Santa Maria,38050600.0,31,0,0,0,0,11,6,8,3,1,2,0,0,0,0,0,0,0,1,1,1,0,1,350,1130,10,10,5,5,0,0,0,6,4,10,0,10,0,0,0,2,4,2,1,1,0,0,7,0,2,0,0,1,10,0,0
2024,Sudeste,3,São Paulo,SP,35,Carapicuíba,3510609,0,Metropolitana de São Paulo,15,Osasco,57,3,2,4,0,0,SOCIEDADE EDUCACIONAL ATUAL DA AMAZONIA LTDA,1122,4169,Faculdade Estácio de Carapicuíba,ESTÁCIO CARAPICUÍBA,AV. FRANCISCO PIGNATARI,630,-,VILA GUSTAVO CORREIA,6310330.0,38,0,0,0,0,11,7,8,4,5,1,2,0,0,0,0,0,1,1,0,1,0,1,33000,15000,101,101,54,47,0,0,10,46,45,27,0,27,34,40,3,9,16,19,17,18,10,9,76,8,14,1,1,1,100,1,2
2024,Sudeste,3,São Paulo,SP,35,Peruíbe,3537602,0,Litoral Sul Paulista,14,Itanhaém,56,3,2,4,0,0,"UNISEPE UNIAO DAS INSTITUICOES DE SERVICO, ENSINO E PESQUISA LTDA",715,4185,FACULDADE PERUIBE,FPBE,Avenida Darcy Fonseca,530,CAMPUS  - PERUÍBE - JARDIM DOS PRADOS,Jardim dos Prados,11776698.0,6,0,0,0,0,0,2,1,1,2,0,0,0,0,0,0,0,0,1,1,1,0,0,0,4709,28,28,15,13,0,0,13,12,3,0,0,0,5,23,1,5,5,4,7,3,1,2,23,0,2,0,0,3,28,0,0
2024,Sudeste,3,São Paulo,SP,35,São Paulo,3550308,1,Metropolitana de São Paulo,15,São Paulo,61,3,2,4,0,0,CENTRO DE ESTUDOS DE ADMINISTRACAO E MARKETING CEAM LTDA,918,4211,Faculdade ESAMC São Paulo - ESAMC,ESAMC,Rua Caiubi,127,-,Perdizes,5010000.0,5,0,0,0,0,0,0,2,1,2,0,0,0,0,0,0,0,1,0,1,1,0,0,1000,15000,26,26,8,18,0,0,7,15,4,7,4,3,9,10,1,5,6,3,3,4,2,2,10,0,3,0,0,13,26,0,0
2024,Sudeste,3,Minas Gerais,MG,31,Pedro Leopoldo,3149309,0,Metropolitana de Belo Horizonte,7,Belo Horizonte,30,3,2,5,0,0,FUNDACAO CULTURAL DR PEDRO LEOPOLDO,450,4218,FACULDADE PEDRO LEOPOLDO,FPL,Avenida Lincoln Diogo Viana,830,-,Doutor Lund,33600000.0,27,0,0,2,4,3,6,2,3,2,1,0,2,2,0,1,0,0,0,1,1,1,0,5000,11000,18,18,5,13,0,0,1,6,11,3,0,3,10,5,0,2,0,1,0,2,2,11,9,1,3,0,0,5,18,0,0
2024,Sudeste,3,Minas Gerais,MG,31,Além Paraíba,3101508,0,Zona da Mata,12,Cataguases,66,3,2,5,0,0,FUNDACAO EDUCACIONAL DE ALEM PARAIBA,401,4219,INSTITUTO SUPERIOR DE EDUCAÇÃO PROFESSORA NAIR FORTES ABU-MERHY,ISEFOR,Rua Isabel Herdy Alves,305,PRÉDIO DO CAP,SAO JOSÉ,36660000.0,4,0,0,0,0,0,0,1,0,1,2,0,0,0,0,0,0,0,1,0,1,0,0,1000,1000,15,15,5,10,0,0,10,2,3,0,0,0,0,15,0,0,4,0,4,1,3,3,13,1,0,0,0,1,15,0,0
2024,Sudeste,3,Minas Gerais,MG,31,Belo Horizonte,3106200,1,Metropolitana de Belo Horizonte,7,Belo Horizonte,30,3,2,4,0,0,ORME SERVICOS EDUCACIONAIS LTDA,3167,4251,FACULDADE ANHANGUERA DE TECNOLOGIA DE BELO HORIZONTE,,Rua dos Guajajaras,591,UNIDADE GUAJAJARAS (SEDE),Centro,30180100.0,31,0,0,1,0,10,11,2,4,1,1,0,1,0,0,0,0,1,1,0,1,1,1,33730,270513,21,21,10,11,0,0,5,4,12,4,0,4,10,7,0,1,3,6,6,4,1,0,15,1,3,0,0,2,21,0,1
2024,Sudeste,3,Minas Gerais,MG,31,Montes Claros,3143302,0,Norte de Minas,2,Montes Claros,7,2,2,4,0,0,SOCIEDADE PADRAO DE EDUCACAO SUPERIOR LTDA,1040,4256,Centro Universitário FIP-MOC,UNIFIPMoc,Avenida Professora Aida Mainartina Paraíso,80,-,Ibituruna,39408007.0,140,0,0,2,3,37,23,31,11,10,8,4,3,6,2,1,0,1,1,1,1,1,1,11583,13394,194,194,106,88,0,0,28,106,60,65,0,65,115,14,3,15,38,52,41,18,15,12,46,5,141,1,0,1,194,0,2
2024,Sudeste,3,Minas Gerais,MG,31,Virginópolis,3171808,0,Vale do Rio Doce,8,Guanhães,35,3,2,4,0,0,EDUCARE SISTEMA EDUCACIONAL DE ENSINO SUPERIOR LTDA,18068,4289,FACULDADE DO VALE ELVIRA DAYRELL - FAVED,FAVED,Rodovia de Ligação da Br 259 À Br 120,s/n,KM 001,Centro,39730000.0,13,0,0,1,0,3,3,3,3,0,0,0,0,0,0,1,0,0,0,0,0,1,0,1700,0,7,7,2,5,0,0,6,1,0,0,0,0,0,7,0,0,3,1,1,1,0,1,3,0,4,0,0,0,7,0,0
2024,Sudeste,3,Minas Gerais,MG,31,Pouso Alegre,3152501,0,Sul/Sudoeste de Minas,10,Pouso Alegre,52,4,1,1,0,0,"INSTITUTO FEDERAL DE EDUCACAO, CIENCIA E TECNOLOGIA DO SUL DE MINAS GERAIS",8622,4358,"INSTITUTO FEDERAL DE EDUCAÇÃO, CIÊNCIA E TECNOLOGIA DO SUL DE MINAS GERAIS",IF SUL DE MINAS,Avenida Vicente Simões,1111,-,Nova Pouso Alegre,37553465.0,663,1,2,0,3,36,30,45,42,114,122,122,99,18,29,1,0,0,0,1,1,1,1,0,16591,526,526,193,333,0,2,21,136,367,515,427,88,3,8,11,46,103,150,82,58,40,36,401,13,77,2,1,32,524,2,1
2024,Sudeste,3,Minas Gerais,MG,31,Betim,3106705,0,Metropolitana de Belo Horizonte,7,Belo Horizonte,30,3,2,4,0,0,ORME SERVICOS EDUCACIONAIS LTDA,3167,4362,FACULDADE ANHANGUERA DE BETIM,,Avenida Presidente Kubitschek,229,-,Centro,32600225.0,23,0,0,0,0,9,4,0,6,2,1,1,0,0,0,0,0,1,1,0,1,1,1,33730,270513,157,157,75,82,0,0,23,62,72,15,0,15,78,64,9,19,28,36,28,13,11,13,109,7,37,2,0,2,157,0,7
2024,Sudeste,3,Rio de Janeiro,RJ,33,Macaé,3302403,0,Norte Fluminense,2,Macaé,4,3,1,3,0,0,MUNICIPIO DE MACAE,17344,4428,FACULDADE PROFESSOR MIGUEL ÂNGELO DA SILVA SANTOS,FEMASS,Rua Aloísio da Silva Gomes,50,-,Granja dos Cavaleiros,27930560.0,16,0,0,0,0,1,0,2,0,10,2,0,0,0,1,1,0,0,0,1,0,1,0,0,0,57,57,29,28,0,0,11,29,17,22,0,22,19,16,0,4,7,9,10,11,6,10,44,3,10,0,0,0,57,0,1
2024,Sudeste,3,São Paulo,SP,35,São Paulo,3550308,1,Metropolitana de São Paulo,15,São Paulo,61,3,2,5,0,0,ASSOCIACAO EDUCACIONAL PASCHOAL DANTAS,2838,4492,FACULDADE PASCHOAL DANTAS,FPD,Avenida Afonso de Sampaio e Sousa,495,-,Parque do Carmo,8270000.0,33,0,0,0,0,2,1,2,1,5,3,8,5,3,3,0,0,0,0,1,1,1,0,10,300,24,24,12,12,0,0,10,9,5,2,1,1,1,21,0,1,3,2,3,6,5,4,15,2,7,0,0,0,24,0,0
2024,Sudeste,3,Rio de Janeiro,RJ,33,Rio de Janeiro,3304557,1,Metropolitana do Rio de Janeiro,6,Rio de Janeiro,18,3,2,5,0,0,FUNDACAO EDUCACIONAL UNIFICADA CAMPOGRANDENSE,150,4502,FACULDADES INTEGRADAS CAMPO-GRANDENSES,FIC,Estrada da Caroba,685,-,Campo Grande,23085590.0,20,1,2,0,0,4,3,5,2,2,1,0,0,0,0,0,0,1,0,0,1,0,0,220,0,17,17,10,7,0,0,3,12,2,0,0,0,7,10,0,0,1,4,4,4,2,2,8,3,4,0,0,2,17,0,0
2024,Sudeste,3,São Paulo,SP,35,Lins,3527108,0,Bauru,4,Lins,19,2,2,5,0,0,MISSAO SALESIANA DE MATO GROSSO,270,4522,CENTRO UNIVERSITÁRIO CATÓLICO SALESIANO AUXILIUM,UNISALESIANO,Rua Dom Bosco,265,-,Centro,16400505.0,216,4,3,17,9,25,30,51,19,32,9,5,5,2,5,0,0,1,1,1,1,1,1,4697,14000,267,267,135,132,0,0,45,132,90,67,6,61,176,24,6,22,35,52,55,35,30,32,188,3,39,10,1,26,267,0,5
2024,Sudeste,3,São Paulo,SP,35,Ribeirão Preto,3543402,0,Ribeirão Preto,2,Ribeirão Preto,14,3,2,5,0,0,REDE GONZAGA DE ENSINO SUPERIOR - REGES,2454,4596,FACULDADE REGES DE RIBEIRÃO PRETO,,Rua Doutor Benjamim Anderson Stauffer,801,-,Jardim Botânico,14021617.0,12,2,0,1,0,4,0,0,0,0,0,2,2,0,1,1,0,1,1,1,1,1,1,30,9500,42,42,12,30,0,0,10,21,11,7,6,1,19,16,0,3,4,8,11,7,6,3,28,0,2,1,0,11,42,0,1
2024,Sudeste,3,São Paulo,SP,35,Votuporanga,3557105,0,São José do Rio Preto,1,Votuporanga,3,3,2,5,0,0,"INSTITUTO DE CIENCIA, EDUCACAO E TECNOLOGIA DE VOTUPORANGA",2078,4597,FACULDADE FUTURA,,Avenida Vale do Sol,4876,-,Vale do Sol,15500269.0,12,0,0,1,0,0,2,1,1,4,0,1,2,0,0,0,0,1,1,0,1,1,0,119,16954,48,48,28,20,0,0,0,14,34,15,0,15,33,0,2,5,11,9,15,1,3,2,31,1,12,0,0,4,48,0,0
2024,Sudeste,3,São Paulo,SP,35,São José dos Campos,3549904,0,Vale do Paraíba Paulista,13,São José dos Campos,50,3,2,4,0,0,ANHANGUERA EDUCACIONAL PARTICIPACOES S/A,16452,4652,FACULDADE ANHANGÜERA DE SÃO JOSÉ,,Avenida Dr. João Batista de Souza Soares,4.121,Unidade SEDE,Cidade Morumbi,12236660.0,33,0,0,0,0,15,2,0,7,5,1,1,1,1,0,0,0,1,1,0,1,1,1,33730,270513,173,173,99,74,0,0,38,63,72,33,0,33,99,41,8,27,29,35,33,17,11,13,137,6,24,4,0,2,172,1,3
2024,Sudeste,3,São Paulo,SP,35,Sorocaba,3552205,0,Macro Metropolitana Paulista,12,Sorocaba,46,3,2,4,0,0,ANHANGUERA EDUCACIONAL PARTICIPACOES S/A,16452,4655,FACULDADE ANHANGÜERA DE SOROCABA,FSO,Avenida Doutor Armando Pannunzio,1478,CAMPUS  - SOROCABA - ITANGUÁ,Jardim Vera Cruz,18050000.0,34,0,0,0,0,14,5,4,3,3,2,2,1,0,0,0,0,1,1,0,1,1,1,33730,270513,151,151,79,72,0,0,33,51,67,39,0,39,84,28,6,22,24,37,29,15,7,11,125,2,19,3,0,2,150,1,7
2024,Sudeste,3,São Paulo,SP,35,Piracicaba,3538709,0,Piracicaba,6,Piracicaba,28,3,2,4,0,0,ANHANGUERA EDUCACIONAL PARTICIPACOES S/A,16452,4656,FACULDADE ANHANGÜERA DE PIRACICABA,,Rua Santa Catarina,1.005,-,Piracicamirim,13425075.0,28,0,0,0,0,7,7,1,6,4,1,1,0,1,0,0,0,1,1,0,1,1,1,33730,270513,169,169,85,84,0,0,55,48,66,16,0,16,64,89,6,25,33,41,22,17,7,18,141,5,19,2,0,2,169,0,6
2024,Sudeste,3,Minas Gerais,MG,31,Juiz de Fora,3136702,0,Zona da Mata,12,Juiz de Fora,65,3,2,4,0,0,INSTITUTO VIANNA JUNIOR LTDA EM RECUPERACAO JUDICIAL,228,4722,FACULDADES INTEGRADAS VIANNA JÚNIOR,FIVJ,Avenida dos Andradas,415,-,Centro,36036000.0,36,0,0,0,0,8,3,6,6,7,2,1,1,2,0,1,0,1,0,1,1,1,1,0,15000,48,48,18,30,0,0,14,28,6,2,1,1,5,41,0,1,7,9,9,10,7,5,41,1,6,0,0,0,48,0,0
2024,Sudeste,3,São Paulo,SP,35,Cruzeiro,3513405,0,Vale do Paraíba Paulista,13,Guaratinguetá,51,3,2,5,0,0,INSTITUTO NOSSA SENHORA APARECIDA - INSA,16651,4724,FACULDADE DE CIÊNCIAS HUMANAS DO ESTADO DE SÃO PAULO,FACIC,Rua dos Andradas,1039,-,Vila Brasil,12703030.0,26,0,0,2,0,4,4,8,4,2,0,1,1,0,0,0,0,1,0,0,0,0,0,10000,10340,34,34,18,16,0,0,0,21,13,13,1,12,21,0,1,4,4,6,8,4,3,4,20,2,3,0,0,9,34,0,0
2024,Sudeste,3,São Paulo,SP,35,São Paulo,3550308,1,Metropolitana de São Paulo,15,São Paulo,61,3,2,5,0,0,FUNDACAO MOKITI OKADA,3021,4731,FACULDADE MESSIANICA,,Rua Humberto I,612,-,Vila Mariana,4015050.0,5,0,0,0,0,0,0,0,0,1,1,1,0,1,1,0,0,0,0,1,1,0,1,41,0,11,11,6,5,0,1,2,3,5,5,0,5,5,1,0,0,0,0,2,1,2,6,10,0,1,0,0,0,11,0,0
2024,Sudeste,3,Minas Gerais,MG,31,Contagem,3118601,0,Metropolitana de Belo Horizonte,7,Belo Horizonte,30,2,2,4,0,0,BRASIL EDUCACAO S/A,3052,4766,Centro Universitário UNA de Contagem,,Avenida Maria da Glória Rocha,175,-,Bitácula ou 40 Alqueires,32010375.0,63,0,1,1,1,22,18,6,4,4,0,3,2,1,0,1,0,1,1,1,1,1,1,18843,34716,92,92,55,37,0,0,6,36,50,22,0,22,20,50,1,14,24,24,17,7,4,1,72,3,17,0,0,0,92,0,0
2024,Sudeste,3,Minas Gerais,MG,31,Belo Horizonte,3106200,1,Metropolitana de Belo Horizonte,7,Belo Horizonte,30,3,2,4,0,0,SOCIEDADE EDUCACIONAL DE MINAS GERAIS LTDA,17160,4777,FACULDADE KENNEDY DE BELO HORIZONTE,FKBH,Rua Sarzedo,31,UNIDADE PRADO,Prado,30411034.0,49,4,3,2,3,8,5,9,6,4,2,2,0,0,1,0,0,0,1,1,1,1,1,108120,15200,32,32,14,18,0,0,1,14,17,15,0,15,15,2,0,4,7,6,8,4,1,2,21,1,3,1,0,6,32,0,0
2024,Sudeste,3,Minas Gerais,MG,31,Unaí,3170404,0,Noroeste de Minas,1,Unaí,1,3,2,4,0,0,ERA EDUCACIONAL LTDA,18546,4780,FACULDADE DE CIÊNCIAS DA SAÚDE DE UNAÍ,FACISA,Avenida Governador Valadares - 371/1469 - ímpar,1441,-,Centro,38610016.0,84,2,0,0,0,6,1,5,0,31,10,10,12,4,3,0,0,0,1,0,1,1,1,0,16720,20,20,11,9,0,0,6,10,4,1,0,1,9,10,0,2,6,3,6,1,2,0,7,0,5,0,0,8,20,0,0
2024,Sudeste,3,São Paulo,SP,35,Taubaté,3554102,0,Vale do Paraíba Paulista,13,São José dos Campos,50,3,2,5,0,0,SERVICO NACIONAL DE APRENDIZAGEM INDUSTRIAL,796,4814,FACULDADE DE TECNOLOGIA SENAI FELIX GUISARD,,Avenida Independência,846,-,Independência,12031001.0,23,0,0,0,0,3,1,6,2,5,5,0,1,0,0,0,0,0,1,1,1,1,1,194,16939,8,8,0,8,0,0,3,5,0,0,0,0,0,8,0,0,3,1,1,1,2,0,8,0,0,0,0,0,8,0,0
2024,Sudeste,3,São Paulo,SP,35,Osasco,3534401,0,Metropolitana de São Paulo,15,Osasco,57,3,2,5,0,0,SERVICO NACIONAL DE APRENDIZAGEM INDUSTRIAL,796,4815,FACULDADE DE TECNOLOGIA SENAI NADIR DIAS DE FIGUEIREDO,,Rua Ari Barroso,305,-,Presidente Altino,6216901.0,9,0,0,0,0,0,0,4,3,0,1,0,0,1,0,0,0,1,1,1,1,1,1,3673,34071,4,4,0,4,0,0,0,2,2,1,0,1,0,3,0,0,1,0,0,0,0,3,4,0,0,0,0,0,4,0,0
2024,Sudeste,3,São Paulo,SP,35,São Carlos,3548906,0,Araraquara,5,São Carlos,25,3,2,5,0,0,SERVICO NACIONAL DE APRENDIZAGEM INDUSTRIAL,796,4820,FACULDADE DE TECNOLOGIA SENAI ANTÔNIO ADOLPHO LOBBE,,Rua Cândido Padim,25,-,Vila Prado,13574320.0,6,0,0,0,0,0,0,2,0,1,2,1,0,0,0,0,0,1,1,1,1,1,0,26,16939,9,9,2,7,0,0,3,2,4,0,0,0,9,0,0,1,1,1,1,5,0,0,9,0,0,0,0,0,9,0,0
2024,Sudeste,3,Minas Gerais,MG,31,Montes Claros,3143302,0,Norte de Minas,2,Montes Claros,7,3,2,4,0,0,FACULDADE MONTES CLAROS LTDA,2314,4821,FACULDADE PROMINAS DE MONTES CLAROS,PROMINAS,Rua Lírio Brant,511,-,Melo,39401063.0,8,0,0,0,0,1,1,3,0,0,2,1,0,0,0,0,0,1,1,1,1,0,1,106,28418,11,11,10,1,1,0,6,2,2,8,0,8,3,0,1,2,0,2,1,4,1,0,6,0,3,0,0,2,11,0,0
2024,Sudeste,3,São Paulo,SP,35,Campinas,3509502,0,Campinas,7,Campinas,32,3,2,4,0,0,ANHANGUERA EDUCACIONAL PARTICIPACOES S/A,16452,4826,FACULDADE ANHANGÜERA DE CAMPINAS,,Rua Emília Stefanelli Ceregatti,s/n,Faculdade Anhanguera de Campinas - Unidade IV (SEDE),Jardim Morumbi,13052100.0,78,0,0,0,0,37,11,4,13,5,3,5,0,0,0,0,0,1,1,0,1,1,1,33730,270513,244,244,130,114,0,0,73,87,84,46,0,46,134,64,15,40,47,50,33,23,23,13,196,10,33,3,0,2,244,0,7
2024,Sudeste,3,São Paulo,SP,35,São Paulo,3550308,1,Metropolitana de São Paulo,15,São Paulo,61,3,2,5,0,0,ASSOCIACAO DE ARTE E ENSINO SUPERIOR,3080,4829,ESCOLA SUPERIOR DE ARTES CÉLIA HELENA,,Avenida São Gabriel,462,-,Itaim Bibi,1435000.0,36,1,0,2,1,12,6,11,1,2,0,0,0,0,0,1,0,0,1,1,1,0,1,85,32,20,20,13,7,0,0,1,8,11,11,0,11,9,0,0,0,2,3,4,2,4,5,16,1,2,0,0,1,19,1,0
2024,Sudeste,3,Minas Gerais,MG,31,Matipó,3140902,0,Zona da Mata,12,Manhuaçu,61,2,2,4,0,0,SOEGAR-SOCIEDADE EDUCACIONAL GARDINGO LTDA - EPP,3092,4846,Centro Universitário Vértice,UNIVÉRTIX,Rua Bernardo Torres,180,-,Retiro,35367000.0,94,3,1,3,3,26,18,19,2,8,1,4,2,3,1,1,0,0,1,0,1,1,1,752,13000,139,139,61,78,0,0,55,53,31,52,25,27,87,0,9,21,28,32,17,16,8,8,85,1,47,0,0,6,138,1,0
2024,Sudeste,3,Minas Gerais,MG,31,Poços de Caldas,3151800,0,Sul/Sudoeste de Minas,10,Poços de Caldas,51,3,2,4,0,0,ORME SERVICOS EDUCACIONAIS LTDA,3167,4863,FACULDADE ANHANGUERA DE POÇOS DE CALDAS,,Avenida João Pinheiro,1.046,-,Jardim do Ginásio,37701386.0,17,0,0,0,0,9,3,0,3,0,1,1,0,0,0,0,0,1,1,0,1,1,1,33730,270513,105,105,63,42,0,0,23,35,47,11,0,11,66,28,4,10,21,25,20,10,6,9,83,4,15,1,0,2,105,0,2
2024,Sudeste,3,Espírito Santo,ES,32,Guarapari,3202405,0,Central Espírito-santense,3,Guarapari,10,3,2,4,0,0,EDITORA E DISTRIBUIDORA EDUCACIONAL S/A,14514,4867,FACULDADE ANHANGUERA DE GUARAPARI,,Rodovia Jones dos Santos neves,1.000,-,Lagoa Funda,29214005.0,23,0,0,0,0,11,4,4,1,3,0,0,0,0,0,0,0,1,1,0,1,1,1,33730,270513,53,53,27,26,0,0,11,4,38,5,0,5,38,10,3,6,9,14,7,3,4,7,33,5,12,1,0,2,53,0,1
2024,Sudeste,3,São Paulo,SP,35,Itapecerica da Serra,3522208,0,Metropolitana de São Paulo,15,Itapecerica da Serra,60,3,2,4,0,0,ANHANGUERA EDUCACIONAL PARTICIPACOES S/A,16452,4878,FACULDADE ANHANGUERA DE ITAPECERICA DA SERRA,,Avenida XV de Novembro,1586,-,Centro,6850100.0,14,0,0,0,0,6,0,4,1,0,3,0,0,0,0,0,0,1,1,0,1,1,1,33730,270513,73,73,34,39,0,0,19,17,37,8,0,8,48,17,1,6,12,19,14,7,5,9,48,3,19,1,0,2,73,0,3
2024,Sudeste,3,São Paulo,SP,35,Conchas,3512308,0,Bauru,4,Botucatu,23,3,2,4,0,0,FACONNECT LTDA,16155,4889,FACULDADE CONECTADA FACONNECT,FACONNECT,Rua Minas Gerais,730,Faculdade Conectada Faconnect,Centro,18570000.0,6,0,0,0,0,0,0,1,2,3,0,0,0,0,0,0,0,1,1,1,1,0,0,15902,15902,12,12,8,4,0,0,3,6,3,1,0,1,11,0,0,2,2,1,3,3,1,0,7,1,4,0,0,0,12,0,0
2024,Sudeste,3,Minas Gerais,MG,31,Uberlândia,3170206,0,Triângulo Mineiro/Alto Paranaíba,5,Uberlândia,18,3,2,4,0,0,INSTITUTO EDUCACIONAL MARIA RANULFA LTDA - EPP,3130,4910,FACULDADE DO TRABALHO,FATRA,Avenida Paes Leme,485,FATRA - Polo EAD,Osvaldo Rezende,38400124.0,64,0,0,2,1,6,2,12,11,8,6,6,5,3,2,1,0,1,1,1,1,0,1,280,9650,27,27,21,6,0,0,9,7,11,1,0,1,25,1,0,10,5,5,3,1,2,1,20,0,7,0,0,0,26,1,0
2024,Sudeste,3,São Paulo,SP,35,Santo André,3547809,0,Metropolitana de São Paulo,15,São Paulo,61,1,1,1,0,0,FUNDACAO UNIVERSIDADE FEDERAL DO ABC - UFABC,12529,4925,FUNDAÇÃO UNIVERSIDADE FEDERAL DO ABC,UFABC,Avenida dos Estados,5001,-,Bangú,9280560.0,754,0,0,0,0,8,25,64,90,169,170,74,103,28,23,1,0,1,1,0,1,1,1,7537,391639,796,796,267,529,0,0,0,0,796,796,796,0,0,0,1,18,68,180,193,146,89,101,638,27,83,46,2,0,721,75,7
2024,Sudeste,3,São Paulo,SP,35,Praia Grande,3541000,0,Metropolitana de São Paulo,15,Santos,63,3,1,2,0,0,CENTRO ESTADUAL DE EDUCACAO TECNOLOGICA PAULA SOUZA,33,4926,FACULDADE DE TECNOLOGIA DE PRAIA GRANDE,FATECPG,Praça 19 de Janeiro,144,-,Boqueirão,11700100.0,21,0,0,0,0,2,6,7,4,0,2,0,0,0,0,0,0,0,1,0,1,0,1,0,0,120,120,41,79,0,1,31,58,30,9,0,9,72,39,1,6,18,6,23,15,20,31,88,5,17,0,0,10,120,0,1
2024,Sudeste,3,São Paulo,SP,35,Santos,3548500,0,Metropolitana de São Paulo,15,Santos,63,3,2,5,0,0,CENTRO DE ENSINO SUPERIOR STRONG,1139,4943,STRONG BUSINESS SCHOOL BS,,Avenida Conselheiro Nébias,175,Santos,Paquetá,11015001.0,31,0,0,0,1,2,9,2,1,1,3,1,5,2,4,0,0,1,1,1,1,1,1,2,23086,22,22,3,19,0,0,2,9,11,2,2,0,13,7,0,0,0,2,2,7,4,7,20,1,1,0,0,0,22,0,0
2024,Sudeste,3,Minas Gerais,MG,31,Sete Lagoas,3167202,0,Metropolitana de Belo Horizonte,7,Sete Lagoas,27,2,2,5,0,0,FUNDACAO EDUCACIONAL MONSENHOR MESSIAS,84,4962,CENTRO UNIVERSITÁRIO DE SETE LAGOAS,UNIFEMM,Avenida Marechal Castelo Branco,2.765,Campus Universitário,Santo Antônio,35701242.0,101,0,0,0,0,15,11,23,9,5,8,11,7,6,6,1,0,1,1,1,1,1,1,841,17044,190,190,92,98,0,3,45,86,56,35,0,35,32,123,12,30,28,36,34,29,12,9,93,2,63,0,0,32,190,0,0
2024,Sudeste,3,São Paulo,SP,35,São José dos Campos,3549904,0,Vale do Paraíba Paulista,13,São José dos Campos,50,3,2,4,0,0,SIBRA - SISTEMA IBRA DE ENSINO LTDA,18157,4983,FACULDADE IBRA DE TECNOLOGIA,FACULDADE FITEC,Rua Dolzani Ricardo,317,-,Centro,12210110.0,9,0,0,0,1,0,0,1,1,3,2,1,0,0,0,1,0,1,1,1,1,1,1,45,10000,12,12,2,10,0,0,7,5,0,7,0,7,5,0,3,4,2,1,1,0,1,0,2,0,8,0,0,2,12,0,1
2024,Sudeste,3,São Paulo,SP,35,São Paulo,3550308,1,Metropolitana de São Paulo,15,São Paulo,61,3,2,4,0,0,UNIMUNDI EDUCACIONAL S.A,18549,4995,Faculdade Educamais,EDUCA+,Rua Conde do Pinhal,80,SEDE CONDE DO PINHAL,Centro,1501060.0,48,0,0,0,0,19,7,11,8,2,1,0,0,0,0,0,0,1,1,1,1,1,1,280,14000,10,10,2,8,0,0,0,8,2,4,0,4,6,0,0,0,1,2,1,0,1,5,8,0,2,0,0,0,10,0,0
2024,Sudeste,3,Rio de Janeiro,RJ,33,Rio de Janeiro,3304557,1,Metropolitana do Rio de Janeiro,6,Rio de Janeiro,18,3,1,2,0,0,FUNDACAO DE APOIO A ESCOLA TECNICA DO EST.RIO DE JANEIRO,904,5016,FACULDADE DE EDUCAÇÃO TECNOLÓGICA DO ESTADO DO RIO DE JANEIRO FERNANDO MOTA,FAETERJ-Rio,Rua Clarimundo de Melo,847,-,Quintino Bocaiuva,,10,0,0,1,0,2,2,0,0,2,1,1,0,1,0,0,0,1,0,0,0,0,0,0,17049,20,20,5,15,0,0,3,8,9,18,0,18,2,0,0,0,1,0,6,5,2,6,12,1,7,0,0,0,20,0,0
2024,Sudeste,3,Rio de Janeiro,RJ,33,Petrópolis,3303906,0,Metropolitana do Rio de Janeiro,6,Serrana,15,3,1,2,0,0,FUNDACAO DE APOIO A ESCOLA TECNICA DO EST.RIO DE JANEIRO,904,5017,FACULDADE DE EDUCAÇÃO TECNOLÓGICA DO ESTADO DO RIO DE JANEIRO - FAETERJ,FAETERJ PETRÓPOLIS,Avenida Presidente Getulio Vargas,335,-,Quitandinha,25651070.0,11,0,0,0,0,0,1,2,2,5,1,0,0,0,0,1,0,1,1,0,0,0,1,100,100,15,15,1,14,0,0,1,8,6,9,0,9,6,0,0,0,1,0,2,6,2,4,15,0,0,0,0,0,15,0,0
2024,Sudeste,3,Rio de Janeiro,RJ,33,Campos dos Goytacazes,3301009,0,Norte Fluminense,2,Campos dos Goytacazes,3,3,1,2,0,0,FUNDACAO DE APOIO A ESCOLA TECNICA DO EST.RIO DE JANEIRO,904,5018,INSTITUTO SUPERIOR DE EDUCAÇÃO PROFESSOR ALDO MUYLAERT,ISEPAM,Avenida Alair Ferreira,37,Até 410 - lado par,Turf Club,,33,0,0,0,0,1,2,2,2,13,2,6,3,2,0,0,0,0,1,1,1,0,0,0,0,34,34,16,18,0,0,10,13,11,29,0,29,5,0,0,1,5,7,6,5,5,5,22,1,11,0,0,0,34,0,0
2024,Sudeste,3,Rio de Janeiro,RJ,33,Santo Antônio de Pádua,3304706,0,Noroeste Fluminense,1,Santo Antônio de Pádua,2,3,1,2,0,0,FUNDACAO DE APOIO A ESCOLA TECNICA DO EST.RIO DE JANEIRO,904,5020,FACULDADE DE EDUCAÇÃO TECNOLÓGICA DO ESTADO DO RIO DE JANEIRO - FAETERJ,FAETERJ S ANT. PÁDUA,Travessa João Jabisk,18,-,Aeroporto,28470000.0,4,0,0,0,0,1,1,0,0,1,0,1,0,0,0,0,0,0,0,0,1,0,0,0,0,11,11,8,3,0,0,2,4,5,6,0,6,5,0,0,0,1,2,2,3,1,2,9,1,1,0,0,0,11,0,0
2024,Sudeste,3,Rio de Janeiro,RJ,33,Itaperuna,3302205,0,Noroeste Fluminense,1,Itaperuna,1,3,1,2,0,0,FUNDACAO DE APOIO A ESCOLA TECNICA DO EST.RIO DE JANEIRO,904,5021,FACULDADE DE EDUCAÇÃO TECNOLÓGICA DO ESTADO DO RIO DE JANEIRO - FAETERJ,FAETERJ ITAPERUNA,Rua Aloísio Dias Moreira,320,-,Presidente Costa e Silva,28300000.0,11,0,0,4,3,0,2,0,0,1,0,1,0,0,0,0,0,0,0,0,1,1,1,0,0,6,6,4,2,0,0,1,2,3,6,1,5,0,0,0,1,0,2,1,2,0,0,5,0,0,0,0,1,6,0,0
2024,Sudeste,3,São Paulo,SP,35,Lupércio,3527801,0,Marília,9,Marília,38,3,2,4,0,0,UNIPAULISTA EDUCACIONAL LTDA,17481,5045,FACULDADE DE TECNOLOGIA PAULISTA,,Avenida Santo Inácio,1.089,-,Jardim Floresta,17420000.0,10,0,0,0,0,0,0,2,0,4,0,4,0,0,0,0,0,1,1,1,1,1,1,1642,1642,4,4,2,2,0,0,2,2,0,0,0,0,1,3,0,2,0,0,1,0,1,0,3,0,1,0,0,0,4,0,0
2024,Sudeste,3,São Paulo,SP,35,São Paulo,3550308,1,Metropolitana de São Paulo,15,São Paulo,61,3,2,5,0,1,FUNDACAO EDUARDO CARLOS PEREIRA,3223,5048,FACULDADE DE TEOLOGIA DE SÃO PAULO DA IGREJA PRESBITERIANA INDEPENDENTE DO BRASIL,,Rua Genebra,180,6º andar,Bela Vista,1316010.0,6,0,0,0,0,0,1,5,0,0,0,0,0,0,0,0,0,0,0,1,1,0,1,19,22113,20,20,4,16,0,0,5,8,7,7,0,7,6,7,1,0,0,2,3,4,5,5,18,0,2,0,0,0,20,0,0
2024,Sudeste,3,Rio de Janeiro,RJ,33,Bom Jesus do Itabapoana,3300605,0,Noroeste Fluminense,1,Itaperuna,1,3,1,2,0,0,FUNDACAO DE APOIO A ESCOLA TECNICA DO EST.RIO DE JANEIRO,904,5051,FACULDADE DE EDUCAÇÃO TECNOLÓGICA DO ESTADO DO RIO DE JANEIRO - FAETERJ,FAETERJ BJ ITABAPOAN,Rua Aristides Figueiredo,147,-,Centro,28360000.0,18,0,1,0,0,8,5,2,0,1,0,0,1,0,0,0,0,1,0,0,0,0,0,0,15000,8,8,5,3,0,0,3,5,0,5,0,5,3,0,0,0,0,2,2,1,1,2,4,3,1,0,0,0,8,0,0
2024,Sudeste,3,Rio de Janeiro,RJ,33,Três Rios,3306008,0,Centro Fluminense,3,Três Rios,5,3,1,2,0,0,FUNDACAO DE APOIO A ESCOLA TECNICA DO EST.RIO DE JANEIRO,904,5052,FACULDADE DE EDUCAÇÃO TECNOLÓGICA DO ESTADO DO RIO DE JANEIRO - FAETERJ,FAETERJ TRÊS RIOS,Av. Tenente Enéas Torno,70,-,Nova Niterói,25802330.0,7,0,0,0,0,2,0,2,0,2,0,1,0,0,0,0,0,0,0,0,1,1,0,0,200,18,18,12,6,0,0,0,9,9,18,0,18,0,0,0,3,4,2,1,3,2,3,16,0,2,0,0,0,18,0,0
2024,Sudeste,3,Rio de Janeiro,RJ,33,Paracambi,3303609,0,Metropolitana do Rio de Janeiro,6,Vassouras,14,3,1,2,0,0,FUNDACAO DE APOIO A ESCOLA TECNICA DO EST.RIO DE JANEIRO,904,5053,FACULDADE DE EDUCAÇÃO TECNOLÓGICA DO ESTADO DO RIO DE JANEIRO,FAETERJ PARACAMBI,Rua Sebastião de Lacerda,s/n,Antiga Fábrica Brasil Industrial,Bairro da Fábrica,26600000.0,4,0,0,0,0,2,0,1,1,0,0,0,0,0,0,0,0,0,1,0,0,0,1,0,0,25,25,9,16,0,0,2,8,15,24,0,24,1,0,0,0,2,5,4,7,4,3,16,0,7,0,0,2,24,1,1
2024,Sudeste,3,São Paulo,SP,35,São Bernardo do Campo,3548708,0,Metropolitana de São Paulo,15,São Paulo,61,3,1,2,0,0,CENTRO ESTADUAL DE EDUCACAO TECNOLOGICA PAULA SOUZA,33,5099,FACULDADE DE TECNOLOGIA DE SÃO BERNARDO DO CAMPO,FATEC-SB,Avenida Pereira Barreto,400,BL. 06,Vila Baeta Neves,9751000.0,14,0,0,0,0,0,0,7,7,0,0,0,0,0,0,0,0,0,1,1,1,0,1,0,0,78,78,16,62,0,0,10,48,20,0,0,0,0,78,1,2,5,7,12,10,13,28,58,1,12,2,0,5,77,1,0
2024,Sudeste,3,Rio de Janeiro,RJ,33,Rio de Janeiro,3304557,1,Metropolitana do Rio de Janeiro,6,Rio de Janeiro,18,2,2,4,0,0,INSTITUTO DE GESTAO EDUCACIONAL SIGNORELLI LTDA.,3266,5105,Centro Universitário Internacional Signorelli,UNISIGNORELLI,Rua Araguaia,03,-,Freguesia de Jacarepaguá,22745270.0,104,0,0,0,0,11,13,16,22,10,9,9,9,4,1,0,0,1,1,1,1,1,0,102,1611,25,25,12,13,0,0,9,12,4,5,2,3,6,14,0,2,2,5,2,6,3,5,13,2,6,0,0,4,25,0,0
2024,Sudeste,3,São Paulo,SP,35,Catanduva,3511102,0,São José do Rio Preto,1,Catanduva,5,2,2,5,0,0,FUNDACAO PADRE ALBINO,344,5215,CENTRO UNIVERSITÁRIO PADRE ALBINO,,Rua dos Estudantes,225,-,Parque Iracema,15809144.0,104,3,0,8,3,27,11,25,7,16,2,0,0,1,1,1,0,1,1,1,1,1,1,57,20271,196,196,84,112,0,0,77,55,64,49,0,49,147,0,3,16,34,27,26,27,27,36,186,0,7,2,0,1,195,1,7
2024,Sudeste,3,Minas Gerais,MG,31,Carangola,3113305,0,Zona da Mata,12,Muriaé,63,3,2,5,0,0,INSTITUTO ENSINAR BRASIL,218,5276,Faculdade Doctum de Carangola,DOCTUM,Rua Thomas Gonzaga,95,Faculdade Doctum,Santa Emilia,36800000.0,10,1,0,1,1,3,0,0,1,1,2,0,0,0,0,0,0,1,1,1,1,1,0,72,14900,19,19,5,14,0,0,3,8,8,0,0,0,19,0,1,3,2,5,3,3,0,2,13,2,2,1,0,1,19,0,0
2024,Sudeste,3,São Paulo,SP,35,Ribeirão Preto,3543402,0,Ribeirão Preto,2,Ribeirão Preto,14,3,2,4,0,0,ANHANGUERA EDUCACIONAL PARTICIPACOES S/A,16452,5288,FACULDADE ANHANGÜERA DE RIBEIRÃO PRETO,,Avenida Eduardo Andréa Matarazzo,891,-,Via Norte,14080730.0,17,0,0,0,0,5,3,3,3,2,1,0,0,0,0,0,0,1,1,0,1,1,1,33730,270513,99,99,49,50,0,0,18,30,51,5,0,5,61,33,2,10,20,23,18,8,7,11,81,1,13,2,0,2,99,0,5
2024,Sudeste,3,São Paulo,SP,35,Atibaia,3504107,0,Macro Metropolitana Paulista,12,Bragança Paulista,48,2,2,4,0,0,INSTITUICAO EDUCACIONAL ATIBAIENSE LIMITADA,91,5312,Centro Universitário UNIFAAT,UNIFAAT,Estrada Municipal Juca Sanches,1050,- de 633/634 ao fim,Jardim Brogotá,12954070.0,96,0,0,2,1,20,8,18,15,17,11,0,3,0,1,0,0,1,1,0,1,0,1,22,18786,99,99,44,55,0,0,27,47,25,27,26,1,19,53,4,5,13,12,17,13,14,21,88,2,6,3,0,0,99,0,0
2024,Sudeste,3,Minas Gerais,MG,31,Cataguases,3115300,0,Zona da Mata,12,Cataguases,66,3,2,5,0,0,INSTITUTO ENSINAR BRASIL,218,5313,Faculdades Unificadas de Cataguases,FUC,Avenida Coronel Antônio Augusto de Souza,442,-,Vila Tereza,36772000.0,6,0,0,0,0,1,0,2,2,1,0,0,0,0,0,0,0,1,1,1,1,1,0,72,14900,8,8,2,6,0,0,2,4,2,0,0,0,8,0,0,3,0,1,0,1,1,2,4,0,3,0,0,1,8,0,0
2024,Sudeste,3,Espírito Santo,ES,32,Guarapari,3202405,0,Central Espírito-santense,3,Guarapari,10,3,2,5,0,0,INSTITUTO ENSINAR BRASIL,218,5314,Faculdades Doctum de Guarapari,DOCTUM,Rodovia Jones dos Santos Neves,3535,-,Muquiçaba,29215002.0,66,2,0,1,0,5,5,34,6,11,2,0,0,0,0,0,0,1,1,1,1,1,0,93,14900,23,23,3,20,0,0,3,11,9,0,0,0,23,0,0,4,3,5,5,2,3,1,15,1,3,0,1,3,23,0,0
2024,Sudeste,3,Minas Gerais,MG,31,Leopoldina,3138401,0,Zona da Mata,12,Cataguases,66,3,2,5,0,0,INSTITUTO ENSINAR BRASIL,218,5316,Faculdades Unificadas de Leopoldina,FUL,Avenida Getúlio Vargas,635,-,Centro,36700216.0,21,1,1,0,0,3,1,5,4,3,0,1,1,0,1,0,0,1,1,1,1,1,0,176,14900,24,24,5,19,0,0,2,13,9,0,0,0,24,0,0,3,2,6,8,2,1,2,15,1,4,0,0,4,24,0,0
2024,Sudeste,3,Minas Gerais,MG,31,Ouro Fino,3146008,0,Sul/Sudoeste de Minas,10,Poços de Caldas,51,3,2,4,0,0,"UNISEPE UNIAO DAS INSTITUICOES DE SERVICO, ENSINO E PESQUISA LTDA",715,5369,FACULDADES INTEGRADAS ASMEC,ASMEC,Avenida Prof. Dr. Antônio Eufrásio de Toledo,100,-,Jardim dos Ipês,37570000.0,7,0,0,0,0,2,0,4,1,0,0,0,0,0,0,0,0,1,1,1,1,0,1,5,5017,15,15,7,8,0,0,6,8,1,3,0,3,4,8,0,2,2,3,3,4,1,0,15,0,0,0,0,0,15,0,0
2024,Sudeste,3,Minas Gerais,MG,31,Teófilo Otoni,3168606,0,Vale do Mucuri,4,Teófilo Otoni,15,2,2,5,0,0,INSTITUTO ENSINAR BRASIL,218,5370,Centro Universitário Doctum de Teófilo Otoni,UNIDOCTUM,Rua Gustavo Leonardo,1.127,-,São Jacinto,39801260.0,83,0,1,3,1,19,7,25,17,4,3,3,0,0,0,0,0,1,1,1,1,1,0,779,14900,144,144,68,76,0,0,34,82,28,0,0,0,144,0,6,21,27,28,25,14,11,12,66,8,28,0,0,42,144,0,0
2024,Sudeste,3,São Paulo,SP,35,São Paulo,3550308,1,Metropolitana de São Paulo,15,São Paulo,61,3,2,5,0,0,"UNIAO EDUCACIONAL, CULTURAL E TECNOLOGICA IMPACTA - UNI.IMPACTA",1765,5387,FACULDADE IMPACTA,IMPACTA,Rua Cubatão,726,CAMPUS - PARAISO,Vila Mariana,4013000.0,72,0,0,1,1,13,12,15,11,9,5,0,4,1,0,0,0,0,0,0,1,0,1,0,11787,88,88,11,77,0,0,33,33,22,19,4,15,18,51,7,7,21,12,14,13,4,10,22,4,12,2,0,48,86,2,0
2024,Sudeste,3,Minas Gerais,MG,31,Teófilo Otoni,3168606,0,Vale do Mucuri,4,Teófilo Otoni,15,3,2,5,0,0,FUNDACAO EDUCACIONAL NORDESTE MINEIRO,92,5394,INSTITUTO DE ENSINO SUPERIOR INTEGRADO-IESI,FENORD,Rua Teodolindo Pereira,111,Ed. Campus,Grão Pará,39800151.0,28,0,0,1,8,4,4,7,4,0,0,0,0,0,0,0,0,1,1,1,1,1,1,102,0,21,21,10,11,0,0,4,16,1,2,2,0,15,4,1,4,2,2,6,1,2,3,11,0,9,0,0,1,21,0,1
2024,Sudeste,3,São Paulo,SP,35,Bauru,3506003,0,Bauru,4,Bauru,20,3,2,4,0,0,ANHANGUERA EDUCACIONAL PARTICIPACOES S/A,16452,5451,FACULDADE ANHANGÜERA DE BAURU,,Avenida Duque de Caxias,2-43,Anhanguera Bauru,Vila Mesquita,17014340.0,44,0,0,0,0,1,0,15,28,0,0,0,0,0,0,0,0,1,1,0,1,1,1,33730,270513,58,58,34,24,0,0,10,13,35,5,0,5,31,22,0,8,11,13,10,5,5,6,46,2,8,0,0,2,58,0,0
2024,Sudeste,3,São Paulo,SP,35,Jacareí,3524402,0,Vale do Paraíba Paulista,13,São José dos Campos,50,3,2,4,0,0,ANHANGUERA EDUCACIONAL PARTICIPACOES S/A,16452,5555,FACULDADE ANHANGUERA DE JACAREÍ,,Rua Santa Catarina,75,Unidade SEDE,Vila Pinheiro,12307130.0,18,0,0,0,0,4,4,0,1,9,0,0,0,0,0,0,0,1,1,0,1,1,1,33730,270513,100,100,46,54,0,0,31,26,43,10,0,10,52,38,7,8,16,18,18,11,12,10,73,5,18,2,0,2,100,0,1
2024,Sudeste,3,Minas Gerais,MG,31,Montes Claros,3143302,0,Norte de Minas,2,Montes Claros,7,2,2,4,0,0,SNEL - SOCIEDADE NORTE EDUCACIONAL LTDA.,17159,5592,Centro Universitário Funorte,UNIFUNORTE,Avenida Osmane Barbosa,11.111,-,JK,39404006.0,188,4,11,6,18,40,50,30,11,10,2,5,0,1,0,1,0,1,1,1,1,1,1,865,15341,62,62,31,31,0,0,0,29,33,17,0,17,45,0,0,4,11,16,17,7,4,3,27,2,29,0,0,4,62,0,0
2024,Sudeste,3,Minas Gerais,MG,31,São Sebastião do Paraíso,3164704,0,Sul/Sudoeste de Minas,10,São Sebastião do Paraíso,48,3,2,5,0,0,FUNDACAO EDUCACIONAL COMUNITARIA DE S S PARAISO MG,408,5599,LIBERTAS - FACULDADES INTEGRADAS,LIBERTAS,Avenida Wenceslau Bras,1018,Pavimento Térreo e Pavimento Superior,Lagoinha,37950000.0,35,0,0,2,2,5,1,7,4,3,1,4,6,0,0,0,0,0,1,0,1,0,0,0,17027,60,60,26,34,0,0,13,36,11,6,0,6,54,0,2,9,11,13,12,7,4,2,56,0,4,0,0,0,60,0,0
2024,Sudeste,3,São Paulo,SP,35,Presidente Prudente,3541406,0,Presidente Prudente,8,Presidente Prudente,36,3,1,2,0,0,CENTRO ESTADUAL DE EDUCACAO TECNOLOGICA PAULA SOUZA,33,5627,FACULDADE DE TECNOLOGIA DE PRESIDENTE PRUDENTE,FATEC,Rua Teresina,75,-,Vila Paulo Roberto,19046230.0,17,0,0,0,0,0,0,3,5,2,4,2,0,1,0,0,0,0,0,1,1,0,0,0,0,74,74,33,41,0,0,13,32,29,0,0,0,0,74,1,4,14,14,11,10,10,10,64,1,7,2,0,0,74,0,0
2024,Sudeste,3,São Paulo,SP,35,Bragança Paulista,3507605,0,Macro Metropolitana Paulista,12,Bragança Paulista,48,3,1,2,0,0,CENTRO ESTADUAL DE EDUCACAO TECNOLOGICA PAULA SOUZA,33,5633,FACULDADE DE TECNOLOGIA DE BRAGANÇA PAULISTA,,Rua das Indústrias,130,(Distrito Industrial IV),Uberaba,12926674.0,15,0,0,0,0,0,0,2,3,4,5,0,0,0,1,0,0,0,1,1,0,0,1,0,0,78,78,19,59,0,0,22,31,25,0,0,0,0,78,0,2,7,10,16,14,11,18,69,4,4,1,0,0,78,0,2
2024,Sudeste,3,São Paulo,SP,35,São José dos Campos,3549904,0,Vale do Paraíba Paulista,13,São José dos Campos,50,2,2,4,0,0,EXC EDUCACIONAL LTDA,18505,5669,CENTRO UNIVERSITÁRIO ETEP,,Avenida Barão do Rio Branco,882,ETEP Esplanada,Jardim Esplanada,12242800.0,34,0,0,0,0,12,8,5,6,2,1,0,0,0,0,1,0,1,1,1,1,1,0,65,6000,28,28,8,20,0,0,1,15,12,10,0,10,15,3,0,1,5,5,5,2,5,5,20,1,5,2,0,0,28,0,0
2024,Sudeste,3,Rio de Janeiro,RJ,33,Itaperuna,3302205,0,Noroeste Fluminense,1,Itaperuna,1,2,2,5,0,0,FUNDACAO EDUCACIONAL E CULTURAL SAO JOSE,69,5671,CENTRO UNIVERSITÁRIO SÃO JOSÉ DE ITAPERUNA,,Rua Major Porphirio Henriques,41,-,Centro,28300000.0,24,2,1,1,0,5,3,7,5,0,0,0,0,0,0,0,0,1,0,1,1,1,1,658,27478,51,51,25,26,0,0,21,19,11,12,1,11,23,16,4,10,6,12,7,5,6,1,41,3,6,1,0,0,51,0,0
2024,Sudeste,3,São Paulo,SP,35,São Paulo,3550308,1,Metropolitana de São Paulo,15,São Paulo,61,3,2,4,0,0,EDUCARE TECNOLOGIA DA INFORMACAO S.A.,3432,10323,Faculdade São Paulo Tech School,SPTech,Rua Haddock Lobo,595,Unidade II Paulista,Cerqueira César,1414905.0,37,0,0,0,0,1,5,8,6,9,3,1,4,0,0,0,0,1,1,1,1,0,0,88,435,32,32,8,24,0,0,9,20,3,26,0,26,6,0,5,2,4,9,3,3,2,4,28,0,1,2,0,1,32,0,0
2024,Sudeste,3,São Paulo,SP,35,São Paulo,3550308,1,Metropolitana de São Paulo,15,São Paulo,61,3,2,5,0,0,ASSOCIACAO SAO PAULO DE ESTUDOS SUPERIORES,2950,10385,INSTITUTO SÃO PAULO DE ESTUDOS SUPERIORES,ITESP,Rua Doutor Mário Vicente,1108,- de 841/842 a 1197/1198,Vila Dom Pedro I,4270001.0,11,0,0,0,0,3,0,2,2,3,0,0,0,0,1,0,0,0,1,1,1,1,1,30,0,27,27,5,22,0,0,0,5,22,4,4,0,1,22,0,0,0,3,3,2,6,13,21,2,3,1,0,0,22,5,0
2024,Sudeste,3,Espírito Santo,ES,32,São Mateus,3204906,0,Litoral Norte Espírito-santense,2,São Mateus,5,3,2,4,0,0,MULTIVIX SAO MATEUS - ENSINO PESQUISA E EXTENSAO LTDA,3237,10685,Faculdade Multivix São Mateus,MULTIVIX SÃO MATEUS,Rodovia Othovarino Duarte Santos,844,-,Residencial Park Washington,29938015.0,42,0,0,0,0,12,3,11,4,5,3,1,0,2,1,0,0,1,1,0,1,0,0,5000,25000,63,63,39,24,0,0,39,14,10,11,0,11,45,7,12,20,10,10,5,4,1,1,32,4,26,1,0,0,63,0,0
2024,Sudeste,3,Rio de Janeiro,RJ,33,Araruama,3300209,0,Baixadas,4,Lagos,10,3,2,4,0,0,FACULDADE UNIAO ARARUAMA DE ENSINO S/S LTDA. - ME,3272,10836,FACULDADE UNIÃO ARARUAMA DE ENSINO S/S Ltda.,FAC-UNILAGOS,Rua Marechal Castelo Branco,333,-,Rio do Limão,28970000.0,84,7,9,2,7,26,6,9,7,3,4,0,1,0,3,1,0,1,1,0,1,1,0,17832,12102,89,89,49,40,0,0,22,41,26,34,13,21,52,3,7,11,19,14,14,10,8,6,53,3,32,0,0,1,89,0,0
2024,Sudeste,3,São Paulo,SP,35,São Paulo,3550308,1,Metropolitana de São Paulo,15,São Paulo,61,3,2,5,0,0,FUNDACAO ESCOLA NACIONAL DE SEGUROS FUNENSEG,2347,11289,ESCOLA SUPERIOR NACIONAL DE SEGUROS DE SÃO PAULO,ESNS-SP,Avenida Paulista,2.421,1º andar,Cerqueira Cesar,1311300.0,6,0,0,0,0,2,0,1,2,1,0,0,0,0,0,1,0,1,1,1,1,1,1,54,15324,7,7,0,7,0,0,6,0,1,1,1,0,1,5,0,1,0,1,0,1,1,3,1,0,0,0,0,6,7,0,0
2024,Sudeste,3,São Paulo,SP,35,Sumaré,3552403,0,Campinas,7,Campinas,32,3,2,4,0,0,ANHANGUERA EDUCACIONAL PARTICIPACOES S/A,16452,11308,FACULDADE ANHANGUERA DE SUMARÉ,FACSUMARÉ,Avenida Eugênio Biancalana Duarte,501,-,Jardim Primavera,13173050.0,17,0,0,0,0,6,6,0,1,0,2,1,1,0,0,0,0,1,1,0,1,1,1,33730,270513,107,107,62,45,0,0,41,23,43,15,0,15,64,28,5,12,19,27,13,14,8,9,77,5,21,2,0,2,107,0,2
2024,Sudeste,3,Minas Gerais,MG,31,Pirapora,3151206,0,Norte de Minas,2,Pirapora,6,3,2,5,0,0,FUNDACAO EDUCACIONAL ALTO MEDIO SAO FRANCISCO,3521,11428,FACULDADE DE TECNOLOGIA ALTO MÉDIO SÃO FRANCISCO,FAC FUNAM,AV. JEFFERSON GITIRANA,1422,-,Cícero Passos,39270000.0,32,0,0,4,2,5,7,6,3,5,0,0,0,0,0,1,0,1,1,1,1,1,1,865,15341,31,31,17,14,0,0,0,13,18,6,0,6,25,0,1,4,4,7,7,4,2,2,7,2,14,0,0,8,31,0,0
2024,Sudeste,3,Rio de Janeiro,RJ,33,Rio de Janeiro,3304557,1,Metropolitana do Rio de Janeiro,6,Rio de Janeiro,18,3,2,5,0,0,INSTITUTO CAL DE ARTE E CULTURA,13433,11584,FACULDADE CAL DE ARTES CÊNICAS,Faculdade Cal,Rua Santo Amaro,44,-,Glória,22211230.0,32,1,0,1,8,4,7,5,4,1,1,0,0,0,0,0,0,1,1,1,1,0,1,96,918,34,34,17,17,0,0,8,14,12,5,0,5,11,18,0,1,0,4,4,4,5,16,27,1,3,0,0,3,33,1,2
2024,Sudeste,3,São Paulo,SP,35,São Paulo,3550308,1,Metropolitana de São Paulo,15,São Paulo,61,3,2,5,0,0,ISTITUTO EUROPEO DI DESIGN - SAO PAULO (IED-SAO PAULO),3527,11807,Istituto Europeo di Design,IED SP,R. MARANHÃO,617,-,HIGIENÓPOLIS,1240001.0,42,0,0,0,0,4,5,13,13,5,2,0,0,0,0,0,0,1,1,1,1,0,1,14,151536,59,59,35,24,0,0,16,34,9,3,0,3,2,54,0,3,10,19,11,6,8,2,52,2,2,1,0,2,59,0,0
2024,Sudeste,3,Minas Gerais,MG,31,Pouso Alegre,3152501,0,Sul/Sudoeste de Minas,10,Pouso Alegre,52,3,2,4,0,0,ODONTO RAD LTDA,3380,11860,INSTITUTO NACIONAL DE ENSINO SUPERIOR E PÓS-GRADUAÇÃO PADRE GERVÁSIO,INAPÓS,R Rua João Basílio - até 364/365,219,-,Centro,37550121.0,27,0,0,1,0,8,1,10,2,0,0,1,1,2,1,0,0,1,1,1,1,1,1,6080,3760,59,59,30,29,0,0,12,10,37,6,1,5,0,53,3,8,18,9,6,5,3,7,49,0,6,0,0,4,58,1,0
2024,Sudeste,3,Rio de Janeiro,RJ,33,Bom Jesus do Itabapoana,3300605,0,Noroeste Fluminense,1,Itaperuna,1,3,2,4,0,0,"SOCIEDADE METROPOLITANA DE EDUCACAO, CULTURA E TECNOLOGIA SAO CARLOS S/S LTDA - ME",3394,12430,FACULDADE METROPOLITANA SÃO CARLOS BJI,FAMESC-BJI,Av. Governador Roberto Silveira,910,-,Centro,28360000.0,33,0,0,0,1,5,5,9,3,9,0,1,0,0,0,0,0,1,1,1,1,1,1,226,30534,136,136,81,55,0,0,60,56,20,31,0,31,105,0,3,14,29,32,22,14,8,14,102,1,16,0,0,17,136,0,0
2024,Sudeste,3,São Paulo,SP,35,Mogi Guaçu,3530706,0,Campinas,7,Mogi Mirim,31,3,2,5,0,0,ASSOCIACAO MOGIANA DE EDUCACAO E CULTURA - AMEC,19572,12522,FACULDADE MOGIANA DO ESTADO DE SÃO PAULO,FMG,Avenida Padre Jaime,2600,Unidade SEDE,Centro,13845436.0,28,0,0,0,0,0,0,11,4,8,5,0,0,0,0,0,0,0,1,1,1,1,1,453,5000,60,60,34,26,0,0,0,42,18,30,0,30,30,0,0,5,18,8,8,11,7,3,54,1,3,0,0,2,60,0,0
2024,Sudeste,3,São Paulo,SP,35,São Paulo,3550308,1,Metropolitana de São Paulo,15,São Paulo,61,3,2,5,0,0,ASSOCIACAO DE ENSINO SUPERIOR DE MUSICA,3564,12611,FACULDADE DE MÚSICA SOUZA LIMA,FMSL,Rua José Maria Lisboa,745,-,Jardins,1423001.0,2,0,0,0,0,0,1,1,0,0,0,0,0,0,0,0,0,1,0,0,0,0,1,342,0,19,19,2,17,0,0,4,12,3,1,0,1,4,14,0,0,1,3,4,4,3,4,17,0,0,0,0,2,19,0,0
2024,Sudeste,3,Minas Gerais,MG,31,Sete Lagoas,3167202,0,Metropolitana de Belo Horizonte,7,Sete Lagoas,27,3,2,4,0,0,EDUCACIONAL MARTINS ANDRADE LTDA - EPP,2885,12620,FACULDADE SETE LAGOAS,FACSETE,Rua Itália Pontelo,50,-,Chácara do Paiva,35700170.0,42,0,0,0,0,11,6,13,7,2,2,1,0,0,0,1,0,1,1,1,1,1,0,376,15102,56,56,35,21,0,0,10,20,26,12,0,12,34,10,3,3,20,10,8,7,4,1,25,0,14,0,0,17,56,0,0
2024,Sudeste,3,São Paulo,SP,35,São Paulo,3550308,1,Metropolitana de São Paulo,15,São Paulo,61,3,2,4,0,0,SAINT PAUL EDUCACIONAL LTDA.,3323,12661,FACULDADE DE TECNOLOGIA SAINT PAUL,,Rua Pamplona,1616,-,Jardim Paulista,1405002.0,15,0,0,0,0,1,1,1,2,7,2,1,0,0,0,0,0,0,0,1,1,0,1,0,17244,14,14,1,13,0,0,0,7,7,3,2,1,3,8,0,3,1,7,2,1,0,0,10,0,4,0,0,0,14,0,0
2024,Sudeste,3,São Paulo,SP,35,São Paulo,3550308,1,Metropolitana de São Paulo,15,São Paulo,61,3,2,4,0,0,INSTITUTO NACIONAL DE CURSOS INTEGRADOS LTDA,18072,12723,FACULDADE FINACI,FINACI,Rua São Joaquim,352/356,UNIDADE LIBERDADE,Liberdade,1508001.0,30,0,2,0,0,7,5,5,1,7,1,1,0,0,1,0,0,1,1,0,1,0,1,5612,16950,24,24,15,9,0,0,7,8,9,18,0,18,6,0,1,3,4,1,5,3,0,7,19,2,1,1,0,1,24,0,0
2024,Sudeste,3,Minas Gerais,MG,31,Belo Horizonte,3106200,1,Metropolitana de Belo Horizonte,7,Belo Horizonte,30,3,2,5,0,0,SERVICO NACIONAL DE APRENDIZAGEM COMERCIAL - SENAC MINAS,1756,12772,Faculdade Senac em Minas - Belo Horizonte,FACSENAC-MG/BH,Rua dos Goitacazes,1157,FACULDADE DE TECNOLOGIA SENAC MINAS - UNIDADE BELO HORIZONTE,Barro Preto,30190052.0,55,0,0,1,1,14,7,18,4,7,0,0,1,1,1,0,0,1,0,1,1,0,1,8467,16200,14,14,5,9,0,0,4,5,5,1,0,1,6,7,0,1,2,4,2,3,0,2,10,1,3,0,0,0,14,0,0
2024,Sudeste,3,São Paulo,SP,35,Pindamonhangaba,3538006,0,Vale do Paraíba Paulista,13,São José dos Campos,50,3,2,4,0,0,ANHANGUERA EDUCACIONAL PARTICIPACOES S/A,16452,12791,FACULDADE ANHANGUERA DE PINDAMONHANGABA,,Avenida Nossa Senhora do Bom Sucesso,3344,-,Campo Alegre,12420010.0,10,0,0,0,0,3,1,1,4,0,0,0,1,0,0,0,0,1,1,0,1,1,1,33730,270513,62,62,27,35,0,0,12,15,35,9,0,9,36,17,0,5,8,16,12,5,8,8,43,3,12,2,0,2,62,0,0
2024,Sudeste,3,São Paulo,SP,35,São Paulo,3550308,1,Metropolitana de São Paulo,15,São Paulo,61,3,2,4,0,0,IMESP INSTITUTO MONITOR DE ENSINO SUPERIOR LTDA.,18554,12817,FACULDADE IMESP MONITOR,IMESP,Av. Rangel Pestana,1105,-,Brás,3001000.0,6,0,0,0,0,1,1,3,1,0,0,0,0,0,0,0,0,1,1,1,1,1,0,1000,1000,13,13,2,11,0,0,0,8,5,5,2,3,7,1,0,0,0,8,1,2,2,0,12,1,0,0,0,0,13,0,0
2024,Sudeste,3,Minas Gerais,MG,31,Ipatinga,3131307,0,Vale do Rio Doce,8,Ipatinga,39,3,2,4,0,0,CENTRO EDUCACIONAL IBRA LTDA,18439,12899,FACULDADE IBRA DE MINAS GERAIS,FACULDADE FIBMG,AVENIDA GERASA,1447,-,Bethania,35164056.0,8,0,0,0,1,1,0,1,0,2,2,1,0,0,0,1,0,1,1,1,1,1,1,25,10000,6,6,2,4,0,0,4,2,0,3,0,3,3,0,1,1,2,1,0,1,0,0,1,0,3,0,0,2,6,0,0
2024,Sudeste,3,Minas Gerais,MG,31,Uberlândia,3170206,0,Triângulo Mineiro/Alto Paranaíba,5,Uberlândia,18,3,2,4,0,0,D&J NEGOCIOS E CONSULTORIA LTDA,18318,13034,Faculdade Coram Deo,FACDEO,Avenida Rio Branco,785,Unidade Sede,Cazeca,38400056.0,9,0,0,0,0,2,1,0,1,1,1,1,0,0,2,0,0,1,1,1,1,1,0,493,2218,6,6,1,5,0,0,2,2,2,2,0,2,4,0,0,1,1,0,2,1,0,1,3,0,3,0,0,0,5,1,1
2024,Sudeste,3,Minas Gerais,MG,31,Mariana,3140001,0,Metropolitana de Belo Horizonte,7,Ouro Preto,33,3,2,4,0,0,ADJETIVO-CETEP ADMINISTRADORA DE CURSOS TECNICOS LTDA - EPP,12422,13300,FACULDADE ADJETIVO CETEP,ADJETIVO-CETEP,RUA ANTONIO OLINTO,67,-,CENTRO,35420000.0,1,0,0,0,0,0,0,1,0,0,0,0,0,0,0,0,0,0,0,0,0,1,0,0,6370,7,7,6,1,0,0,4,3,0,0,0,0,0,7,0,0,2,1,3,1,0,0,4,0,0,0,0,3,7,0,0
2024,Sudeste,3,São Paulo,SP,35,Cotia,3513009,0,Metropolitana de São Paulo,15,Itapecerica da Serra,60,3,2,5,0,0,FUNDACAO DE ROTARIANOS DE SAO PAULO,1218,13481,FACULDADES INTEGRADAS RIO BRANCO GRANJA VIANNA,FRB-GV,Rodovia Raposo Tavares,7200,km 24,Granja Viana,6707000.0,7,0,0,0,0,0,0,1,2,1,2,0,0,1,0,0,0,0,0,1,1,0,0,0,31726,15,15,3,12,0,0,1,8,6,0,0,0,5,10,0,2,4,3,3,1,2,0,10,0,3,0,0,2,15,0,0
2024,Sudeste,3,Espírito Santo,ES,32,Cariacica,3201308,0,Central Espírito-santense,3,Vitória,9,3,2,5,0,0,EDNA MENDES TAVARES - ME,12545,13484,FACULDADE EUROPÉIA DE VITÓRIA,FAEV,Rua Adélia Pereira de Souza,06,-,ITACIBÁ,29150310.0,5,0,0,1,0,1,0,1,0,1,0,1,0,0,0,0,0,0,0,1,1,1,0,0,25,12,12,8,4,0,0,4,7,1,8,0,8,0,4,0,0,3,2,1,3,1,2,5,1,6,0,0,0,12,0,0
2024,Sudeste,3,São Paulo,SP,35,São Paulo,3550308,1,Metropolitana de São Paulo,15,São Paulo,61,3,2,5,0,0,ASSOCIACAO SEQUENCIAL DE ENSINO SUPERIOR,12551,13488,FACULDADE SEQÜENCIAL,,Rua Engenheiro Aluísio Marques,00,-,Parque Maria Helena,5854110.0,22,0,0,1,1,3,2,5,1,3,0,4,1,1,0,0,0,0,0,1,1,0,1,60,1076,38,38,20,18,0,0,19,14,5,0,0,0,24,14,5,4,10,6,2,5,3,3,15,2,14,1,0,6,38,0,0
2024,Sudeste,3,São Paulo,SP,35,Cachoeira Paulista,3508603,0,Vale do Paraíba Paulista,13,Guaratinguetá,51,3,2,5,0,0,FUNDACAO JOAO PAULO II,12553,13527,FACULDADE CANÇÃO NOVA,FCN,Rua Carlos Pinto Filho,-,-,Vila Cacarro,12630000.0,32,0,0,0,0,4,5,4,5,4,3,1,4,0,2,0,0,0,1,1,1,1,1,0,83,31,31,7,24,0,0,4,19,8,1,0,1,13,17,0,4,3,6,10,6,1,1,28,2,1,0,0,0,30,1,0
2024,Sudeste,3,Rio de Janeiro,RJ,33,São Fidélis,3304805,0,Norte Fluminense,2,Campos dos Goytacazes,3,3,2,4,0,0,"SOCIEDADE DE EDUCACAO, CULTURA E TECNOLOGIA SAO FIDELIS LTDA",12579,13631,"Faculdade de Ciências, Educação, Saúde, Pesquisa e Gestão",FSF,Rua Dom Licinio Rangel,131,"FACULDADE DE CIÊNCIAS, EDUCAÇÃO, SAÚDE, PESQUISA E GESTÃO-FSF",Centro,28400000.0,139,0,0,1,1,35,11,21,7,20,11,19,3,4,6,0,0,1,1,1,1,1,0,12,5000,33,33,23,10,0,0,6,18,9,7,6,1,26,0,1,2,4,10,7,4,3,2,31,0,1,0,0,1,33,0,0
2024,Sudeste,3,Minas Gerais,MG,31,Betim,3106705,0,Metropolitana de Belo Horizonte,7,Belo Horizonte,30,3,2,4,0,0,SISTEMA DE ENSINO SUPERIOR CIDADE DE BETIM LTDA - ME,12618,13663,FACULDADE ISEIB DE BETIM,FISBE,Rua do Acre,536,FACULDADE FISBE,Nossa Senhora das Graças,32604640.0,18,0,0,0,0,5,1,4,2,2,1,1,1,1,0,1,0,1,1,1,1,1,1,3000,180000,42,42,23,19,0,0,1,31,10,0,0,0,41,1,0,5,3,9,9,6,6,4,10,1,28,0,0,3,41,1,0
2024,Sudeste,3,Minas Gerais,MG,31,Contagem,3118601,0,Metropolitana de Belo Horizonte,7,Belo Horizonte,30,3,2,4,0,0,INSTITUTO DE ENSINO SUPERIOR DE CONTAGEM LTDA - ME,12619,13666,FACULDADE DE DIREITO DE CONTAGEM,FDCON,RUA PAPA PAULO VI,39,PRÉDIO,INCONFIDENTES,32260370.0,13,0,0,0,0,5,5,2,1,0,0,0,0,0,0,0,0,1,1,0,1,1,0,2000,2000,9,9,4,5,0,0,3,6,0,0,0,0,6,3,1,1,1,2,2,2,0,0,6,0,1,0,0,2,9,0,0
2024,Sudeste,3,Minas Gerais,MG,31,Contagem,3118601,0,Metropolitana de Belo Horizonte,7,Belo Horizonte,30,3,2,4,0,0,ORME SERVICOS EDUCACIONAIS LTDA,3167,13684,FACULDADE ANHANGUERA DE CONTAGEM,,Avenida Babita Camargos,1295,CAMPUS CIDADE INDUSTRIAL (SEDE),Cidade Industrial,32210180.0,11,0,0,0,0,7,2,0,1,1,0,0,0,0,0,0,0,1,1,0,1,1,1,33730,270513,88,88,47,41,0,0,16,29,43,7,0,7,46,35,2,10,13,22,17,9,8,7,51,7,24,4,0,2,88,0,1
2024,Sudeste,3,Rio de Janeiro,RJ,33,Rio de Janeiro,3304557,1,Metropolitana do Rio de Janeiro,6,Rio de Janeiro,18,3,2,5,0,0,FUNDACAO GETULIO VARGAS,110,13695,ESCOLA DE MATEMÁTICA APLICADA,EMAp-FGV,Praia de Botafogo,190,-,Botafogo,22250900.0,8,0,0,0,0,0,0,2,0,4,0,1,0,1,0,1,0,1,1,1,1,1,1,273,18139,33,33,4,29,0,0,0,2,31,26,0,26,1,6,0,4,4,5,5,2,4,9,29,0,4,0,0,0,25,8,0
2024,Sudeste,3,Minas Gerais,MG,31,Governador Valadares,3127701,0,Vale do Rio Doce,8,Governador Valadares,37,3,2,4,0,0,ORME SERVICOS EDUCACIONAIS LTDA,3167,13743,Faculdade Anhanguera de Governador Valadares,,Avenida Doutor Raimundo Monteiro Rezende,330,-,Centro,35010177.0,17,0,0,0,0,6,3,0,4,1,2,0,1,0,0,0,0,1,1,0,1,1,1,33730,270513,128,128,69,59,0,0,49,33,46,23,0,23,73,32,14,15,25,32,22,6,6,8,72,7,45,2,0,2,128,0,4
2024,Sudeste,3,São Paulo,SP,35,Guarulhos,3518800,0,Metropolitana de São Paulo,15,Guarulhos,59,3,2,4,0,0,OT&C EDUCACIONAL LTDA,19704,13752,FACULDADE METROPOLITANA DE GUARULHOS,FMG,Avenida Salgado Filho,3025,FTP,Centro,7115000.0,17,0,0,3,2,4,1,2,3,0,0,0,1,0,1,1,0,1,1,1,1,1,1,24,380,51,51,25,26,0,0,5,34,12,20,0,20,31,0,3,4,5,8,8,6,5,12,38,1,5,1,0,6,51,0,0
2024,Sudeste,3,São Paulo,SP,35,Porto Feliz,3540606,0,Macro Metropolitana Paulista,12,Sorocaba,46,3,2,4,0,0,INSTITUTO DE ENSINO SUPERIOR MOINHO VELHO LTDA - ME,10017,13796,FACULDADE DE PORTO FELIZ,,Praça Dr. José Sacramento e Silva,13,-,Centro,,3,0,0,0,0,0,0,0,1,2,0,0,0,0,0,0,0,0,1,0,0,0,0,0,0,14,14,3,11,0,0,9,4,1,2,0,2,6,6,1,0,2,3,4,1,1,2,7,0,0,0,0,7,14,0,0
2024,Sudeste,3,Minas Gerais,MG,31,Sete Lagoas,3167202,0,Metropolitana de Belo Horizonte,7,Sete Lagoas,27,3,2,4,0,0,SOCIEDADE PADRAO DE EDUCACAO SUPERIOR LTDA,1040,13809,FACULDADE SANTO AGOSTINHO DE SETE LAGOAS,FASASETE,Rua Atenas,237,-,Jardim Europa,35701281.0,15,0,0,0,1,0,0,4,1,4,1,1,1,0,2,0,0,1,1,1,1,0,1,11583,12708,28,28,13,15,0,0,2,8,18,5,0,5,22,1,0,2,4,9,6,3,3,1,19,1,6,0,0,2,28,0,1
2024,Sudeste,3,Minas Gerais,MG,31,Belo Horizonte,3106200,1,Metropolitana de Belo Horizonte,7,Belo Horizonte,30,3,2,4,0,0,SISTEMA DE ENSINO SUPERIOR CIDADE DE BELO HORIZONTE LTDA - ME,12776,13828,FACULDADE ISEIB DE BELO HORIZONTE,FIBH,Avenida Afonso Pena,266,-,Centro,30130001.0,3,0,0,0,0,0,0,1,1,0,0,0,0,1,0,1,0,1,1,1,1,1,1,2500,180000,24,24,15,9,0,0,0,16,8,0,0,0,24,0,0,1,1,6,4,6,2,4,2,1,20,0,0,1,23,1,0
2024,Sudeste,3,São Paulo,SP,35,São Paulo,3550308,1,Metropolitana de São Paulo,15,São Paulo,61,3,2,5,0,0,DEPARTAMENTO INTERSINDICAL DE EST ESTS SOCIO ECONOMICOS,12420,13845,Escola DIEESE de Ciências do Trabalho,DIEESE,Rua Aurora,957,-,Santa Efigênia,1209001.0,10,0,0,0,0,0,0,3,3,2,0,1,1,0,0,0,0,0,1,1,1,0,1,1,0,12,12,7,5,0,0,0,6,6,4,4,0,4,4,0,1,2,3,2,3,0,1,11,1,0,0,0,0,12,0,0
2024,Sudeste,3,Minas Gerais,MG,31,Patos de Minas,3148004,0,Triângulo Mineiro/Alto Paranaíba,5,Patos de Minas,20,3,2,4,0,0,INSTITUTO EDUCACIONAL TECSOMA LTDA,880,13873,FACULDADE FINOM DE PATOS DE MINAS,FINOM,Praça Josefina Mourão,46,Unidade Acadêmica - Sede,Centro,38700116.0,7,0,0,1,0,3,0,2,0,0,1,0,0,0,0,0,0,0,1,0,1,1,1,0,17366,24,24,14,10,0,0,2,11,11,2,0,2,22,0,0,8,3,2,5,2,2,2,14,0,10,0,0,0,24,0,0
2024,Sudeste,3,Minas Gerais,MG,31,Betim,3106705,0,Metropolitana de Belo Horizonte,7,Belo Horizonte,30,2,2,4,0,0,BRASIL EDUCACAO S/A,3052,14028,Centro Universitário UNA de Betim,,Avenida Governador Valadares,640,- de 400 a 698 - lado par,Centro,32600216.0,29,0,0,0,0,16,4,4,1,0,1,1,1,1,0,1,0,1,1,1,1,1,1,18843,34716,36,36,25,11,0,0,5,19,12,8,0,8,14,14,0,3,7,13,6,3,2,2,24,2,10,0,0,0,36,0,0
2024,Sudeste,3,Minas Gerais,MG,31,Aimorés,3101102,0,Vale do Rio Doce,8,Aimorés,41,3,2,4,0,0,INSTITUTO EDUCACIONAL ALFAUNIPAC S.A.,2371,14029,Faculdade Presidente Antônio Carlos de Aimorés,,Rua Pedro Nolasco,1376,-,Centro,35200000.0,29,0,2,0,0,9,5,3,0,8,2,0,0,0,0,0,0,1,1,1,1,1,1,10,10,23,23,11,12,0,0,0,15,8,8,0,8,15,0,0,2,4,10,5,0,1,1,13,0,8,0,0,2,23,0,0
2024,Sudeste,3,Minas Gerais,MG,31,Baependi,3104908,0,Sul/Sudoeste de Minas,10,São Lourenço,54,3,2,5,0,0,FUNDACAO PRESIDENTE ANTONIO CARLOS,221,14101,Faculdade Presidente Antônio Carlos de Baependi,FAPAC BAEPENDI,Rua Alvaro Pena Arja,78,Faculdade Presidente Antônio Carlos de Baependi,Centro,37443000.0,6,0,0,0,0,2,0,0,0,2,1,1,0,0,0,0,0,1,1,1,1,1,1,72,12359,9,9,6,3,0,0,1,6,2,5,0,5,2,2,0,0,1,2,3,1,0,2,8,0,1,0,0,0,9,0,0
2024,Sudeste,3,Minas Gerais,MG,31,Ponte Nova,3152105,0,Zona da Mata,12,Ponte Nova,60,3,2,5,0,0,FUNDACAO PRESIDENTE ANTONIO CARLOS,221,14115,Faculdade Presidente Antônio Carlos de Ponte Nova,,Avenida Francisco Vieira Martins,480,Faculdade Presidente Antônio Carlos de Ponte Nova,Palmeiras,35430225.0,20,0,1,1,2,3,0,0,0,4,1,3,2,2,1,1,0,1,1,1,1,0,1,0,10960,32,32,16,16,0,0,11,16,5,9,0,9,23,0,1,5,7,7,4,0,5,3,14,1,9,0,0,8,32,0,0
2024,Sudeste,3,Minas Gerais,MG,31,Mariana,3140001,0,Metropolitana de Belo Horizonte,7,Ouro Preto,33,3,2,5,0,0,FUNDACAO PRESIDENTE ANTONIO CARLOS,221,14148,Faculdade Presidente Antônio Carlos de Mariana,FAPAM,Rua Antônio Alves,78,-,São Cristovão,35420000.0,15,2,0,0,1,4,1,2,0,1,0,1,2,1,0,0,0,0,1,0,1,0,1,3219,16966,12,12,4,8,0,0,2,8,2,0,0,0,3,9,0,1,2,5,3,1,0,0,5,0,3,0,0,4,12,0,0
2024,Sudeste,3,Minas Gerais,MG,31,Nova Lima,3144805,0,Metropolitana de Belo Horizonte,7,Belo Horizonte,30,3,2,5,0,0,FUNDACAO PRESIDENTE ANTONIO CARLOS,221,14151,Faculdade Presidente Antônio Carlos de Nova Lima,,Rua da Paisagem,240,-,Vale do Sereno,34000000.0,5,0,2,0,0,0,0,1,0,0,0,1,1,0,0,0,0,1,1,1,1,0,1,32,3303,8,8,2,6,0,0,5,2,1,0,0,0,0,8,0,1,1,3,3,0,0,0,6,0,0,0,0,2,8,0,0
2024,Sudeste,3,Minas Gerais,MG,31,Teófilo Otoni,3168606,0,Vale do Mucuri,4,Teófilo Otoni,15,3,2,4,0,0,INSTITUTO EDUCACIONAL ALFAUNIPAC S.A.,2371,14156,Faculdade Presidente Antônio Carlos de Teófilo Otoni,,Rua Engenheiro Celso Murta,600,-,Ola Prates Correia,39803087.0,175,3,0,7,5,52,32,27,6,22,5,7,5,1,3,1,0,1,1,0,1,1,1,100,100,41,41,20,21,0,0,0,29,12,16,0,16,25,0,1,2,7,17,9,2,2,1,24,2,13,0,0,2,41,0,0
2024,Sudeste,3,Minas Gerais,MG,31,Uberlândia,3170206,0,Triângulo Mineiro/Alto Paranaíba,5,Uberlândia,18,3,2,5,0,0,FUNDACAO PRESIDENTE ANTONIO CARLOS,221,14157,Faculdade de Educação e Estudos Sociais de Uberlândia,FEESU,Avenida João Pessoa,719,Faculdade de Educação e Estudos Sociais de Uberlândia,Martins,38400338.0,2,0,0,0,0,1,0,1,0,0,0,0,0,0,0,1,0,1,1,1,1,1,1,9,11,9,9,6,3,0,0,1,5,3,1,0,1,3,5,0,0,1,2,2,1,0,3,3,0,3,0,0,3,9,0,0
2024,Sudeste,3,Minas Gerais,MG,31,Contagem,3118601,0,Metropolitana de Belo Horizonte,7,Belo Horizonte,30,3,2,4,0,0,FACULDADE UNICA LTDA,17342,14161,Faculdade Única de Contagem,FUNIC,Rua Professor Sigefredo Marques,341,antiga Rua Três,Estância do Hibisco,32017590.0,23,0,0,0,1,7,7,6,0,0,0,2,0,0,0,0,0,1,1,1,1,1,1,106,28418,5,5,3,2,0,0,2,2,1,5,0,5,0,0,0,2,0,1,2,0,0,0,0,2,1,1,0,1,5,0,0
2024,Sudeste,3,Minas Gerais,MG,31,Governador Valadares,3127701,0,Vale do Rio Doce,8,Governador Valadares,37,3,2,5,0,0,FUNDACAO PRESIDENTE ANTONIO CARLOS,221,14162,Faculdade Presidente Antônio Carlos de Governador Valadares,FAPAC - GV,Rua Jair Rodrigues Coelho,211,-,Vila Bretãs,35032620.0,30,1,0,2,3,3,6,1,6,0,4,2,2,0,0,1,0,1,1,1,1,1,1,245,15042,62,62,23,39,0,0,29,30,3,20,0,20,17,25,2,3,11,12,17,7,7,3,29,1,17,0,2,13,62,0,0
2024,Sudeste,3,Minas Gerais,MG,31,Três Pontas,3169406,0,Sul/Sudoeste de Minas,10,Varginha,50,3,2,5,0,0,FUNDACAO DE ENSINO E PESQUISA DO SUL DE MINAS,2124,14165,FACULDADE TRÊS PONTAS,FATEP,Praça D'Aparecida,57,-,Centro,37190000.0,11,0,0,0,0,5,0,2,2,1,0,0,0,0,1,1,0,0,1,0,1,0,1,907,18079,30,30,5,25,0,0,14,10,6,4,0,4,10,16,1,8,5,5,7,1,2,1,24,0,6,0,0,0,30,0,0
2024,Sudeste,3,São Paulo,SP,35,Votuporanga,3557105,0,São José do Rio Preto,1,Votuporanga,3,3,2,5,0,0,ASSOCIACAO DE ENSINO JOSE WELLINGTON BEZERRA DA COSTA,13291,14194,FATEC - FACULDADE DE TEOLOGIA E CIÊNCIAS DE VOTUPORANGA,FATEC,Rua José Sanches Peres,3040,FATEC VOTUPORANGA,São João,15501210.0,26,0,0,0,1,16,4,2,1,1,1,0,0,0,0,1,0,1,1,1,1,1,1,45,8300,20,20,9,11,0,0,8,4,8,0,0,0,20,0,0,1,4,3,3,4,3,2,13,0,1,0,0,6,20,0,0
2024,Sudeste,3,Minas Gerais,MG,31,Itabirito,3131901,0,Metropolitana de Belo Horizonte,7,Ouro Preto,33,3,2,5,0,0,FUNDACAO PRESIDENTE ANTONIO CARLOS,221,14243,Faculdade Presidente Antônio Carlos de Itabirito,,Rua Cecilia de Almeida Rocha,291,Faculdade Presidente Antônio Carlos de Itabirito,Novo Itabirito,35450000.0,10,1,1,1,0,2,1,1,1,0,0,0,1,0,1,0,0,1,1,1,1,1,1,0,14061,7,7,1,6,0,0,1,3,3,1,0,1,6,0,0,1,1,2,1,2,0,0,2,0,1,0,0,4,7,0,0
2024,Sudeste,3,Minas Gerais,MG,31,Uberaba,3170107,0,Triângulo Mineiro/Alto Paranaíba,5,Uberaba,22,3,2,5,0,0,FUNDACAO PRESIDENTE ANTONIO CARLOS,221,14246,Faculdade Presidente Antônio Carlos de Uberaba,,Avenida Leopoldino de Oliveira,4245,-,Mercês,38060000.0,16,0,1,2,0,1,3,4,0,1,1,2,1,0,0,1,0,0,1,1,1,1,1,0,14829,10,10,4,6,0,0,0,7,3,2,0,2,6,2,0,0,1,2,1,4,1,1,9,0,0,0,0,1,10,0,0
2024,Sudeste,3,Minas Gerais,MG,31,Uberlândia,3170206,0,Triângulo Mineiro/Alto Paranaíba,5,Uberlândia,18,3,2,5,0,0,FUNDACAO PRESIDENTE ANTONIO CARLOS,221,14248,Faculdade Presidente Antônio Carlos de Uberlândia,,Avenida Cipriano Del Fávero,991,-,Martins,38400106.0,95,0,1,9,5,23,10,13,5,9,7,6,5,2,0,1,0,1,1,1,1,0,1,0,13612,161,161,77,84,0,0,52,74,35,13,0,13,54,94,12,32,31,26,32,16,7,5,91,3,38,0,1,28,161,0,1
2024,Sudeste,3,Minas Gerais,MG,31,Contagem,3118601,0,Metropolitana de Belo Horizonte,7,Belo Horizonte,30,3,2,4,0,0,INSTITUTO DE NOVA EDUCACAO LTDA - ME,13331,14313,NOVA FACULDADE,NF,Avenida Cardeal Eugenio Pacelli,1996,-,Cidade Industrial,32217970.0,37,2,3,2,3,7,11,1,5,1,0,1,0,1,0,1,0,0,1,0,1,0,1,108273,15300,21,21,12,9,0,0,4,11,6,4,0,4,11,6,0,1,9,5,2,3,1,0,4,0,7,0,0,10,21,0,0
2024,Sudeste,3,São Paulo,SP,35,Porto Feliz,3540606,0,Macro Metropolitana Paulista,12,Sorocaba,46,3,2,4,0,0,INSTITUTO DE ENSINO SUPERIOR MOINHO VELHO LTDA - ME,10017,14401,FACULDADE DE TECNOLOGIA PORTO DAS MONÇÕES,FAMO,"Av. Monsenhor Seckler,",s/n,-,Vila América,18540000.0,3,0,0,0,0,0,0,0,1,2,0,0,0,0,0,0,0,0,1,0,0,0,0,0,0,18,18,2,16,0,0,12,5,1,1,0,1,9,8,0,0,3,2,3,4,1,5,13,0,1,0,0,4,18,0,0
2024,Sudeste,3,São Paulo,SP,35,Suzano,3552502,0,Metropolitana de São Paulo,15,Mogi das Cruzes,62,2,2,5,0,0,UNIPIAGET/BRASIL,13938,14715,Centro Universitário Piaget,UniPiaget,Av. Senador  Roberto Simonsen,972,-,Jardim Imperador,8674140.0,21,0,0,0,0,8,2,3,3,3,0,1,0,1,0,0,0,0,0,1,1,0,1,0,21094,86,86,44,42,0,0,21,56,9,19,5,14,64,3,2,6,14,20,18,13,5,8,78,2,6,0,0,0,86,0,1
2024,Sudeste,3,São Paulo,SP,35,Praia Grande,3541000,0,Metropolitana de São Paulo,15,Santos,63,3,2,4,0,0,BBELLO EDUCACAO LTDA - ME,14226,14890,FACULDADE PRAIA GRANDE,FPG,Avenida Presidente Kennedy,4000,-,Aviação,11703200.0,6,0,0,0,0,0,1,1,1,2,0,0,0,0,1,0,0,0,1,1,1,0,0,0,0,17,17,7,10,0,0,3,7,7,13,10,3,4,0,0,0,2,6,2,1,1,5,13,0,2,1,0,1,17,0,0
2024,Sudeste,3,São Paulo,SP,35,Barretos,3505500,0,Ribeirão Preto,2,Barretos,9,3,2,4,0,0,SISTEMA MED SERVICOS EDUCACIONAIS S.A.,3524,14892,FACULDADE DE CIÊNCIAS DA SAÚDE DE BARRETOS DR. PAULO PRATA,FACISB,Avenida Loja Maçônica Renovadora 68,100,- lado par,Nova América,14785000.0,50,0,0,5,2,8,12,8,5,4,4,1,1,0,0,0,0,1,1,1,1,0,0,8932,4991,59,59,27,32,0,0,8,18,33,9,8,1,49,1,0,7,13,11,11,5,7,5,56,0,0,2,0,1,56,3,1
2024,Sudeste,3,São Paulo,SP,35,Ribeirão Preto,3543402,0,Ribeirão Preto,2,Ribeirão Preto,14,3,2,4,0,0,ESCOLA DE ULTRA-SONOGRAFIA RIBEIRAO PRETO LTDA,14479,14969,FACULDADE DE TECNOLOGIA EM SAÚDE,FATESA,Rua Marcos Markarian,1025,11º e 12º andar,Nova Aliança,14026583.0,56,0,0,1,1,16,7,6,3,9,3,0,1,6,3,0,0,1,0,1,1,1,1,0,1073,21,21,15,6,0,0,2,7,12,8,0,8,12,1,1,3,4,2,8,2,1,0,15,2,4,0,0,0,21,0,1
2024,Sudeste,3,Minas Gerais,MG,31,Belo Horizonte,3106200,1,Metropolitana de Belo Horizonte,7,Belo Horizonte,30,2,2,4,0,0,ASSOCIACAO SALGADO DE OLIVEIRA DE EDUCACAO E CULTURA,435,15055,CENTRO UNIVERSITARIO UNIVERSO BELO HORIZONTE,,Rua Paru,784,-,Renascença,31140320.0,216,2,4,7,15,34,41,32,14,40,7,12,7,0,1,1,0,1,1,1,1,1,1,38553,16885,108,108,68,40,0,0,10,65,33,24,0,24,53,31,0,7,18,9,35,17,12,10,75,4,20,2,0,7,108,0,0
2024,Sudeste,3,Minas Gerais,MG,31,Juiz de Fora,3136702,0,Zona da Mata,12,Juiz de Fora,65,2,2,4,0,0,ASSOCIACAO SALGADO DE OLIVEIRA DE EDUCACAO E CULTURA,435,15057,CENTRO UNIVERSITÁRIO UNIVERSO JUIZ DE FORA,,Avenida dos Andradas,731,-,Morro da Gloria,36036000.0,178,3,4,6,24,20,33,21,10,22,12,20,3,0,0,1,0,1,1,1,1,1,1,38553,18086,101,101,63,38,0,0,15,50,36,27,0,27,50,24,3,18,20,12,23,9,9,7,81,3,10,1,0,6,101,0,0
2024,Sudeste,3,Minas Gerais,MG,31,Ubá,3169901,0,Zona da Mata,12,Ubá,64,3,2,5,0,0,FUNDACAO PRESIDENTE ANTONIO CARLOS,221,15357,Faculdade Presidente Antônio Carlos de Ubá,,Rua Rua Lincoln Rodrigues Costa,165,-,Boa Vista,36501010.0,47,2,2,6,3,4,4,12,2,0,1,6,4,1,0,0,0,1,1,1,1,1,1,0,2054,53,53,26,27,0,0,17,26,10,25,0,25,9,19,2,5,11,11,6,8,6,4,38,0,10,0,0,5,53,0,0
2024,Sudeste,3,São Paulo,SP,35,São Paulo,3550308,1,Metropolitana de São Paulo,15,São Paulo,61,3,2,5,0,0,"FUNDACAO INSTITUTO DE PESQUISAS CONTABEIS, ATUARIAIS E FINANCEIRAS - FIPECAFI",3558,15401,Faculdade FIPECAFI,FIPECAFI,Rua Maestro Cardim,1170,-,Liberdade,1323001.0,103,0,1,0,0,3,7,21,17,6,8,11,17,6,6,1,0,1,1,1,1,1,1,33,14767,30,30,8,22,0,0,0,18,12,8,0,8,19,3,1,2,11,5,4,2,1,4,23,1,3,1,0,2,30,0,1
2024,Sudeste,3,Minas Gerais,MG,31,Ipatinga,3131307,0,Vale do Rio Doce,8,Ipatinga,39,2,2,4,0,0,FACULDADE UNICA LTDA,17342,15450,Centro Universitário Única,Uniúnica,Rua Salermo,299,-,Bethânia,35164779.0,204,0,5,1,1,86,29,41,5,9,8,8,7,2,2,0,0,1,1,1,1,0,1,106,28071,72,72,45,27,0,0,34,29,9,47,0,47,16,9,4,17,12,19,7,7,3,3,41,4,21,1,0,5,72,0,1
2024,Sudeste,3,Minas Gerais,MG,31,Ipatinga,3131307,0,Vale do Rio Doce,8,Ipatinga,39,3,2,5,0,0,SISTEMA ALFA UNIVERSITARIO LTDA - ALFA,13922,15451,Faculdade de Direito de Ipatinga,FADIPA,Rua João Patrício de Araújo,195,-,Veneza I,35164226.0,41,1,0,0,0,14,6,7,1,9,1,0,2,0,0,0,0,1,1,1,1,1,1,35,14829,51,51,18,33,0,0,14,28,9,9,1,8,22,20,0,2,3,7,11,11,5,12,45,0,6,0,0,0,50,1,1
2024,Sudeste,3,Minas Gerais,MG,31,Bom Despacho,3107406,0,Central Mineira,6,Bom Despacho,26,2,2,4,0,0,FACEB EDUCACAO LTDA,1117,15452,CENTRO UNIVERSITÁRIO UNA DE BOM DESPACHO,UNA,Br 262 - Km 480,S/N,-,Zona Rural,35600000.0,54,5,2,2,0,19,13,6,1,2,2,1,0,0,1,1,0,1,1,1,1,1,1,18843,34716,99,99,48,51,0,0,16,55,28,23,0,23,8,68,1,18,19,23,16,13,8,1,81,0,18,0,0,0,99,0,0
2024,Sudeste,3,Minas Gerais,MG,31,Conselheiro Lafaiete,3118304,0,Metropolitana de Belo Horizonte,7,Conselheiro Lafaiete,34,3,2,5,0,0,FUNDACAO PRESIDENTE ANTONIO CARLOS,221,15453,Faculdade Presidente Antônio Carlos de Conselheiro Lafaiete,,Rodovia BR-482,s/n,-,Gigante,36402115.0,70,3,4,2,1,18,14,7,3,9,0,7,2,0,0,0,0,1,1,1,1,1,1,0,14829,92,92,43,49,0,0,27,48,17,19,0,19,32,41,2,11,23,16,15,10,11,4,50,0,24,0,0,18,92,0,0
2024,Sudeste,3,Minas Gerais,MG,31,Visconde do Rio Branco,3172004,0,Zona da Mata,12,Ubá,64,3,2,5,0,0,FUNDACAO PRESIDENTE ANTONIO CARLOS,221,15467,Faculdade Presidente Antônio Carlos de Visconde do Rio Branco,,Avenida Doutor Carlos Soares,237,Faculdade Presidente Antônio Carlos de Visconde do Rio Branco,Centro,36520000.0,3,0,0,0,0,0,0,0,0,1,1,0,1,0,0,0,0,1,1,1,1,1,1,0,14159,5,5,0,5,0,0,3,2,0,0,0,0,1,4,0,1,1,3,0,0,0,0,4,0,1,0,0,0,5,0,0
2024,Sudeste,3,Minas Gerais,MG,31,Leopoldina,3138401,0,Zona da Mata,12,Cataguases,66,3,2,5,0,0,FUNDACAO PRESIDENTE ANTONIO CARLOS,221,15468,Faculdade Presidente Antônio Carlos de Leopoldina,,Rua Carmita Monteiro,s/n,-,Chácara Dona Euzébia,36700000.0,12,0,2,1,1,1,2,1,0,2,0,1,1,0,0,0,0,1,1,1,1,1,1,0,13672,13,13,8,5,0,0,3,9,1,2,0,2,11,0,0,4,0,5,2,2,0,0,9,0,3,0,0,1,13,0,0
2024,Sudeste,3,São Paulo,SP,35,Mogi das Cruzes,3530607,0,Metropolitana de São Paulo,15,Mogi das Cruzes,62,3,1,2,0,0,CENTRO ESTADUAL DE EDUCACAO TECNOLOGICA PAULA SOUZA,33,15576,Faculdade de Tecnologia de Mogi das Cruzes,FATEC-MC,Rua Carlos Baratino,01,-,Vila Mogilar,8773600.0,14,0,0,0,0,0,1,3,2,5,3,0,0,0,0,0,0,0,0,0,1,0,1,0,0,76,76,30,46,0,0,19,34,23,6,0,6,48,22,0,0,5,15,14,8,15,19,59,3,9,3,0,2,76,0,0
2024,Sudeste,3,São Paulo,SP,35,São José dos Campos,3549904,0,Vale do Paraíba Paulista,13,São José dos Campos,50,3,1,2,0,0,CENTRO ESTADUAL DE EDUCACAO TECNOLOGICA PAULA SOUZA,33,15581,Faculdade de Tecnologia de São José dos Campos - Jessen Vidal,FATECSJCAMPOS,Av. Cesare Mansueto Giulio Lattes,s/n,-,Eugênio de Melo,12247014.0,20,0,0,0,0,1,8,6,2,1,1,0,1,0,0,0,0,0,1,0,0,1,0,0,0,83,83,21,62,0,0,13,46,24,12,0,12,55,16,0,1,6,10,9,15,8,34,65,2,4,7,0,5,82,1,1
2024,Sudeste,3,São Paulo,SP,35,Santo André,3547809,0,Metropolitana de São Paulo,15,São Paulo,61,3,1,2,0,0,CENTRO ESTADUAL DE EDUCACAO TECNOLOGICA PAULA SOUZA,33,15585,Faculdade de Tecnologia Santo André,FATEC-SA,Rua Prefeito Justino Paixão,150,-,Centro,9020130.0,14,0,0,0,0,0,0,3,8,3,0,0,0,0,0,0,0,0,0,0,0,0,0,10,10,31,31,2,29,0,4,4,18,5,0,0,0,0,31,0,0,1,3,4,4,11,8,23,0,1,5,0,2,31,0,0
2024,Sudeste,3,São Paulo,SP,35,Itaquaquecetuba,3523107,0,Metropolitana de São Paulo,15,Mogi das Cruzes,62,3,1,2,0,0,CENTRO ESTADUAL DE EDUCACAO TECNOLOGICA PAULA SOUZA,33,15639,Faculdade de Tecnologia de Itaquaquecetuba,Fatec Itaqua,Av. Itaquaquecetuba,711,-,Vila Monte Belo,,15,0,0,0,0,4,0,2,3,1,4,0,1,0,0,0,0,0,1,1,1,1,1,1,1,80,80,24,56,0,0,22,35,23,4,1,3,24,52,0,2,9,10,12,13,20,14,56,12,11,1,0,0,80,0,0
2024,Sudeste,3,São Paulo,SP,35,Cruzeiro,3513405,0,Vale do Paraíba Paulista,13,Guaratinguetá,51,3,1,2,0,0,CENTRO ESTADUAL DE EDUCACAO TECNOLOGICA PAULA SOUZA,33,15680,Fatec Cruzeiro - Prof. Waldomiro May,,Rua Doutor Othon Barcelos,s/n,-,Itagaçaba,12730010.0,14,0,0,0,0,1,2,0,1,1,7,1,0,1,0,0,0,0,1,0,1,0,0,0,0,58,58,23,35,0,0,5,36,17,8,0,8,39,11,0,0,6,14,7,10,11,10,49,3,3,1,0,2,58,0,0
2024,Sudeste,3,São Paulo,SP,35,Piracicaba,3538709,0,Piracicaba,6,Piracicaba,28,3,1,2,0,0,CENTRO ESTADUAL DE EDUCACAO TECNOLOGICA PAULA SOUZA,33,15682,Faculdade de Tecnologia de Piracicaba,Fatec Piracicaba,Rua Diácono Jair de Oliveira,651,-,Santa Rosa,13414155.0,16,0,0,0,0,1,2,3,5,2,0,1,0,2,0,0,0,0,1,0,0,0,0,0,0,59,59,28,31,0,0,3,13,43,8,2,6,32,19,0,3,4,3,11,13,14,11,56,0,1,0,0,2,59,0,0
2024,Sudeste,3,São Paulo,SP,35,Pindamonhangaba,3538006,0,Vale do Paraíba Paulista,13,São José dos Campos,50,3,1,2,0,0,CENTRO ESTADUAL DE EDUCACAO TECNOLOGICA PAULA SOUZA,33,15687,Faculdade de Tecnologia de Pindamonhangaba,FATEC PI,Rodovia Abel Fabrício Dias,4010,-,Água Preta,,21,0,0,0,0,1,2,3,9,3,2,0,0,0,1,0,0,0,1,0,1,0,1,0,0,61,61,20,41,0,1,5,33,22,0,0,0,0,61,0,0,2,6,9,15,11,18,50,2,2,0,0,7,61,0,0
2024,Sudeste,3,São Paulo,SP,35,São Paulo,3550308,1,Metropolitana de São Paulo,15,São Paulo,61,3,1,2,0,0,CENTRO ESTADUAL DE EDUCACAO TECNOLOGICA PAULA SOUZA,33,15688,FACULDADE DE TECONOLOGIA DA ZONA SUL,FATEC ZONASUL,Rua Frederico Grotte,322,-,Jardim Vergueiro,5818270.0,31,1,0,2,0,5,8,4,6,2,0,0,2,0,1,0,0,0,1,1,1,0,0,0,0,93,93,22,71,0,1,18,55,19,3,0,3,48,42,0,2,10,2,12,28,12,27,63,7,11,5,0,7,93,0,0
2024,Sudeste,3,São Paulo,SP,35,Bauru,3506003,0,Bauru,4,Bauru,20,3,1,2,0,0,CENTRO ESTADUAL DE EDUCACAO TECNOLOGICA PAULA SOUZA,33,15689,Faculdade de Tecnologia de Bauru,FATEC,Rua Manoel Bento da Cruz,30,Quadra 3,Centro,17015171.0,16,0,0,0,0,3,5,3,2,1,2,0,0,0,0,0,0,0,1,1,1,1,0,0,0,80,80,24,56,0,0,13,28,39,19,3,16,40,21,1,8,10,13,17,8,10,13,53,1,6,0,0,20,80,0,0
2024,Sudeste,3,São Paulo,SP,35,Itapetininga,3522307,0,Itapetininga,11,Itapetininga,42,3,1,2,0,0,CENTRO ESTADUAL DE EDUCACAO TECNOLOGICA PAULA SOUZA,33,15693,Faculdade de Tecnologia de Itapetininga - Prof.Antônio Belizandro Barbosa Rezende,Fatec - Itapetininga,Rua João Vieira Camargo,104,-,Vila Barth,18205600.0,18,0,0,0,0,0,3,3,5,4,3,0,0,0,0,0,0,0,0,1,1,0,0,0,0,85,85,28,57,0,0,28,37,20,32,0,32,44,9,2,1,8,18,19,16,11,10,77,1,6,0,0,1,85,0,0
2024,Sudeste,3,São Paulo,SP,35,Itu,3523909,0,Macro Metropolitana Paulista,12,Sorocaba,46,3,1,2,0,0,CENTRO ESTADUAL DE EDUCACAO TECNOLOGICA PAULA SOUZA,33,15695,Faculdade de Tecnologia Dom Amaury Castanho,Fatec Itu,Avenida Tiradentes,1211,-,Jardim das Indústrias,13309640.0,23,0,0,0,0,0,5,4,5,4,4,0,0,1,0,0,0,0,1,0,0,1,1,0,0,91,91,33,58,0,0,21,52,18,5,1,4,32,54,1,2,3,10,15,27,15,18,81,1,2,1,0,6,91,0,0
2024,Sudeste,3,São Paulo,SP,35,Sertãozinho,3551702,0,Ribeirão Preto,2,Ribeirão Preto,14,3,1,2,0,0,CENTRO ESTADUAL DE EDUCACAO TECNOLOGICA PAULA SOUZA,33,15696,Faculdade de Tecnologia de Sertãozinho,FATEC SERTÃOZINHO,Rua Jordão Borghetti,480,-,São João,,15,0,0,0,0,1,0,3,5,4,1,1,0,0,0,0,0,0,1,1,1,0,0,0,0,81,81,27,54,0,0,12,36,33,3,0,3,51,27,2,3,9,13,20,10,11,13,68,0,10,1,0,2,80,1,0
2024,Sudeste,3,São Paulo,SP,35,Araçatuba,3502804,0,Araçatuba,3,Araçatuba,17,3,1,2,0,0,CENTRO ESTADUAL DE EDUCACAO TECNOLOGICA PAULA SOUZA,33,15697,Faculdade de Tecnologia de Araçatuba,FATEC Araçatuba,Avenida Prestes Maia,1764,- de 1752 ao fim - lado par,Ipanema,16052045.0,12,0,0,0,0,0,1,3,3,1,2,1,1,0,0,0,0,0,1,1,1,0,1,0,271,22,22,11,11,0,0,1,11,10,4,1,3,18,0,0,1,0,4,3,10,3,1,19,1,1,1,0,0,22,0,0
2024,Sudeste,3,São Paulo,SP,35,Capão Bonito,3510203,0,Itapetininga,11,Capão Bonito,44,3,1,2,0,0,CENTRO ESTADUAL DE EDUCACAO TECNOLOGICA PAULA SOUZA,33,15704,Faculdade de Tecnologia de Capão Bonito,FATEC-CB,Avenida Péricles de Freitas,296,-,Terras do Imbiruçu,18304750.0,12,0,0,0,0,0,1,4,4,1,1,0,1,0,0,0,0,0,0,1,0,0,0,0,0,25,25,16,9,0,0,4,5,16,7,7,0,0,18,0,1,1,6,5,5,3,4,23,0,0,2,0,0,25,0,0
2024,Sudeste,3,São Paulo,SP,35,Franca,3516200,0,Ribeirão Preto,2,Franca,12,3,1,2,0,0,CENTRO ESTADUAL DE EDUCACAO TECNOLOGICA PAULA SOUZA,33,15708,Faculdade de Tecnologia Dr. Thomaz Novelino,FATEC Franca,Rua Major Claudiano,1488,-,Centro,14400690.0,19,0,0,0,0,0,4,2,3,3,2,1,2,1,1,0,0,0,1,1,1,1,1,0,0,71,71,29,42,0,0,21,33,17,0,0,0,0,71,1,3,9,14,13,14,11,6,59,0,3,3,0,6,70,1,0
2024,Sudeste,3,São Paulo,SP,35,Osasco,3534401,0,Metropolitana de São Paulo,15,Osasco,57,3,1,2,0,0,CENTRO ESTADUAL DE EDUCACAO TECNOLOGICA PAULA SOUZA,33,15709,Faculdade de Tecnologia de Osasco - Prefeito Hirant Sanazar,Fatec Osasco,Rua Pedro Rissatto,30,-,Remédios,6296220.0,17,0,0,0,0,0,1,9,3,1,2,0,0,0,1,0,0,1,1,0,1,0,0,0,0,156,156,29,127,0,2,32,70,52,1,0,1,12,143,0,3,15,18,22,31,32,35,105,5,19,4,0,23,156,0,0
2024,Sudeste,3,São Paulo,SP,35,Mogi Mirim,3530805,0,Campinas,7,Mogi Mirim,31,3,1,2,0,0,CENTRO ESTADUAL DE EDUCACAO TECNOLOGICA PAULA SOUZA,33,15714,Fatec Arthur Azevedo - Mogi Mirim,FATECMM,Rua Ariovaldo Silveira Franco,567,Fatec,Jardim 31 de Março,13801005.0,20,0,0,0,0,0,1,5,9,1,2,0,2,0,0,0,0,0,1,1,0,0,0,0,0,67,67,10,57,0,0,20,30,17,2,0,2,32,33,2,3,8,8,12,9,7,18,59,2,3,3,0,0,67,0,0
2024,Sudeste,3,São Paulo,SP,35,Lins,3527108,0,Bauru,4,Lins,19,3,1,2,0,0,CENTRO ESTADUAL DE EDUCACAO TECNOLOGICA PAULA SOUZA,33,15715,FACULDADE DE TECNOLOGIA PROFESSOR ANTÔNIO SEABRA,FATEC LINS,Estrada Mário Covas Júnior,S/N,Km 1,Zona Rural,,8,0,0,0,0,0,2,6,0,0,0,0,0,0,0,0,0,0,0,0,1,1,1,12,1,48,48,14,34,0,0,2,29,17,0,0,0,0,48,1,3,9,6,9,10,7,3,44,0,1,2,0,1,48,0,0
2024,Sudeste,3,São Paulo,SP,35,São Caetano do Sul,3548807,0,Metropolitana de São Paulo,15,São Paulo,61,3,1,2,0,0,CENTRO ESTADUAL DE EDUCACAO TECNOLOGICA PAULA SOUZA,33,15745,Faculdade de Tecnologia de São Caetano do Sul,FATEC SCS,Rua Bell Aliance,225,-,Jardim São Caetano,9581420.0,14,0,0,0,0,2,1,3,3,2,2,1,0,0,0,0,0,0,1,0,1,0,0,0,0,102,102,30,72,0,0,23,54,25,2,0,2,37,63,1,3,6,10,21,18,15,28,62,5,9,1,0,25,100,2,1
2024,Sudeste,3,São Paulo,SP,35,São Paulo,3550308,1,Metropolitana de São Paulo,15,São Paulo,61,3,1,2,0,0,CENTRO ESTADUAL DE EDUCACAO TECNOLOGICA PAULA SOUZA,33,15746,Faculdade de Tecnologia do Ipiranga,FATECIPI,Rua Frei João,59,-,Vila Nair,4280130.0,13,0,0,0,0,2,1,3,6,0,0,0,1,0,0,0,0,0,0,0,0,0,0,0,0,90,90,30,60,0,0,11,48,31,0,0,0,0,90,0,2,5,4,14,13,22,30,65,1,6,2,0,16,90,0,1
2024,Sudeste,3,São Paulo,SP,35,Guarulhos,3518800,0,Metropolitana de São Paulo,15,Guarulhos,59,3,1,2,0,0,CENTRO ESTADUAL DE EDUCACAO TECNOLOGICA PAULA SOUZA,33,15752,Faculdade de Tecnologia de Guarulhos,FATEC GR,Rua Cristobal Claudio Elillo,88,-,Parque Cecap,7190065.0,12,0,0,0,0,0,3,3,3,2,1,0,0,0,0,1,0,0,1,1,1,1,1,33,150,85,85,24,61,0,0,6,58,21,16,0,16,32,37,0,2,4,5,11,13,17,33,60,4,9,1,0,11,85,0,0
2024,Sudeste,3,São Paulo,SP,35,Jaboticabal,3524303,0,Ribeirão Preto,2,Jaboticabal,13,3,1,2,0,0,CENTRO ESTADUAL DE EDUCACAO TECNOLOGICA PAULA SOUZA,33,15753,FACULDADE DE TECNOLOGIA NILO DE STÉFANI - JABOTICABAL,FATEC JBL,Avenida Eduardo Zambianchi,31,-,Vila Industrial,14883130.0,11,0,0,0,0,0,0,4,4,1,1,1,0,0,0,0,0,0,1,1,1,1,1,0,0,64,64,30,34,0,0,5,23,36,10,6,4,2,52,0,1,7,19,15,10,8,4,53,0,6,3,0,2,64,0,0
2024,Sudeste,3,São Paulo,SP,35,Barueri,3505708,0,Metropolitana de São Paulo,15,Osasco,57,3,1,2,0,0,CENTRO ESTADUAL DE EDUCACAO TECNOLOGICA PAULA SOUZA,33,15757,Faculdade de Tecnologia de Barueri,Fatec Barueri,Avenida Carlos Capriotti,123,(Centro Comercial Barueri),Centro,6401136.0,16,0,0,0,0,5,4,2,3,2,0,0,0,0,0,0,0,0,1,0,1,0,1,0,0,120,120,47,73,0,0,22,49,49,8,0,8,0,112,0,5,13,17,17,19,21,28,100,5,12,2,0,1,120,0,0
2024,Sudeste,3,São Paulo,SP,35,Jales,3524808,0,São José do Rio Preto,1,Jales,1,3,1,2,0,0,CENTRO ESTADUAL DE EDUCACAO TECNOLOGICA PAULA SOUZA,33,15769,Faculdade de Tecnologia de Jales,Fatec Jales,Rua Vicente Leporace,2630,-,Jardim Trianon,15703116.0,12,0,0,0,0,1,0,2,2,5,2,0,0,0,0,0,0,0,1,0,1,1,1,0,0,45,45,15,30,0,0,12,21,12,6,0,6,28,11,0,2,3,10,13,9,7,1,40,0,4,1,0,0,45,0,0
2024,Sudeste,3,São Paulo,SP,35,Marília,3529005,0,Marília,9,Marília,38,3,1,2,0,0,CENTRO ESTADUAL DE EDUCACAO TECNOLOGICA PAULA SOUZA,33,15784,Faculdade de Tecnologia Estudante Rafael Almeida Camarinha - Marilia,Fatec Marilia,Avenida Castro Alves,62,- até 1260/1261,Somenzari,17506000.0,15,0,0,0,0,1,0,4,3,0,4,0,2,1,0,0,0,0,1,0,1,1,1,0,0,44,44,27,17,0,0,4,12,28,0,0,0,0,44,0,0,5,11,7,11,4,6,35,0,2,5,0,2,44,0,0
2024,Sudeste,3,São Paulo,SP,35,São Sebastião,3550704,0,Vale do Paraíba Paulista,13,Caraguatatuba,54,3,1,2,0,0,CENTRO ESTADUAL DE EDUCACAO TECNOLOGICA PAULA SOUZA,33,15793,Faculdade de Tecnologia de São Sebastião,Fatec SS,Rua Ítalo Nascimento,366,-,Porto Grande,11600970.0,14,0,0,0,0,2,2,5,4,0,0,1,0,0,0,0,0,0,1,0,1,1,1,0,0,42,42,13,29,0,0,11,22,9,0,0,0,0,42,0,1,3,9,7,7,6,9,35,1,0,1,0,5,42,0,0
2024,Sudeste,3,São Paulo,SP,35,Tatuí,3554003,0,Itapetininga,11,Tatuí,43,3,1,2,0,0,CENTRO ESTADUAL DE EDUCACAO TECNOLOGICA PAULA SOUZA,33,15803,FACULDADE DE TECNOLOGIA DE TATUÍ - PROF. WILSON ROBERTO RIBEIRO DE CAMARGO,FATEC TATUÍ,ROD. MARIO BATISTA MORI,971,-,JD AEROPORTO,,23,0,0,0,0,2,1,4,8,5,2,0,1,0,0,0,0,0,0,1,1,0,0,0,0,126,126,32,94,0,0,40,54,32,6,5,1,1,119,2,8,20,12,18,17,15,34,103,4,12,2,0,5,126,0,0
2024,Sudeste,3,São Paulo,SP,35,Marília,3529005,0,Marília,9,Marília,38,3,2,5,0,0,ASSOCIACAO EDUCACIONAL LATINO AMERICANA,15215,15859,Faculdade Católica Paulista,FACAP,Avenida Cristo Rei,270-305,-,Banzato,17515200.0,122,0,0,0,0,17,7,34,10,17,6,14,8,5,4,0,0,1,1,1,1,1,1,0,31627,158,158,75,83,0,0,4,84,70,35,33,2,123,0,3,40,35,27,29,11,8,5,110,2,11,3,0,32,157,1,1
2024,Sudeste,3,São Paulo,SP,35,Pindamonhangaba,3538006,0,Vale do Paraíba Paulista,13,São José dos Campos,50,3,2,5,0,0,INSTITUTO BIBLICO DAS ASSEMBLEIAS DE DEUS,14967,15922,Faculdade FABAD,FABAD,Rua São João Bosco,1114,Unidade IBAD,Santana,12403010.0,34,0,1,0,0,14,9,4,4,2,0,0,0,0,0,1,0,1,1,1,1,1,1,38000,6000,12,12,5,7,0,0,3,2,7,2,1,1,10,0,0,2,2,4,2,0,1,1,8,0,3,0,0,1,12,0,0
2024,Sudeste,3,Espírito Santo,ES,32,Linhares,3203205,0,Litoral Norte Espírito-santense,2,Linhares,6,3,1,3,0,0,FACELI - FUNDACAO FACULDADES INTEGRADAS DE ENSINO SUPERIOR DO MUNICIPIO DE LINHARES,13139,16010,FACULDADE DE ENSINO SUPERIOR DE LINHARES,FACELI,Avenida Presidente Costa e Silva,177,-,Novo Horizonte,29902120.0,35,0,0,0,0,1,4,11,2,6,5,2,3,0,1,0,0,0,1,1,1,0,1,0,0,48,48,19,29,0,0,0,28,20,0,0,0,48,0,2,3,10,12,11,4,6,0,34,3,11,0,0,0,48,0,1
2024,Sudeste,3,São Paulo,SP,35,Barra Bonita,3505302,0,Bauru,4,Jaú,21,3,2,4,0,0,IERT- INSTITUICOES DE ENSINO REUNIDAS TIETE LTDA,15328,16194,Faculdade Gran Tietê,FGT,Avenida Quinze de Novembro,170,-,Centro,17340047.0,15,0,0,3,2,7,0,2,1,0,0,0,0,0,0,1,0,0,1,0,1,1,0,384,11973,65,65,29,36,0,0,25,21,19,14,3,11,40,11,5,9,12,13,13,4,6,3,56,0,6,0,0,3,65,0,1
2024,Sudeste,3,São Paulo,SP,35,Carapicuíba,3510609,0,Metropolitana de São Paulo,15,Osasco,57,3,1,2,0,0,CENTRO ESTADUAL DE EDUCACAO TECNOLOGICA PAULA SOUZA,33,16395,Faculdade de Tecnologia de Carapicuiba,FATEC,Avenida Francisco Pignatari,650,-,Vila Gustavo Correia,6310390.0,18,0,0,0,0,0,2,4,5,3,3,0,0,1,0,0,0,0,1,0,0,0,0,0,0,89,89,34,55,0,0,14,44,31,0,0,0,0,89,2,1,7,5,11,21,11,31,68,6,8,2,0,5,85,4,0
2024,Sudeste,3,São Paulo,SP,35,Catanduva,3511102,0,São José do Rio Preto,1,Catanduva,5,3,1,2,0,0,CENTRO ESTADUAL DE EDUCACAO TECNOLOGICA PAULA SOUZA,33,16410,Faculdade de Tecnologia de Catanduva,FATEC Catanduva,Rua Maranhão,898,-,Centro,15800020.0,12,0,0,0,0,1,1,1,2,5,1,0,1,0,0,0,0,0,1,1,1,1,1,0,0,49,49,16,33,0,0,9,21,19,4,0,4,40,5,0,4,8,8,8,9,6,6,47,0,2,0,0,0,49,0,0
2024,Sudeste,3,São Paulo,SP,35,Ribeirão Preto,3543402,0,Ribeirão Preto,2,Ribeirão Preto,14,3,2,4,0,0,METROPOLITAN EDUCACAO LTDA.,15474,16543,Faculdade Metropolitana do Estado de São Paulo,FAMEESP,Avenida Presidente Kennedy,1693 - 1677,Unidade Kennedy,Parque Industrial Lagoinha,14095220.0,97,0,0,2,0,39,9,26,14,2,1,1,0,2,1,0,0,0,1,1,1,1,0,0,17448,72,72,40,32,0,0,5,41,26,31,0,31,34,7,5,12,11,19,10,9,4,2,42,1,3,0,0,26,72,0,0
2024,Sudeste,3,Minas Gerais,MG,31,Capelinha,3112307,0,Jequitinhonha,3,Capelinha,11,3,2,4,0,0,INSTITUTO EDUCACIONAL ALFAUNIPAC S.A.,2371,16556,Faculdade ALFAUNIPAC de Capelinha,,Rua Jacinto Jose Ribeiro,955,ALFAUNIPAC CAPELINHA,Centro,39680000.0,2,0,0,0,0,1,0,1,0,0,0,0,0,0,0,1,0,1,1,0,1,1,1,10,10,6,6,3,3,0,0,0,3,3,2,0,2,4,0,0,0,0,3,2,0,1,0,5,1,0,0,0,0,6,0,0
2024,Sudeste,3,São Paulo,SP,35,São Paulo,3550308,1,Metropolitana de São Paulo,15,São Paulo,61,3,2,5,0,0,ASSOCIACAO CULTURA INGLESA - SAO PAULO,15557,16864,Faculdade Cultura Inglesa,FCI,Avenida Higienópolis,449,Higienopolis,Higienópolis,1238001.0,5,0,0,0,0,0,0,3,0,1,0,0,0,1,0,0,0,1,1,1,1,0,1,6607,14300,6,6,4,2,0,0,0,3,3,2,2,0,4,0,0,0,1,0,0,2,2,1,4,0,0,0,0,2,6,0,0
2024,Sudeste,3,São Paulo,SP,35,São Paulo,3550308,1,Metropolitana de São Paulo,15,São Paulo,61,3,2,4,0,0,ACADEMIA MELIES DE ENSINO LTDA,15572,16934,Faculdade Méliès,MÉLIÈS,Avenida Ibirapuera,2657,Polo Sede,Indianópolis,4029200.0,37,1,0,1,1,8,5,5,8,5,1,1,0,0,1,0,0,1,1,0,1,0,0,79,0,32,32,9,23,0,0,21,9,2,15,10,5,12,5,5,5,6,4,7,5,0,0,29,0,2,1,0,0,31,1,0
2024,Sudeste,3,São Paulo,SP,35,São Paulo,3550308,1,Metropolitana de São Paulo,15,São Paulo,61,3,2,5,0,0,ESCOLA DE EDUCACAO SUPERIOR SAO JOSE,15603,17014,CENTRO SUPERIOR DE ESTUDOS JURÍDICOS CARLOS DRUMMOND DE ANDRADE,CSEJCDA,Rua Comendador Cantinho,394,-,Penha de França,3603020.0,16,0,0,1,1,5,3,2,1,0,0,2,0,1,0,1,0,1,1,1,1,1,1,165,13157,15,15,3,12,0,0,1,10,4,2,0,2,12,1,0,0,2,3,1,5,1,3,9,1,2,0,0,3,15,0,0
2024,Sudeste,3,Minas Gerais,MG,31,Caratinga,3113404,0,Vale do Rio Doce,8,Caratinga,40,3,2,4,0,0,INSTITUTO DOCTUM DE EDUCACAO E TECNOLOGIA LTDA,1172,17289,Faculdade Uriel de Almeida Leitão,,Rua João Pinheiro,147,-,Centro,35300037.0,309,1,1,3,0,67,31,93,65,28,10,0,6,0,4,0,0,1,1,1,1,1,0,779,14900,25,25,4,21,0,0,0,13,12,0,0,0,25,0,0,4,3,5,7,3,1,2,15,1,4,0,0,5,25,0,0
2024,Sudeste,3,Minas Gerais,MG,31,Itabirito,3131901,0,Metropolitana de Belo Horizonte,7,Ouro Preto,33,3,2,5,0,0,ASSOCIACAO DE ENSINO SUPERIOR DOS INCONFIDENTES - ASESI,1209,17348,Faculdade Alis de Itabirito,,Rua Matozinhos,293,-,Matozinhos,35452056.0,11,1,0,0,0,3,2,0,0,2,0,3,0,0,0,0,0,1,1,1,1,1,1,0,6251,34,34,21,13,0,0,8,17,9,8,1,7,16,10,4,8,7,5,6,3,1,0,22,2,3,0,0,7,34,0,0
2024,Sudeste,3,São Paulo,SP,35,São Paulo,3550308,1,Metropolitana de São Paulo,15,São Paulo,61,3,2,5,0,0,HOSPITAL ALEMAO OSWALDO CRUZ,10939,17355,Faculdade de Educação em Ciências da Saúde,FECS,Rua João Julião,331,Bloco D 1º andar,Bela Vista,1323020.0,18,0,0,0,0,4,1,3,0,6,3,1,0,0,0,1,0,1,0,1,1,0,1,0,8235,30,30,19,11,0,0,10,10,10,4,3,1,0,26,1,3,3,7,6,3,3,4,14,0,4,0,0,12,29,1,0
2024,Sudeste,3,São Paulo,SP,35,Botucatu,3507506,0,Bauru,4,Botucatu,23,3,2,4,0,0,UNIBR FACULDADE DE BOTUCATU LTDA.,17133,17593,Faculdade de Botucatu,FDB,Avenida Paula Vieira,542,Bairro Vila Ema,Vila Jahu,18611020.0,10,1,0,0,0,1,3,4,0,1,0,0,0,0,0,1,0,1,1,1,1,1,1,2580,2580,30,30,16,14,0,0,8,9,13,6,0,6,22,2,1,7,3,4,6,4,4,1,28,0,1,0,0,1,30,0,0
2024,Sudeste,3,São Paulo,SP,35,Sorocaba,3552205,0,Macro Metropolitana Paulista,12,Sorocaba,46,3,2,4,0,0,INSTITUICAO EDUCACIONAL WLASAN,15742,17598,FACULDADE PROF. WLADEMIR DOS SANTOS,WLASAN,Avenida Professor Arthur Fonseca,633,-,Jardim Emília,18031005.0,5,0,0,0,0,0,0,2,0,2,0,0,0,1,0,0,0,1,0,1,1,1,1,16,300000,13,13,12,1,0,0,3,9,1,8,8,0,3,2,1,1,2,4,1,0,2,2,13,0,0,0,0,0,13,0,0
2024,Sudeste,3,São Paulo,SP,35,São Paulo,3550308,1,Metropolitana de São Paulo,15,São Paulo,61,2,2,5,0,0,"INSTITUTO NACIONAL DE ESPECIALIZACAO, EDUCACAO E QUALIFICACAO PROFISSIONAL - INEEQ",16975,17608,Centro Universitário Faep,,Rua Cordeiro da Silva,185,-,Vila Nova Parada,2883090.0,30,0,0,0,0,9,3,7,6,3,2,0,0,0,0,0,0,1,1,1,1,1,1,10000,10000,6,6,1,5,0,0,0,0,6,6,3,3,0,0,0,1,0,1,1,1,1,1,4,0,1,0,0,1,6,0,0
2024,Sudeste,3,São Paulo,SP,35,Botucatu,3507506,0,Bauru,4,Botucatu,23,3,2,4,0,0,FRB- FACULDADES REUNIDAS DE BOTUCATU LTDA,16931,17662,Faculdade Galileu,FG,Avenida Marginal 200,680,Isaac Newton,Vila Real,18606294.0,18,1,1,1,0,5,0,7,1,2,0,0,0,0,0,0,0,1,1,1,1,0,0,563,14256,107,107,54,53,0,0,24,42,41,23,0,23,53,31,8,18,23,18,18,11,7,4,82,1,10,0,0,14,107,0,0
2024,Sudeste,3,São Paulo,SP,35,Campinas,3509502,0,Campinas,7,Campinas,32,3,2,5,0,0,SERVICO NACIONAL DE APRENDIZAGEM INDUSTRIAL,796,17690,FACULDADE DE TECNOLOGIA SENAI ROBERTO MANGE,,Rua Pastor Cícero Canuto de Lima,71,-,Parque Itália,13036210.0,29,0,0,0,0,2,2,9,9,1,4,0,2,0,0,0,0,1,1,1,1,1,1,1700,16947,15,15,2,13,0,0,8,7,0,0,0,0,15,0,1,1,4,3,2,2,2,0,12,0,1,2,0,0,15,0,0
2024,Sudeste,3,São Paulo,SP,35,Sorocaba,3552205,0,Macro Metropolitana Paulista,12,Sorocaba,46,3,2,5,0,0,SERVICO NACIONAL DE APRENDIZAGEM INDUSTRIAL,796,17691,FACULDADE DE TECNOLOGIA SENAI GASPAR RICARDO JUNIOR,,Praça Roberto Mange,S/N,-,Jardim Santa Rosália,18090110.0,4,0,0,0,0,0,0,2,0,1,0,0,1,0,0,0,0,1,0,1,1,1,1,5492,16939,11,11,1,10,0,0,5,4,2,3,0,3,7,1,1,1,4,2,1,1,1,0,8,0,2,1,0,0,11,0,0
2024,Sudeste,3,São Paulo,SP,35,São Paulo,3550308,1,Metropolitana de São Paulo,15,São Paulo,61,3,2,5,0,0,SERVICO SOCIAL DA INDUSTRIA - SESI,15799,17731,FACULDADE SESI-SP DE EDUCAÇÃO,FASESP,Rua Carlos Weber,835,-,Vila Leopoldina,5303000.0,15,0,0,0,0,0,0,5,4,4,1,1,0,0,0,0,0,1,1,1,1,0,1,564,15915,37,37,20,17,0,0,4,13,20,34,7,27,0,3,0,5,8,9,6,3,1,5,28,4,3,0,0,2,37,0,0
2024,Sudeste,3,Rio de Janeiro,RJ,33,Rio de Janeiro,3304557,1,Metropolitana do Rio de Janeiro,6,Rio de Janeiro,18,3,2,5,0,0,FUNDACAO CESGRANRIO,15800,17738,Faculdade Cesgranrio,FACESGRANRIO,Rua Santa Alexandrina,1011,Reitoria,Rio Comprido,20261235.0,19,1,1,0,2,2,2,3,2,2,1,2,1,0,0,1,0,0,1,0,1,0,0,180,403,73,73,42,31,0,0,10,33,30,25,0,25,12,36,0,1,1,4,15,9,17,26,51,2,9,0,0,11,73,0,0
2024,Sudeste,3,Espírito Santo,ES,32,Cachoeiro de Itapemirim,3201209,0,Sul Espírito-santense,4,Cachoeiro de Itapemirim,12,3,2,4,0,0,GVIX EDUCACAO LTDA,15805,17749,Faculdade América,América,Rodovia Engenheiro Fabiano Vivacqua,165,Cachoeiro de Itapemirim,Marbrasa,29313656.0,6,0,0,0,0,2,3,1,0,0,0,0,0,0,0,0,0,1,1,1,1,1,1,70,27000,23,23,16,7,0,0,9,9,5,0,0,0,0,23,4,6,3,3,3,2,0,2,18,0,5,0,0,0,23,0,0
2024,Sudeste,3,São Paulo,SP,35,Dracena,3514403,0,Presidente Prudente,8,Dracena,34,3,2,4,0,0,UNIESP S.A,16134,17839,FACULDADE DE DRACENA,,Avenida Expedicionários,1.413,-,Centro,17900000.0,7,0,0,1,1,0,1,1,0,1,1,0,1,0,0,0,0,1,1,1,1,1,1,22203,14701,8,8,3,5,0,0,4,2,2,3,0,3,4,1,2,2,0,0,0,2,1,1,8,0,0,0,0,0,8,0,0
2024,Sudeste,3,São Paulo,SP,35,Taboão da Serra,3552809,0,Metropolitana de São Paulo,15,Itapecerica da Serra,60,2,2,4,0,0,FEDERAL EDUCACIONAL LTDA.,15868,17854,Centro Universitário Unifecaf,,Avenida Vida Nova,166,SEDE NOVA,Jardim Maria Rosa,6764045.0,274,5,0,12,4,153,38,22,5,10,7,8,2,5,3,0,0,1,1,1,1,1,1,365,16947,160,160,68,92,0,0,71,65,24,34,1,33,114,12,7,14,17,37,43,18,12,12,89,6,41,2,0,22,160,0,1
2024,Sudeste,3,São Paulo,SP,35,São José dos Campos,3549904,0,Vale do Paraíba Paulista,13,São José dos Campos,50,3,2,4,0,0,SAO JOSE DOS CAMPOS EDUCACIONAL LTDA,15883,17887,Faculdade de Ciências Médicas de São José dos Campos,,Avenida Isaur de Pinho Nogueira,5900,Faculdade de Ciências Médicas de São José dos Campos,Vila Tatetuba,12220000.0,62,0,3,1,0,6,8,18,3,15,2,0,5,0,1,0,0,1,0,1,1,1,1,1200,2700,55,55,29,26,0,0,7,14,34,12,0,12,41,2,1,2,3,4,11,9,9,16,51,0,3,0,0,1,55,0,1
2024,Sudeste,3,São Paulo,SP,35,Jundiaí,3525904,0,Macro Metropolitana Paulista,12,Jundiaí,47,3,2,4,0,0,CENTRO DE ESTUDOS DE ADMINISTRACAO E MARKETING CEAM LTDA,918,17902,FACULDADE ESAMC JUNDIAÍ,ESAMC,Rua Coronel Boaventura Mendes Pereira,211,-,Vila Boaventura,13201801.0,1,0,0,0,0,0,0,0,0,0,1,0,0,0,0,1,0,1,1,1,1,0,1,1000,216000,26,26,6,20,0,0,18,7,1,0,0,0,26,0,0,6,6,7,2,3,1,1,10,0,3,0,0,13,26,0,0
2024,Sudeste,3,São Paulo,SP,35,São Paulo,3550308,1,Metropolitana de São Paulo,15,São Paulo,61,3,2,4,0,0,FACULDADE NOVA GERACAO LTDA.,15894,17926,Faculdade de Ensino Superior Paschoal Dantas,,Avenida Pires do Rio,2801,-,Jardim São Sebastião,8041000.0,20,0,0,0,0,2,1,0,2,3,1,5,4,0,2,0,0,1,0,1,1,1,0,10,300,17,17,8,9,0,0,4,10,3,1,1,0,2,14,1,2,0,2,2,4,2,4,12,0,5,0,0,0,17,0,0
2024,Sudeste,3,São Paulo,SP,35,Itapevi,3522505,0,Metropolitana de São Paulo,15,Osasco,57,3,2,4,0,0,CENTRO TECNOLOGICO DE ITAPEVI LTDA,15896,17928,Faculdade Aliança Educacional do Estado de São Paulo,,Avenida Presidente Vargas,403-425,Endereço FAEESP -,Nova Itapevi,6694000.0,6,0,0,0,0,2,1,1,1,0,1,0,0,0,0,1,0,1,1,1,1,1,1,56,7890,8,8,3,5,0,0,6,1,1,5,2,3,3,0,0,1,1,2,0,1,0,3,5,0,2,1,0,0,8,0,0
2024,Sudeste,3,São Paulo,SP,35,São Paulo,3550308,1,Metropolitana de São Paulo,15,São Paulo,61,3,1,2,0,0,CENTRO ESTADUAL DE EDUCACAO TECNOLOGICA PAULA SOUZA,33,17942,Faculdade de Tecnologia do Tatuapé,FATEC-TT,Rua Antônio de Barros,800,- de 701/702 a 1349/1350,Tatuapé,3401000.0,15,0,0,0,0,0,0,9,3,2,1,0,0,0,0,0,0,0,1,1,0,0,1,0,0,88,88,27,61,0,0,11,41,36,2,0,2,47,39,0,2,6,10,20,18,15,17,70,2,10,5,0,1,88,0,0
2024,Sudeste,3,São Paulo,SP,35,Jacareí,3524402,0,Vale do Paraíba Paulista,13,São José dos Campos,50,3,1,2,0,0,CENTRO ESTADUAL DE EDUCACAO TECNOLOGICA PAULA SOUZA,33,17952,Faculdade de Tecnologia de Jacareí,FATEC Jacareí,Avenida Faria Lima,155,-,Jardim Santa Maria,12328070.0,9,0,0,0,0,1,1,4,1,1,1,0,0,0,0,0,0,0,0,0,0,1,0,0,0,45,45,18,27,0,0,12,19,14,4,0,4,1,40,0,0,1,8,12,8,6,10,32,1,4,2,0,6,45,0,0
2024,Sudeste,3,São Paulo,SP,35,Pompéia,3540002,0,Marília,9,Marília,38,3,1,2,0,0,CENTRO ESTADUAL DE EDUCACAO TECNOLOGICA PAULA SOUZA,33,17953,Faculdade de Tecnologia de Pompeia - Shunji Nishimura,FATEC Pompeia,Av. Fundação Shunji Nishimura e Tecnologia,605,-,Distrito Industrial,17580000.0,9,0,0,0,0,2,0,3,4,0,0,0,0,0,0,0,0,0,1,1,0,0,0,0,0,45,45,14,31,0,0,6,21,18,1,0,1,0,44,1,0,5,14,8,6,7,4,40,0,3,2,0,0,45,0,0
2024,Sudeste,3,São Paulo,SP,35,São Paulo,3550308,1,Metropolitana de São Paulo,15,São Paulo,61,3,1,2,0,0,CENTRO ESTADUAL DE EDUCACAO TECNOLOGICA PAULA SOUZA,33,17977,Faculdade de Tecnologia de Itaquera,FATEC ITAQUERA,Avenida Miguel Ignácio Curi,s/n,-,Vila Carmosina,8295005.0,16,0,0,0,0,1,0,3,1,7,4,0,0,0,0,0,0,0,1,0,1,1,0,0,0,159,159,31,128,0,0,19,87,53,2,2,0,1,156,0,4,16,27,26,26,30,30,115,8,24,3,2,7,158,1,0
2024,Sudeste,3,São Paulo,SP,35,São Paulo,3550308,1,Metropolitana de São Paulo,15,São Paulo,61,3,2,5,0,0,"CENTRO INTERNACIONAL DE ESTUDOS DE FISIOTERAPIA, ACUPUNTURA E TERAPIAS ORIENTAIS",15891,18035,Escola Brasileira de Medicina Chinesa,EBRAMEC,Rua Visconde de Parnaíba,2737,Sede Faculdade EBRAMEC,Brás,3045002.0,27,0,0,0,1,4,6,3,7,2,2,0,0,2,0,0,0,0,1,1,1,0,1,0,17287,14,14,11,3,0,0,6,4,4,2,1,1,7,5,0,0,2,4,5,2,0,1,11,1,1,1,0,0,14,0,0
2024,Sudeste,3,Rio de Janeiro,RJ,33,Três Rios,3306008,0,Centro Fluminense,3,Três Rios,5,3,2,4,0,0,SOEGAR-SOCIEDADE EDUCACIONAL GARDINGO LTDA - EPP,3092,18048,Faculdade Vértix Trirriense,FVT,Rua Ernesto Medeiros,s/n,Univértix Purys,Purys,25808100.0,29,0,0,0,1,10,4,6,0,2,2,1,1,0,2,0,0,1,1,1,1,1,1,752,10000,59,59,26,33,0,0,23,27,9,8,0,8,51,0,4,13,8,13,8,10,2,1,34,1,4,0,0,20,59,0,0
2024,Sudeste,3,São Paulo,SP,35,Taubaté,3554102,0,Vale do Paraíba Paulista,13,São José dos Campos,50,3,1,2,0,0,CENTRO ESTADUAL DE EDUCACAO TECNOLOGICA PAULA SOUZA,33,18049,Faculdade de Tecnologia de Taubaté,FATEC TAUBATÉ,Avenida Tomé Portes Del Rei,525,-,Vila São José,12070610.0,14,0,0,1,0,0,0,3,5,3,2,0,0,0,0,0,0,0,0,0,1,0,0,0,0,51,51,17,34,0,1,11,33,6,50,50,0,0,1,0,1,7,9,8,9,10,7,39,1,2,0,0,9,51,0,0
2024,Sudeste,3,São Paulo,SP,35,São Paulo,3550308,1,Metropolitana de São Paulo,15,São Paulo,61,3,2,4,0,0,FACULDADE UNIAO BRASILEIRA LTDA.,15940,18066,Faculdade de Ciências e Tecnologia Paschoal Dantas,,Avenida Afonso de Sampaio e Sousa,495,- até 698/699,Jardim Nossa Senhora do Carmo,8270000.0,9,0,0,0,0,0,1,1,0,2,0,2,1,0,2,0,0,0,0,1,1,1,0,0,300,12,12,5,7,0,0,6,4,2,0,0,0,1,11,0,1,1,3,2,2,2,1,4,3,5,0,0,0,12,0,0
2024,Sudeste,3,São Paulo,SP,35,Diadema,3513801,0,Metropolitana de São Paulo,15,São Paulo,61,3,1,2,0,0,CENTRO ESTADUAL DE EDUCACAO TECNOLOGICA PAULA SOUZA,33,18099,Faculdade de Tecnologia de Diadema Luigi Papaiz,FATEC DIADEMA,Avenida Luiz Merenda,503,-,Campanário,9931390.0,11,0,0,0,0,1,4,5,0,0,0,0,0,1,0,0,0,0,1,0,0,1,0,0,0,95,95,24,71,0,0,12,54,29,2,0,2,22,71,1,3,11,11,18,17,13,21,68,5,13,1,0,8,95,0,0
2024,Sudeste,3,São Paulo,SP,35,São Paulo,3550308,1,Metropolitana de São Paulo,15,São Paulo,61,1,1,2,0,0,FUNDACAO UNIVERSIDADE VIRTUAL DO ESTADO DE SAO PAULO-UNIVESP,15958,18165,Fundação Universidade Virtual do Estado de São Paulo,UNIVESP,"R Bela Cintra, Edifício Adélia Saliba",847,8º e 9º Andar,Consolação,1415903.0,101,0,0,0,0,1,3,23,31,8,1,11,8,10,5,1,0,0,1,0,0,1,0,0,310405,107,107,47,60,0,0,0,0,107,5,0,5,0,102,0,2,10,24,24,18,14,15,75,3,5,1,1,22,105,2,0
2024,Sudeste,3,São Paulo,SP,35,Mauá,3529401,0,Metropolitana de São Paulo,15,São Paulo,61,3,2,4,0,0,UNIAO EDUCACIONAL MAUA LTDA,17030,18258,FACULDADE UNIFICADA DO ESTADO DE SÃO PAULO,FAUESP,Rua Luís Lacava,239,-,Vila Bocaina,9310080.0,38,0,0,2,0,23,3,7,3,0,0,0,0,0,0,0,0,1,1,1,1,1,1,128,2132,4,4,2,2,0,0,1,3,0,0,0,0,4,0,0,0,0,0,1,1,1,1,2,1,1,0,0,0,4,0,0
2024,Sudeste,3,São Paulo,SP,35,Arujá,3503901,0,Metropolitana de São Paulo,15,Guarulhos,59,3,2,5,0,0,JOVENS DA VERDADE ASSOCIACAO CIVIL,15953,18288,Faculdade Latino-americana,FLAM,Estrada dos Fernandes,2680,-,Mirante do Arujá,7404165.0,10,0,0,0,0,1,0,0,1,2,2,0,1,2,1,0,0,1,0,1,1,1,1,5,359,16,16,5,11,0,0,6,4,6,1,0,1,4,11,0,1,0,3,3,3,3,3,11,2,2,1,0,0,16,0,0
2024,Sudeste,3,São Paulo,SP,35,Presidente Prudente,3541406,0,Presidente Prudente,8,Presidente Prudente,36,3,2,4,0,0,UNIAO CATALANA DA GESTAO DO CONHECIMENTO LTDA,15861,18372,Faculdade Unibras - Prudente,FACBRAS,Rua Paulo Marcondes,1447,-,Parque Residencial São Lucas,19025000.0,8,0,1,0,0,3,0,0,1,1,1,1,0,0,0,0,0,1,1,1,1,1,0,200,2500,16,16,7,9,0,0,0,7,9,12,0,12,4,0,0,2,3,4,1,3,3,0,13,0,3,0,0,0,16,0,0
2024,Sudeste,3,Minas Gerais,MG,31,Sete Lagoas,3167202,0,Metropolitana de Belo Horizonte,7,Sete Lagoas,27,3,2,4,0,0,BRASIL EDUCACAO S/A,3052,18454,Faculdade Una de Sete Lagoas,Unaset,Avenida Secretário Divino Padrão,1.411,A,Santo Antônio,35702075.0,30,2,0,0,0,12,4,5,2,1,2,1,1,0,0,1,0,1,1,1,1,1,1,18843,34716,342,342,183,159,0,0,49,198,95,1,0,1,11,330,15,51,69,52,65,48,20,22,298,9,35,0,0,0,342,0,0
2024,Sudeste,3,Minas Gerais,MG,31,Curvelo,3120904,0,Central Mineira,6,Curvelo,25,3,2,4,0,0,ISLEC - INSTITUTO SETELAGOANO DE EDUCACAO E CIENCIA LTDA,17158,18462,FACULDADE PROMOVE DE CURVELO,FACURVELO,Avenida Juscelino Kubitschek,1441,-,Passaginha,35792242.0,19,0,0,1,1,7,2,2,2,3,0,1,0,0,0,1,0,1,1,1,1,1,1,865,15341,17,17,13,4,0,0,5,5,7,2,0,2,8,7,0,3,6,1,4,1,1,1,7,1,9,0,0,0,17,0,0
2024,Sudeste,3,Minas Gerais,MG,31,Araçuaí,3103405,0,Jequitinhonha,3,Araçuaí,12,3,2,4,0,0,INSTITUTO EDUCACIONAL ALFAUNIPAC S.A.,2371,18520,Faculdade ALFAUNIPAC de Araçuaí,,Rua Monsenhor Clovis da Fonseca,30,ALFAUNIPAC Araçuaí,Renascença,39600000.0,2,0,0,0,0,1,0,1,0,0,0,0,0,0,0,0,0,0,1,1,1,1,1,1450,12409,6,6,3,3,0,0,0,2,4,3,0,3,3,0,0,1,1,3,1,0,0,0,4,1,1,0,0,0,6,0,0
2024,Sudeste,3,São Paulo,SP,35,Osasco,3534401,0,Metropolitana de São Paulo,15,Osasco,57,3,2,4,0,0,UNIESP S.A,16134,18526,FACULDADE DE OSASCO,FCO,Rua São Bento,11,-,Vila Yolanda,6120200.0,3,0,0,0,0,0,0,0,0,2,0,0,1,0,0,0,0,1,1,1,1,1,1,22203,14701,14,14,10,4,0,0,1,8,5,4,0,4,9,1,0,0,1,0,2,4,1,6,9,0,4,0,0,1,14,0,0
2024,Sudeste,3,Minas Gerais,MG,31,Governador Valadares,3127701,0,Vale do Rio Doce,8,Governador Valadares,37,3,2,5,0,0,INSTITUTO MINEIRO DE EDUCACAO SUPERIOR,16056,18637,Faculdade IMES,IMES,Rua Peçanha,662 - 10º Andar,- de 551/552 a 1130/1131,Centro,35010161.0,22,0,0,2,1,9,9,1,0,0,0,0,0,0,0,1,0,1,1,1,1,1,0,100,2400,18,18,9,9,0,0,0,12,6,1,0,1,17,0,0,1,0,2,4,4,5,2,11,2,4,0,0,1,18,0,0
2024,Sudeste,3,São Paulo,SP,35,Caçapava,3508504,0,Vale do Paraíba Paulista,13,São José dos Campos,50,3,2,4,0,0,OLHAR EDUCACIONAL LTDA,17861,18667,FACULDADE SANTO ANTÔNIO,FSA,Avenida da Saudade,26,Unidade II,Jardim Campo Grande,12282480.0,29,0,0,0,0,19,0,7,0,1,0,1,0,1,0,0,0,1,1,1,1,1,1,3780,10000,40,40,23,17,0,0,6,24,10,20,2,18,20,0,3,9,6,9,7,2,2,2,34,2,2,0,0,2,39,1,0
2024,Sudeste,3,Minas Gerais,MG,31,Guanhães,3128006,0,Vale do Rio Doce,8,Guanhães,35,3,2,4,0,0,INSTITUTO EDUCACIONAL ALFAUNIPAC S.A.,2371,18692,Faculdade ALFAUNIPAC de Guanhães,,Rua Wantuil Caldeira,544,-,Expansão,39740000.0,1,0,0,0,0,0,0,1,0,0,0,0,0,0,0,1,0,1,1,0,1,1,1,10,10,6,6,2,4,0,0,0,2,4,3,0,3,3,0,0,0,2,2,1,0,1,0,5,1,0,0,0,0,6,0,0
2024,Sudeste,3,São Paulo,SP,35,Campinas,3509502,0,Campinas,7,Campinas,32,3,2,4,0,0,ZAYN INSTITUTO MINEIRO DE FORMACAO CONTINUADA EIRELI,17993,18696,FACULDADE DYNAMUS DE CAMPINAS,FADYC,Rua Buarque de Macedo,991,Faculdade FEBRACIS,Jardim Brasil,13073010.0,17,1,1,2,0,1,0,4,0,2,0,3,0,3,0,0,0,0,1,1,1,1,1,120,12000,1,1,1,0,0,0,0,0,1,1,1,0,0,0,0,0,0,0,1,0,0,0,1,0,0,0,0,0,1,0,0
2024,Sudeste,3,São Paulo,SP,35,São Paulo,3550308,1,Metropolitana de São Paulo,15,São Paulo,61,3,2,5,0,0,INSTITUTO EDUCA MAIS (IE+),17375,18711,FACULDADE INOVA MAIS DE SÃO PAULO,FIMSP,Rua Conde do Pinhal,78,SEDE CONDE DO PINHAL,Centro,1501060.0,48,0,0,0,0,19,7,11,8,2,1,0,0,0,0,0,0,1,1,1,1,1,1,280,14000,28,28,6,22,0,0,2,20,6,9,0,9,18,1,2,4,2,3,2,4,5,6,19,0,7,0,0,2,28,0,0
2024,Sudeste,3,São Paulo,SP,35,Martinópolis,3529203,0,Presidente Prudente,8,Presidente Prudente,36,3,2,4,0,0,THE PRICE BOSS - INTELIGENCIA ORGANIZACIONAL S/S LTDA,16101,18734,Faculdade de Martinópolis,FAMA,Rua Nelson Joaquim Senteio,370,-,Centro,19500000.0,5,1,0,1,0,3,0,0,0,0,0,0,0,0,0,0,0,1,1,0,1,1,0,5,10000,13,13,8,5,0,0,8,5,0,1,1,0,12,0,1,2,2,2,4,2,0,0,10,0,2,0,0,1,13,0,0
2024,Sudeste,3,São Paulo,SP,35,São Roque,3550605,0,Macro Metropolitana Paulista,12,Sorocaba,46,3,1,2,0,0,CENTRO ESTADUAL DE EDUCACAO TECNOLOGICA PAULA SOUZA,33,18817,Faculdade de Tecnologia de São Roque,FATEC-SR,Rua Marechal Deodoro da Fonseca,132,-,Centro,18130070.0,19,0,0,0,0,2,1,7,4,0,3,0,2,0,0,0,0,0,1,1,1,1,1,0,0,56,56,24,32,0,0,20,24,12,3,0,3,10,43,0,2,9,13,12,7,7,6,29,2,9,2,0,14,55,1,0
2024,Sudeste,3,Minas Gerais,MG,31,Itaúna,3133808,0,Oeste de Minas,9,Divinópolis,43,3,2,4,0,0,"FACULDADE DE ADMINISTRACAO, CIENCIAS E EDUCACAO - FAMART LTDA",16165,18952,Faculdade FAMART,,Rua Osório Santos,207,-,Nogueira Machado,35680229.0,119,0,0,0,0,10,10,35,15,13,8,10,10,5,3,0,0,0,1,1,1,1,1,172,8553,17,17,10,7,0,0,1,11,5,14,2,12,3,0,0,2,3,5,4,2,1,0,10,0,7,0,0,0,17,0,0
2024,Sudeste,3,Minas Gerais,MG,31,Janaúba,3135100,0,Norte de Minas,2,Janaúba,4,3,2,5,0,0,ASSOCIACAO EDUCATIVA DE JANAUBA - SOEDUCAR,12312,18956,Faculdade de Ciências e Tecnologia de Janaúba,FACITEC,Rua Cirilo Barbosa,18,-,Centro,39442014.0,18,0,0,1,0,6,1,3,1,1,0,2,3,0,0,0,0,1,1,1,1,1,1,30,13000,21,21,10,11,0,0,1,15,5,8,0,8,13,0,0,3,8,3,2,3,2,0,6,2,13,0,0,0,21,0,0
2024,Sudeste,3,Espírito Santo,ES,32,Vila Velha,3205200,0,Central Espírito-santense,3,Vitória,9,3,2,4,0,0,"MULTIVIX VILA VELHA - ENSINO, PESQUISA E EXTENSAO LTDA",16177,18979,Faculdade Multivix Vila Velha,MULTIVIX VILA V,Rodovia do Sol,3990,Unidade Sede,Jockey de Itaparica,29103800.0,101,1,0,8,3,35,19,12,3,4,0,6,3,4,3,0,0,1,1,0,1,0,0,5000,25000,86,86,47,39,0,0,21,49,16,17,0,17,66,3,8,22,20,17,12,3,3,1,48,3,26,1,0,8,86,0,0
2024,Sudeste,3,Minas Gerais,MG,31,Belo Horizonte,3106200,1,Metropolitana de Belo Horizonte,7,Belo Horizonte,30,3,2,4,0,0,SUPREMO IDDE INSTITUTO PARA O DESENVOLVIMENTO DEMOCRATICO LTDA.,15878,19207,Faculdade Supremo,Supremo,Cristóvão Colombo,596,-,Savassi,30140150.0,8,0,0,0,0,1,1,1,1,1,1,1,1,0,0,1,0,1,1,1,1,1,0,15,75,3,3,1,2,0,0,0,1,2,1,0,1,2,0,0,0,2,0,1,0,0,0,2,0,1,0,0,0,3,0,0
2024,Sudeste,3,São Paulo,SP,35,Taguaí,3553005,0,Assis,10,Ourinhos,40,3,2,4,0,0,INSTITUTO DE SERVICOS EDUCACIONAIS VALE DO PARANAPANEMA LTDA,16142,19210,Faculdades Integradas de Taguaí,FIT,Rua das Acácias,110,-,Jardim Primavera I,18890000.0,4,0,0,0,0,1,3,0,0,0,0,0,0,0,0,1,0,0,1,0,1,1,0,200,191346,36,36,15,21,0,0,18,14,4,5,4,1,7,24,3,3,3,12,7,5,3,0,34,0,2,0,0,0,36,0,0
2024,Sudeste,3,São Paulo,SP,35,São Paulo,3550308,1,Metropolitana de São Paulo,15,São Paulo,61,3,2,4,0,0,ASSOCIACAO DE ENSINO ALPHA CHANNEL,17119,19252,FACULDADE DE TECNOLOGIA ALPHA CHANNEL,FATAC,Rua Vergueiro,3028,Campus Principal,Vila Mariana,4102001.0,8,0,0,0,0,1,0,1,2,3,1,0,0,0,0,0,0,1,1,1,1,1,0,20000,20000,3,3,1,2,0,0,0,0,3,0,0,0,3,0,0,0,0,0,1,1,1,0,3,0,0,0,0,0,3,0,0
2024,Sudeste,3,Minas Gerais,MG,31,Divinópolis,3122306,0,Oeste de Minas,9,Divinópolis,43,3,2,4,0,0,BRASIL EDUCACAO S/A,3052,19257,Faculdade UNA de Divinópolis,Una Divinopolis,Rua Coronel João Notini,151,CAMPUS PRINCIPAL,Centro,35500017.0,33,2,1,1,0,13,4,4,1,1,1,1,4,0,0,1,0,1,1,1,1,1,1,18843,34716,353,353,200,153,0,0,51,199,103,1,0,1,7,345,8,48,75,64,64,51,27,16,302,6,44,1,0,0,353,0,0
2024,Sudeste,3,São Paulo,SP,35,Piratininga,3539400,0,Bauru,4,Bauru,20,3,2,4,0,0,SDO SISTEMA DE DOCUMENTACAO ODONTOLOGICA LTDA,16111,19325,Faculdade do Centro Oeste Paulista,FACOP,Rua Luiz Gimenez Mosegose,72,-,Distrito Industrial,17499010.0,95,2,0,0,0,47,8,24,7,7,0,0,0,0,0,0,0,0,0,1,1,0,0,0,0,38,38,20,18,0,0,5,7,26,15,0,15,14,9,4,10,9,7,2,2,1,3,24,0,11,0,0,3,36,2,0
2024,Sudeste,3,São Paulo,SP,35,São Carlos,3548906,0,Araraquara,5,São Carlos,25,3,1,2,0,0,CENTRO ESTADUAL DE EDUCACAO TECNOLOGICA PAULA SOUZA,33,19500,Faculdade de Tecnologia de São Carlos,FATEC São Carlo,Rua Marechal Deodoro,3183,- de 2222/2223 a 3200/3201,Chácara Parollo,13560201.0,9,0,0,0,0,0,0,3,2,3,1,0,0,0,0,0,0,0,1,1,1,1,1,0,0,42,42,19,23,0,0,9,16,17,7,2,5,14,21,1,2,6,7,11,7,5,3,35,2,3,0,0,2,42,0,0
2024,Sudeste,3,São Paulo,SP,35,São Paulo,3550308,1,Metropolitana de São Paulo,15,São Paulo,61,3,1,2,0,0,CENTRO ESTADUAL DE EDUCACAO TECNOLOGICA PAULA SOUZA,33,19501,Faculdade de Tecnologia Sebrae,FATEC SEBRAE,Alameda Nothmann,598,- até 731/732,Campos Elíseos,1216000.0,7,0,0,0,0,0,1,3,1,1,1,0,0,0,0,0,0,1,1,1,1,1,1,5388,11444,40,40,14,26,0,0,2,17,21,0,0,0,0,40,0,0,0,5,5,9,11,10,29,3,1,2,0,5,40,0,0
2024,Sudeste,3,Minas Gerais,MG,31,Araguari,3103504,0,Triângulo Mineiro/Alto Paranaíba,5,Uberlândia,18,2,2,4,0,0,INSTITUTO DE ADMINISTRACAO & GESTAO EDUCACIONAL LTDA,16258,19512,Centro Universitário Imepac - Araguari,,Avenida Minas Gerais,1.889,-,Centro,38440042.0,237,9,5,10,5,54,25,42,14,30,7,13,9,5,9,1,0,1,1,1,1,1,0,19997,15532,124,124,68,56,0,0,8,61,55,41,0,41,70,13,1,13,18,19,27,21,14,11,98,3,20,1,0,2,123,1,0
2024,Sudeste,3,Minas Gerais,MG,31,Porteirinha,3152204,0,Norte de Minas,2,Janaúba,4,3,2,4,0,0,SOCIEDADE EDUCACIONAL MATO VERDE LTDA,17467,19555,Favenorte de Porteirinha,FAVEPORT,Rua Montes Claros,120,FACULDADE FAVEPORT,Eldorado,39520000.0,15,0,0,0,0,3,3,5,0,2,1,0,1,0,0,1,0,1,1,1,1,1,1,200,200,22,22,13,9,0,0,5,14,3,12,0,12,9,1,2,9,6,2,2,0,0,1,4,0,6,0,0,12,22,0,0
2024,Sudeste,3,São Paulo,SP,35,Cotia,3513009,0,Metropolitana de São Paulo,15,Itapecerica da Serra,60,3,1,2,0,0,CENTRO ESTADUAL DE EDUCACAO TECNOLOGICA PAULA SOUZA,33,19578,Faculdade de Tecnologia de Cotia,FATEC COTIA,Rua Nelson Raineri,700,-,Recanto Vista Alegre,6702155.0,11,0,0,0,0,1,4,0,3,1,2,0,0,0,0,0,0,0,0,0,0,0,0,0,0,112,112,29,83,0,1,32,45,34,6,0,6,46,60,0,4,13,17,15,12,22,29,75,6,15,5,0,11,112,0,0
2024,Sudeste,3,São Paulo,SP,35,Campinas,3509502,0,Campinas,7,Campinas,32,3,2,4,0,0,FACULDADE UNITA LTDA,15895,19586,FACULDADE UNITÀ,UNITÀ,Avenida Júlio de Mesquita,840,- de 522 ao fim - lado par,Cambuí,13025061.0,2,0,0,0,0,0,2,0,0,0,0,0,0,0,0,0,0,1,0,1,1,1,0,46,641,29,29,13,16,0,0,6,19,4,3,1,2,22,4,0,5,1,5,11,2,2,3,25,1,3,0,0,0,29,0,1
2024,Sudeste,3,Rio de Janeiro,RJ,33,Duque de Caxias,3301702,0,Metropolitana do Rio de Janeiro,6,Rio de Janeiro,18,3,1,2,0,0,FUNDACAO DE APOIO A ESCOLA TECNICA DO EST.RIO DE JANEIRO,904,19588,Faculdade de Educação Tecnológica do Estado do Rio de Janeiro,FAETERJ CAXIAS,Rua Almirante Cochrane,s/n,-,Santa Lúcia - Imbariê,,4,0,0,0,0,0,2,2,0,0,0,0,0,0,0,0,0,0,0,0,0,0,0,0,0,20,20,4,16,0,0,3,12,5,18,0,18,0,2,1,0,1,5,3,2,3,5,16,2,2,0,0,0,20,0,1
2024,Sudeste,3,São Paulo,SP,35,Campinas,3509502,0,Campinas,7,Campinas,32,3,1,2,0,0,CENTRO ESTADUAL DE EDUCACAO TECNOLOGICA PAULA SOUZA,33,19739,Faculdade de Tecnologia de Campinas,FATEC CAMPINAS,Avenida Cônego Antônio Rocato,KM 3.5,-,Chácaras Campos dos Amarais,13082015.0,13,0,0,0,0,0,2,2,1,4,2,0,0,2,0,0,0,0,1,0,1,1,1,0,0,92,92,35,57,0,0,14,40,38,3,0,3,48,41,1,1,4,13,14,20,14,25,73,1,9,3,0,6,91,1,0
2024,Sudeste,3,Minas Gerais,MG,31,Juiz de Fora,3136702,0,Zona da Mata,12,Juiz de Fora,65,3,2,4,0,0,EDITORA E DISTRIBUIDORA EDUCACIONAL S/A,14514,19781,Faculdade Pitágoras de Juiz de Fora,FPJF,Avenida Barão do Rio Branco,507,Faculdade Pitágoras de Juiz de Fora,Manoel Honório,36045120.0,8,0,0,0,0,0,0,3,5,0,0,0,0,0,0,0,0,1,1,0,1,1,1,33730,270513,16,16,11,5,0,0,1,5,10,4,0,4,9,3,1,3,1,5,3,2,1,0,13,0,1,0,0,2,16,0,1
2024,Sudeste,3,Minas Gerais,MG,31,Ribeirão das Neves,3154606,0,Metropolitana de Belo Horizonte,7,Belo Horizonte,30,3,2,4,0,0,EDITORA E DISTRIBUIDORA EDUCACIONAL S/A,14514,19785,FACULDADE ANHANGUERA DE RIBEIRÃO DAS NEVES,,Rua Ari Teixeira da Costa,1500,Campus Principal,Savassi,33880630.0,9,0,0,0,0,6,2,0,1,0,0,0,0,0,0,0,0,1,1,0,1,1,1,33730,270513,22,22,13,9,0,0,2,8,12,4,0,4,10,8,1,2,1,9,7,2,0,0,16,1,3,0,0,2,22,0,0
2024,Sudeste,3,Espírito Santo,ES,32,Serra,3205002,0,Central Espírito-santense,3,Vitória,9,3,2,4,0,0,EDITORA E DISTRIBUIDORA EDUCACIONAL S/A,14514,19786,FACULDADE ANHANGUERA DE SERRA,FPS,Rua Nelcy Lopes Vieira,199,Campus Principal,Jardim Limoeiro,29164018.0,11,0,0,0,0,3,2,0,3,0,2,1,0,0,0,0,0,1,1,0,1,1,1,33730,270513,57,57,26,31,0,0,7,14,36,4,0,4,38,15,1,5,8,20,7,3,5,8,37,1,16,1,0,2,56,1,1
2024,Sudeste,3,São Paulo,SP,35,Santana de Parnaíba,3547304,0,Metropolitana de São Paulo,15,Osasco,57,3,2,5,0,0,INSTITUTO EDUCACIONAL E CULTURAL XV DE NOVEMBRO,16331,19861,Faculdade de Santana de Parnaíba,FASP,Rua Nelson Piccinini Miguel,10,-,Jardim Frediani,6502156.0,9,0,0,1,0,2,0,2,1,1,1,0,1,0,0,0,0,0,1,1,1,0,0,50,12000,11,11,3,8,0,0,6,2,3,3,0,3,5,3,0,0,0,4,3,2,0,2,5,2,2,0,0,2,11,0,0
2024,Sudeste,3,São Paulo,SP,35,Bebedouro,3506102,0,Ribeirão Preto,2,Jaboticabal,13,3,1,2,0,0,CENTRO ESTADUAL DE EDUCACAO TECNOLOGICA PAULA SOUZA,33,19862,Faculdade de Tecnologia Jorge Caram Sabbag,FATEC Bebedouro,Rua Doutor Oscar Werneck,1286,-,Centro,,8,0,0,0,0,0,0,2,3,2,1,0,0,0,0,0,0,0,1,1,1,1,0,0,0,31,31,9,22,0,0,3,18,10,0,0,0,0,31,1,1,5,9,6,3,4,2,26,0,5,0,0,0,31,0,0
2024,Sudeste,3,São Paulo,SP,35,Assis,3504008,0,Assis,10,Assis,39,3,1,2,0,0,CENTRO ESTADUAL DE EDUCACAO TECNOLOGICA PAULA SOUZA,33,19863,Faculdade de Tecnologia de Assis,FATEC Assis,Unesp - Campus Assis,2100,Unesp - Campus Assis,Parque Universitário,19806900.0,7,0,0,0,0,1,0,1,2,3,0,0,0,0,0,0,0,0,1,0,1,1,0,0,0,26,26,10,16,0,0,7,13,6,0,0,0,0,26,1,0,2,13,6,2,2,0,24,1,1,0,0,0,26,0,0
2024,Sudeste,3,São Paulo,SP,35,Itapira,3522604,0,Campinas,7,Mogi Mirim,31,3,1,2,0,0,CENTRO ESTADUAL DE EDUCACAO TECNOLOGICA PAULA SOUZA,33,19864,Faculdade de Tecnologia de Itapira,FATEC Itapira,Rua Tereza Lera Paoletti,590,-,Jardim Bela Vista,13974080.0,14,0,0,0,0,0,2,3,2,3,1,0,1,1,1,0,0,0,0,1,1,1,0,1,0,50,50,10,40,0,0,19,24,7,4,0,4,17,29,0,2,6,7,12,9,5,9,40,2,2,3,0,3,50,0,0
2024,Sudeste,3,Minas Gerais,MG,31,Pouso Alegre,3152501,0,Sul/Sudoeste de Minas,10,Pouso Alegre,52,3,2,4,0,0,FACEB EDUCACAO LTDA,1117,19865,Faculdade Una de Pouso Alegre,Una PousoAlegre,Rua João Basílio,420,-,Centro,37550027.0,33,1,0,1,0,12,8,3,1,1,1,1,3,1,0,1,0,1,1,1,1,1,1,18843,34716,449,449,249,200,0,0,70,253,126,1,0,1,20,428,16,59,90,87,83,53,35,26,392,8,48,1,0,0,448,1,0
2024,Sudeste,3,São Paulo,SP,35,São Paulo,3550308,1,Metropolitana de São Paulo,15,São Paulo,61,3,2,4,0,0,INSTITUTO DE ENSINO E PESQUISA E POS GRADUACAO EM EDUCACAO E SAUDE LTDA - EPP,16194,19879,Faculdade IPESSP,IPESSP,Rua Dona Antônia de Queirós,333,Faculdade Instituto de Pesquisa e Educação em Saúde de São Paulo - FIPESSP,Consolação,1307012.0,19,0,0,0,0,2,2,6,3,4,1,1,0,0,0,1,0,1,1,1,0,1,0,5,10200,6,6,0,6,0,0,1,3,2,0,0,0,5,1,0,0,0,1,2,3,0,0,4,0,2,0,0,0,6,0,0
2024,Sudeste,3,São Paulo,SP,35,Itanhaém,3522109,0,Litoral Sul Paulista,14,Itanhaém,56,3,2,4,0,0,"UNISEPE UNIAO DAS INSTITUICOES DE SERVICO, ENSINO E PESQUISA LTDA",715,19883,Faculdade Sul Paulista de Itanhaém,FASUPI,Rua Paulo José de Moraes,40,-,Sabaúna,11740000.0,4,0,0,0,0,1,0,2,1,0,0,0,0,0,0,0,0,0,1,1,1,0,1,0,4026,5,5,4,1,0,0,1,3,1,0,0,0,1,4,0,0,1,0,2,0,0,2,5,0,0,0,0,0,5,0,0
2024,Sudeste,3,Minas Gerais,MG,31,Montes Claros,3143302,0,Norte de Minas,2,Montes Claros,7,3,2,4,0,0,INSTITUTO SUPERIOR EM CIENCIAS DA SAUDE LTDA.,16250,19963,Faculdade de Ciências Odontológicas,FCO,Rua Doutor Walter Ferreira Barreto,144,- até 249/250,Ibituruna,39401347.0,30,0,0,0,0,4,2,6,1,3,2,3,2,3,4,1,0,1,1,1,1,1,1,15,15000,38,38,19,19,0,0,2,17,19,7,0,7,31,0,1,5,8,6,13,2,1,2,10,2,20,0,0,6,37,1,0
2024,Sudeste,3,Minas Gerais,MG,31,Belo Horizonte,3106200,1,Metropolitana de Belo Horizonte,7,Belo Horizonte,30,3,2,5,0,0,FUNDACAO UNIMED,16360,20053,FACULDADE UNIMED,,Rua Grão Pará,379,FACULDADE UNIMED - Campus principal,Santa Efigênia,30150340.0,127,0,0,0,0,25,1,42,20,30,8,1,0,0,0,0,0,0,1,1,1,1,0,105,10885,11,11,6,5,0,0,1,5,5,2,0,2,4,5,0,0,2,3,1,3,1,1,8,1,1,0,0,1,11,0,0
2024,Sudeste,3,São Paulo,SP,35,São Paulo,3550308,1,Metropolitana de São Paulo,15,São Paulo,61,3,2,4,0,0,APCD - INSTITUICAO DE ENSINO SUPERIOR E PESQUISA LTDA,16357,20328,FACULDADE DE ODONTOLOGIA DA APCD,FAOA,Rua Voluntários da Pátria,547,- até 891 - lado ímpar,Santana,2011000.0,44,0,0,1,0,22,5,11,2,3,0,0,0,0,0,0,0,1,1,0,1,0,1,605,5263,17,17,7,10,0,0,0,6,11,2,0,2,11,4,0,0,1,0,1,3,6,6,11,0,1,3,0,2,17,0,0
2024,Sudeste,3,São Paulo,SP,35,São Paulo,3550308,1,Metropolitana de São Paulo,15,São Paulo,61,3,2,5,0,0,SPDM - ASSOCIACAO PAULISTA PARA O DESENVOLVIMENTO DA MEDICINA,15008,20340,FACULDADE PAULISTA DE CIÊNCIAS DA SAÚDE,FPCS,Avenida Brigadeiro Luís Antônio,3751,Faculdade Paulisra de Ciências da SAúde,Jardim Paulista,1401001.0,24,0,0,1,0,6,5,3,4,2,2,1,0,0,0,0,0,0,0,0,1,1,1,18,10700,32,32,19,13,0,0,4,11,17,0,0,0,32,0,0,1,3,4,7,5,6,6,24,1,2,1,0,4,31,1,0
2024,Sudeste,3,São Paulo,SP,35,São Paulo,3550308,1,Metropolitana de São Paulo,15,São Paulo,61,3,2,4,0,0,UNI-A EDUCACAO LTDA,16879,20476,Faculdade ANCLIVEPA,ANCLIVEPA,Rua Tijuco Preto,"193,201,205,209",Nova Unidade Sede - Rua Tijuco Preto,Tatuapé,3316000.0,7,0,0,0,0,2,0,5,0,0,0,0,0,0,0,1,0,0,0,0,1,0,1,0,0,19,19,14,5,0,0,3,5,11,1,1,0,18,0,1,4,2,2,5,4,1,0,13,0,3,1,0,2,19,0,0
2024,Sudeste,3,São Paulo,SP,35,Santana de Parnaíba,3547304,0,Metropolitana de São Paulo,15,Osasco,57,3,1,2,0,0,CENTRO ESTADUAL DE EDUCACAO TECNOLOGICA PAULA SOUZA,33,20478,Faculdade de Tecnologia de Santana de Parnaíba,FATEC-SPB,Estrada Tenente Marques,s/n,-,Jardim do Luar (Fazendinha),6529001.0,11,0,0,0,0,0,1,5,4,1,0,0,0,0,0,1,0,0,1,0,1,1,1,0,0,113,113,31,82,0,0,31,51,31,2,0,2,28,83,1,7,17,13,14,20,24,17,85,4,16,2,1,5,112,1,1
2024,Sudeste,3,São Paulo,SP,35,São Paulo,3550308,1,Metropolitana de São Paulo,15,São Paulo,61,3,2,4,0,0,RMEC ASSESSORIA EMPRESARIAL LTDA - ME,15635,20497,FACULDADE ROBERTO MIRANDA,FRM SP,"Av. Paulista, 1009 - 21o andar",187,- de 151/152 a 349/350,Vila Mariana,1311100.0,20,0,0,0,0,2,5,3,2,4,4,0,0,0,0,0,0,1,1,1,1,1,0,30,0,41,41,14,27,0,0,15,18,8,1,1,0,3,37,0,1,5,7,7,8,5,8,36,0,0,0,0,5,40,1,0
2024,Sudeste,3,São Paulo,SP,35,Guarujá,3518701,0,Metropolitana de São Paulo,15,Santos,63,3,2,5,0,0,INSTITUTO PROFESSOR AMARO DE ARAUJO LIMA SOBRINHO,16431,20530,Faculdade Marquês de Olinda,FMO,Avenida Adhemar de Barros,987/974,- de 869/870 a 1163/1164,Vila Santo Antônio,11430001.0,29,0,0,0,0,9,6,3,2,2,1,3,1,1,1,0,0,0,0,0,1,1,0,15,10700,19,19,7,12,0,0,6,9,4,9,0,9,4,6,2,3,0,5,3,5,0,1,13,1,0,1,0,4,19,0,0
2024,Sudeste,3,São Paulo,SP,35,São Paulo,3550308,1,Metropolitana de São Paulo,15,São Paulo,61,3,2,4,0,0,INSTITUICAO DE ENSINO BOEIRA TEIXEIRA & CIA LTDA,16410,20586,Faculdade Van Gogh,FVG,Rua Bento Quirino,467,FVG,Vila Talarico,3534010.0,8,0,0,0,0,1,1,1,0,0,2,0,1,0,2,0,0,0,1,1,1,1,0,79,35,16,16,6,10,0,0,3,12,1,1,0,1,15,0,4,2,2,0,1,3,2,2,4,1,2,0,0,9,16,0,0
2024,Sudeste,3,Minas Gerais,MG,31,Pouso Alegre,3152501,0,Sul/Sudoeste de Minas,10,Pouso Alegre,52,3,2,5,0,0,FUNDACAO DE ENSINO E PESQUISA DO SUL DE MINAS,2124,20591,FACULDADE UNIS POUSO ALEGRE,,Avenida Vicente Simões,171,Faculdade Unis Pouso Alegre,Centro,37550000.0,6,0,0,0,0,2,1,0,0,0,0,0,3,0,0,1,0,0,1,0,1,0,1,907,16758,24,24,7,17,0,0,7,12,5,2,0,2,5,17,1,3,4,4,6,3,2,1,17,0,4,0,0,3,24,0,1
2024,Sudeste,3,Minas Gerais,MG,31,Cambuquira,3110707,0,Sul/Sudoeste de Minas,10,São Lourenço,54,3,2,5,0,0,ASSOCIACAO KEPPE E PACHECO,16308,20636,Faculdade Trilógica Keppe & Pacheco,Keppe & Pacheco,Avenida Nossa Senhora Aparecida,59,-,Centro,37420000.0,33,0,0,0,0,1,2,2,1,13,7,2,2,3,0,0,0,0,1,1,1,1,1,78,2723,23,23,12,11,0,0,10,9,4,4,0,4,19,0,1,1,1,2,4,3,2,9,20,0,2,0,0,1,20,3,0
2024,Sudeste,3,Rio de Janeiro,RJ,33,Rio de Janeiro,3304557,1,Metropolitana do Rio de Janeiro,6,Rio de Janeiro,18,3,2,5,0,0,INSTITUTO D'OR DE PESQUISA E ENSINO,16441,20682,Faculdade IDOR de Ciências Médicas,Faculdade IDOR,Rua Diniz Cordeiro,30,3º andar,Botafogo,22281100.0,91,0,0,0,0,12,15,35,16,4,2,2,1,2,2,1,0,0,0,1,1,0,0,0,5128,48,48,31,17,0,0,11,18,19,6,0,6,27,15,0,5,9,15,7,4,5,3,20,2,7,0,0,19,48,0,0
2024,Sudeste,3,Minas Gerais,MG,31,São Francisco,3161106,0,Norte de Minas,2,Januária,3,3,2,4,0,0,FACULDADE DE DESENVOLVIMENTO DO NORTE - FADENORTE LTDA,18114,20700,FACULDADE DE DESENVOLVIMENTO DO NORTE,FADENORTE,Rua Maurício Ribas,727,Campus FADENORTE,Jardim Graziela,39300000.0,7,0,0,0,0,0,2,2,0,1,1,0,1,0,0,0,0,0,1,1,1,1,1,0,15000,15,15,8,7,0,0,8,7,0,1,0,1,14,0,3,5,4,2,0,1,0,0,4,0,7,0,0,4,15,0,0
2024,Sudeste,3,Rio de Janeiro,RJ,33,Resende,3304201,0,Sul Fluminense,5,Vale do Paraíba Fluminense,11,2,1,1,0,0,COMANDO DO EXERCITO,409,21095,Academia Militar das Agulhas Negras,AMAN,Rodovia Presidente Dutra,km 306,Academia Militar das Agulhas Negras,Cabral,27534900.0,897,0,0,80,79,55,79,243,275,12,29,9,21,6,9,1,0,0,1,1,1,0,1,47,10000,104,104,21,83,0,12,31,47,14,104,32,72,0,0,5,10,12,21,20,15,12,9,65,6,32,0,0,1,104,0,1
2024,Sudeste,3,Minas Gerais,MG,31,Belo Horizonte,3106200,1,Metropolitana de Belo Horizonte,7,Belo Horizonte,30,3,2,4,0,0,INSTITUTO DE GESTAO E TECNOLOGIA DA INFORMACAO LTDA - EPP,16531,21112,Faculdade XP Educação - IGTI,XPE,Rua Roma,561,-,Santa Lúcia,30360680.0,76,0,0,0,0,0,1,35,16,14,5,1,2,1,1,0,0,0,1,0,1,0,1,17266,30,12,12,2,10,0,0,2,3,7,5,0,5,5,2,0,1,1,2,1,5,1,1,12,0,0,0,0,0,12,0,0
2024,Sudeste,3,Minas Gerais,MG,31,Belo Horizonte,3106200,1,Metropolitana de Belo Horizonte,7,Belo Horizonte,30,3,2,4,0,0,ISMD - INSTITUTO SUPERIOR DE MEDICINA LTDA,16475,21200,Faculdade ISMD,ISMD,Avenida Coronel José Dias Bicalho,520,-,São José,31275050.0,14,0,0,0,0,5,3,2,1,3,0,0,0,0,0,0,0,0,0,0,1,0,0,0,2800,9,9,5,4,0,0,3,6,0,4,0,4,2,3,2,1,0,1,4,1,0,0,5,0,0,0,0,4,9,0,0
2024,Sudeste,3,São Paulo,SP,35,São José do Rio Preto,3549805,0,São José do Rio Preto,1,São José do Rio Preto,4,3,2,4,0,0,CENTRO EDUCACIONAL MICHELIN LTDA,12629,21204,FACULDADE UNITERP,FACTERP,Rua General Glicério,3350,- de 2546/2547 a 4898/4899,Centro,15015400.0,27,0,0,0,0,6,2,5,6,3,3,1,0,0,1,0,0,1,1,0,1,0,0,0,2718,31,31,16,15,0,0,14,6,11,3,0,3,27,1,3,7,6,5,4,4,2,0,25,0,0,0,0,6,31,0,0
2024,Sudeste,3,Rio de Janeiro,RJ,33,Rio de Janeiro,3304557,1,Metropolitana do Rio de Janeiro,6,Rio de Janeiro,18,3,1,1,0,0,COMANDO DO EXERCITO,409,21206,Escola de Educação Física do Exército,EsEFEx,Avenida João Luís Alves,sn,-,Urca,22291090.0,41,0,0,0,0,0,1,0,17,2,11,0,5,5,0,1,0,0,1,1,1,1,1,0,0,25,25,5,20,0,11,3,6,5,25,20,5,0,0,0,7,4,8,5,1,0,0,21,0,4,0,0,0,25,0,0
2024,Sudeste,3,São Paulo,SP,35,São José do Rio Preto,3549805,0,São José do Rio Preto,1,São José do Rio Preto,4,3,2,4,0,0,EDITORA E DISTRIBUIDORA EDUCACIONAL S/A,14514,21238,Faculdade Anhanguera de São José do Rio Preto,FASJRP,Avenida Francisco das Chagas Oliveira,791,S. J. Rio Preto - Chácara Municipal,Chácara Municipal,15090190.0,1,0,0,0,0,0,0,0,1,0,0,0,0,0,0,0,0,1,1,0,1,1,1,33730,270513,26,26,13,13,0,0,6,7,13,4,0,4,10,12,2,4,3,9,5,2,1,0,20,0,4,0,0,2,26,0,1
2024,Sudeste,3,São Paulo,SP,35,Jaú,3525300,0,Bauru,4,Jaú,21,3,2,4,0,0,EDITORA E DISTRIBUIDORA EDUCACIONAL S/A,14514,21239,Faculdade Anhanguera de Jaú,FAJ,Avenida do Café,250,Faculdade Anhanguera de Jaú - Campus Principal,Vila Netinho Prado,17208010.0,11,0,0,0,0,4,1,1,2,0,1,1,0,0,1,0,0,1,1,0,1,1,1,33730,270513,54,54,30,24,0,0,6,12,36,4,0,4,37,13,4,3,10,14,8,3,5,7,41,2,8,1,0,2,54,0,1
2024,Sudeste,3,São Paulo,SP,35,Votorantim,3557006,0,Macro Metropolitana Paulista,12,Sorocaba,46,3,2,4,0,0,CPO - ENSINO SUPERIOR LTDA,18326,21344,FACULDADE UNICPO,FACULDADE UNICPO,Rua Albertina Nascimento,132,-,Centro,18110095.0,8,0,0,0,0,2,0,2,2,2,0,0,0,0,0,1,0,1,1,1,1,1,1,124,12250,1,1,1,0,0,0,0,1,0,1,0,1,0,0,0,0,1,0,0,0,0,0,1,0,0,0,0,0,1,0,0
2024,Sudeste,3,São Paulo,SP,35,Taubaté,3554102,0,Vale do Paraíba Paulista,13,São José dos Campos,50,3,1,1,0,0,COMANDO DO EXERCITO,409,21416,Centro de Instrução de Aviação do Exército,CIAvEx,Complexo de Aviação do Exército - CAVEX,2.135,"Estrada Municipal dos Remédios, Bairro Itaim",Granjas Rurais Reunidas São Judas Tadeu,12086900.0,6,0,0,0,0,0,2,0,3,0,0,0,1,0,0,1,0,0,1,1,0,0,1,0,0,20,20,4,16,0,11,4,5,0,20,20,0,0,0,3,6,4,5,1,1,0,0,10,1,8,0,0,1,20,0,0
2024,Sudeste,3,São Paulo,SP,35,São Paulo,3550308,1,Metropolitana de São Paulo,15,São Paulo,61,3,2,4,0,0,INSTITUTO DE ENSINO SUPERIOR IBECO LTDA,16508,21431,Faculdade IBECO,IBECO,Rua Loefgren,1400,-,Vila Clementino,4040001.0,44,2,2,0,0,12,2,16,5,3,1,0,1,0,0,0,0,1,0,0,1,0,1,17,15000,11,11,7,4,0,0,5,3,3,2,0,2,4,5,1,1,2,1,0,0,0,6,8,0,1,0,0,2,11,0,0
2024,Sudeste,3,Minas Gerais,MG,31,Belo Horizonte,3106200,1,Metropolitana de Belo Horizonte,7,Belo Horizonte,30,3,2,4,0,0,SILAS PEDRO DE CARVALHO - EPP,16567,21442,Faculdade Mega,MEGA,Rua Goiás,36,Silas Pedro de Carvalho - EPP,Centro,30190030.0,4,0,0,0,0,2,0,2,0,0,0,0,0,0,0,0,0,0,0,0,0,1,0,0,0,7,7,2,5,0,0,2,4,1,0,0,0,0,7,0,0,1,1,3,0,2,0,5,1,1,0,0,0,7,0,0
2024,Sudeste,3,São Paulo,SP,35,São Paulo,3550308,1,Metropolitana de São Paulo,15,São Paulo,61,3,2,4,0,0,FACULDADE NOVA GERACAO LTDA.,15894,21485,Faculdade de Ensino Paschoal Dantas,FEPD,Rua Frei Inocêncio,40,-,Jardim São Gabriel,3940050.0,5,0,0,0,0,0,0,1,0,0,0,1,1,1,1,0,0,0,0,1,1,1,0,0,300,4,4,2,2,0,0,0,2,2,0,0,0,0,4,0,0,1,0,1,1,0,1,3,0,1,0,0,0,4,0,0
2024,Sudeste,3,São Paulo,SP,35,Cotia,3513009,0,Metropolitana de São Paulo,15,Itapecerica da Serra,60,3,2,5,0,0,ASSOCIACAO POTENCIAL DE ENSINO,18033,21502,FACULDADES INTEGRADAS POTENCIAL,FIP,Rua José Augusto Pedroso,44,FIP Campus Cotia,Vila São Francisco de Assis,6717126.0,9,0,0,0,0,0,0,3,0,1,0,4,1,0,0,0,0,1,0,1,1,0,0,1431,206724,12,12,5,7,0,0,4,6,2,5,0,5,7,0,0,0,0,1,1,2,5,3,6,2,2,0,0,2,12,0,0
2024,Sudeste,3,Rio de Janeiro,RJ,33,Rio de Janeiro,3304557,1,Metropolitana do Rio de Janeiro,6,Rio de Janeiro,18,4,1,1,0,0,COLEGIO PEDRO II,16593,21503,COLÉGIO PEDRO II,CP II,"Campo de São Cristóvão, Colégio Pedro II",177,3ºandar,São Cristóvão,20921903.0,92,0,0,0,0,0,16,8,10,22,18,12,2,1,3,1,0,1,1,0,0,1,1,49000,16934,80,80,24,56,0,1,0,25,54,77,73,4,3,0,0,6,28,20,15,6,5,0,43,8,16,0,2,11,79,1,2
2024,Sudeste,3,São Paulo,SP,35,Itapeva,3522406,0,Itapetininga,11,Itapeva,41,3,2,4,0,0,EDITORA E DISTRIBUIDORA EDUCACIONAL S/A,14514,21554,Faculdade Anhanguera de Itapeva,FAI,Rua Benjamin Constant,654,Campus Principal,Jardim Ferrari,18405000.0,9,0,0,0,0,4,1,0,2,0,1,0,1,0,0,0,0,1,1,0,1,1,1,33730,270513,17,17,9,8,0,0,4,3,10,4,0,4,9,4,1,1,2,9,3,1,0,0,11,0,4,0,0,2,17,0,0
2024,Sudeste,3,São Paulo,SP,35,São Paulo,3550308,1,Metropolitana de São Paulo,15,São Paulo,61,3,2,4,0,0,PUGA & NUNES EDUCACIONAL LTDA,16633,21573,Faculdade Ana Carolina Puga,FAPUGA,Rua Padre Estevão Pernet,398/402,Campus Principal,Vila Gomes Cardim,3315000.0,10,0,0,1,0,2,0,4,0,2,0,0,0,1,0,0,0,0,0,1,1,0,1,0,11857,7,7,2,5,0,0,1,4,2,0,0,0,2,5,0,1,2,2,0,1,1,0,6,0,1,0,0,0,7,0,0
2024,Sudeste,3,São Paulo,SP,35,Piracicaba,3538709,0,Piracicaba,6,Piracicaba,28,3,2,5,0,0,INSTITUTO DE PESQUISAS E EDUCACAO CONTINUADA EM ECONOMIA E GESTAO DE EMPRESAS,16577,21638,Faculdade PECEGE,PECEGE,Rua Alexandre Herculano,120,Torre B,Vila Monteiro,13418445.0,17,0,0,0,0,0,0,10,5,0,0,0,0,2,0,0,0,0,0,0,1,1,1,0,10223,11,11,4,7,0,0,1,5,5,5,1,4,2,4,0,1,0,2,4,2,1,1,11,0,0,0,0,0,11,0,0
2024,Sudeste,3,São Paulo,SP,35,São Paulo,3550308,1,Metropolitana de São Paulo,15,São Paulo,61,3,2,5,0,0,ASSOCIACAO PEDAGOGICA RUDOLF STEINER,16660,21643,Faculdade Rudolf Steiner,FRS,Rua Job Lane,900,- de 461/462 ao fim,Jardim Petrópolis,4639001.0,17,0,0,0,0,0,0,4,0,5,4,2,0,1,1,0,0,0,0,0,1,0,1,22,190,15,15,12,3,0,0,0,9,6,4,0,4,0,11,0,1,1,2,3,5,1,2,11,2,2,0,0,0,14,1,0
2024,Sudeste,3,São Paulo,SP,35,São Paulo,3550308,1,Metropolitana de São Paulo,15,São Paulo,61,3,2,5,0,0,UNIAO EDUCACIONAL E CULTURAL CANDELARIA - UNICANDELARIA,16358,21654,Faculdade de Engenharia e Agrimensura de São Paulo,FEASP,Rua Araritaguaba,804,- até 849/850,Vila Maria Alta,2122010.0,3,0,0,0,0,2,0,1,0,0,0,0,0,0,0,0,0,0,1,1,1,1,1,200,200,11,11,6,5,0,0,2,6,3,2,0,2,6,3,1,1,1,3,0,1,2,2,7,0,4,0,0,0,11,0,0
2024,Sudeste,3,Minas Gerais,MG,31,Itabira,3131703,0,Metropolitana de Belo Horizonte,7,Itabira,31,3,2,4,0,0,EDITORA E DISTRIBUIDORA EDUCACIONAL S/A,14514,21687,FACULDADE ANHANGUERA ITABIRA,,Rua Santana,235,Campus Principal,Penha,35900064.0,4,0,0,0,0,2,0,0,1,0,1,0,0,0,0,0,0,1,1,0,1,1,1,33730,270513,28,28,17,11,0,0,10,6,12,4,0,4,10,14,1,5,5,9,5,2,1,0,16,4,6,0,0,2,28,0,2
2024,Sudeste,3,São Paulo,SP,35,Franca,3516200,0,Ribeirão Preto,2,Franca,12,3,2,4,0,0,EDITORA E DISTRIBUIDORA EDUCACIONAL S/A,14514,21693,Faculdade Anhanguera Franca,FAF,Avenida Professor Moacir Vieira Coelho,3125,Campus Principal,Residencial Nosso Lar,14405700.0,11,0,0,0,0,1,3,2,2,1,2,0,0,0,0,0,0,1,1,0,1,1,1,33730,270513,57,57,31,26,0,0,2,18,37,4,0,4,40,13,2,7,7,13,8,7,6,7,46,1,7,1,0,2,57,0,3
2024,Sudeste,3,São Paulo,SP,35,Ribeirão Preto,3543402,0,Ribeirão Preto,2,Ribeirão Preto,14,3,1,2,0,0,CENTRO ESTADUAL DE EDUCACAO TECNOLOGICA PAULA SOUZA,33,21713,Faculdade de Tecnologia - Fatec de Ribeirão Preto,,Avenida Pio XII,1255,-,Vila Virgínia,14030250.0,15,0,0,0,0,1,3,4,4,1,1,0,1,0,0,0,0,0,1,1,1,0,1,0,0,63,63,24,39,0,0,4,31,28,0,0,0,0,63,1,4,8,11,15,7,14,3,54,0,6,2,0,1,62,1,0
2024,Sudeste,3,Minas Gerais,MG,31,São Lourenço,3163706,0,Sul/Sudoeste de Minas,10,São Lourenço,54,3,2,4,0,0,CENTRO EDUCACIONAL SUL MINEIRO LTDA - ME,16210,21757,Fasul Educacional EaD,FASUL EDUCACIONAL,Rua Dr. Melo Viana,75,-,Centro,37470000.0,146,0,0,1,0,54,6,29,6,27,15,3,2,1,2,0,0,1,1,1,1,1,1,7776,2600,49,49,20,29,0,0,13,26,10,13,2,11,36,0,3,6,4,6,12,9,5,4,33,2,3,3,0,8,49,0,0
2024,Sudeste,3,São Paulo,SP,35,São Paulo,3550308,1,Metropolitana de São Paulo,15,São Paulo,61,3,2,4,0,0,IGESP EDUCACAO E SAUDE LTDA,16701,21764,Faculdade de Ciências da Saúde IGESP,,Rua da Consolação,1025,- de 1101 a 2459 - lado ímpar,Consolação,1301100.0,20,0,0,0,0,3,1,3,2,4,7,0,0,0,0,0,0,1,0,1,1,0,1,53,15400,14,14,10,4,0,0,2,4,8,6,0,6,6,2,1,0,0,5,3,1,2,2,10,2,2,0,0,0,14,0,1
2024,Sudeste,3,Minas Gerais,MG,31,Leopoldina,3138401,0,Zona da Mata,12,Cataguases,66,3,2,5,0,0,FUNDACAO JOSE BONIFACIO LAFAYETTE DE ANDRADA,220,21812,Faculdade Regional de Leopoldina,,Rua Carmita Monteiro,S/N,-,Chácara Dona Euzébia,36700000.0,2,0,0,0,0,0,0,1,0,0,0,1,0,0,0,1,0,1,1,1,1,1,0,0,14159,1,1,0,1,0,0,0,0,1,0,0,0,1,0,0,1,0,0,0,0,0,0,1,0,0,0,0,0,1,0,0
2024,Sudeste,3,São Paulo,SP,35,São Paulo,3550308,1,Metropolitana de São Paulo,15,São Paulo,61,3,2,5,0,0,SERVICO DE APOIO AS MICRO E PEQ EMPRESAS DE SAO PAULO,16702,21826,Faculdade Sebrae,,Alameda Nothmann,598,- até 731/732,Campos Elíseos,1216000.0,21,0,0,0,0,1,0,8,3,3,2,3,1,0,0,0,0,1,1,0,1,0,1,57000,10000,13,13,7,6,0,0,0,7,6,12,0,12,1,0,0,1,1,3,2,3,1,2,12,0,0,0,0,1,13,0,0
2024,Sudeste,3,São Paulo,SP,35,Itápolis,3522703,0,Araraquara,5,Araraquara,24,3,2,4,0,0,EJ - ESCOLA DE AVIACAO CIVIL LTDA,16746,21876,EJ - Faculdade de Tecnologia em Aviação Civil,EJ,Rua Paraná,450,-,Aeroporto,14900000.0,5,0,0,0,0,0,0,3,2,0,0,0,0,0,0,0,0,0,0,1,1,1,0,50,50,17,17,4,13,0,0,12,3,2,0,0,0,2,15,4,4,5,2,1,0,1,0,17,0,0,0,0,0,17,0,0
2024,Sudeste,3,Minas Gerais,MG,31,Belo Horizonte,3106200,1,Metropolitana de Belo Horizonte,7,Belo Horizonte,30,3,2,4,0,0,REHAGRO - RECURSOS HUMANOS NO AGRONEGOCIO LTDA,16743,21888,Faculdade Rehagro,Rehagro,Rua Santa Fé,100,Campus Principal,Sion,30320130.0,42,0,0,0,0,3,0,16,7,7,4,4,1,0,0,0,0,0,1,0,1,1,0,660,432,18,18,9,9,0,0,5,7,6,2,0,2,15,1,0,5,8,2,3,0,0,0,14,0,4,0,0,0,18,0,0
2024,Sudeste,3,São Paulo,SP,35,Catanduva,3511102,0,São José do Rio Preto,1,Catanduva,5,3,2,4,0,0,EDITORA E DISTRIBUIDORA EDUCACIONAL S/A,14514,21900,Faculdade Anhanguera de Catanduva,FAC,Rua Belém,892,Campus Principal,Centro,15801240.0,9,0,0,0,0,0,0,2,6,1,0,0,0,0,0,0,0,1,1,0,1,1,1,33730,270513,17,17,7,10,0,0,2,5,10,4,0,4,9,4,0,2,2,6,5,2,0,0,14,0,1,0,0,2,17,0,0
2024,Sudeste,3,Minas Gerais,MG,31,Pouso Alegre,3152501,0,Sul/Sudoeste de Minas,10,Pouso Alegre,52,3,2,4,0,0,ORME SERVICOS EDUCACIONAIS LTDA,3167,21903,Faculdade Pitágoras de Pouso Alegre,FPPA,Avenida Doutor João Beraldo,520,Campus Principal,Centro,37550000.0,8,0,0,0,0,0,0,3,4,0,1,0,0,0,0,0,0,1,1,0,1,1,1,33730,270513,21,21,10,11,0,0,1,7,13,4,0,4,8,9,0,3,5,8,4,1,0,0,17,0,2,0,0,2,21,0,2
2024,Sudeste,3,Minas Gerais,MG,31,Juiz de Fora,3136702,0,Zona da Mata,12,Juiz de Fora,65,3,2,5,0,0,INSTITUTO ENSINAR BRASIL,218,21929,Faculdade Doctum Presidente Itamar Franco,Doctum,Rua Onofre Oliveira Salles,16,-,Santa Maria,36085155.0,29,1,0,1,1,6,7,4,5,0,1,1,1,0,1,0,0,1,1,1,1,1,0,90,14900,12,12,5,7,0,0,1,5,6,0,0,0,12,0,0,2,2,2,2,1,0,3,7,1,2,0,0,2,12,0,0
2024,Sudeste,3,São Paulo,SP,35,São Paulo,3550308,1,Metropolitana de São Paulo,15,São Paulo,61,3,2,5,0,0,ASSOCIACAO DE EDUCACAO E NOVAS TECNOLOGIAS PHORTE,18565,21940,Faculdade Phorte de Educação e Tecnologia,,Rua Treze de Maio,681,- até 1149/1150,Bela Vista,1327000.0,9,0,0,0,0,3,0,4,0,0,1,0,1,0,0,0,0,0,1,1,1,0,0,14,4900,37,37,22,15,0,0,10,20,7,2,1,1,5,30,0,1,5,6,6,6,8,5,10,0,3,0,0,24,34,3,0
2024,Sudeste,3,Minas Gerais,MG,31,Belo Horizonte,3106200,1,Metropolitana de Belo Horizonte,7,Belo Horizonte,30,3,2,5,0,0,INSTITUTO DE EDUCACAO SUPERIOR LATINOAMERICANO - IESLA,16764,21949,INSTITUTO DE EDUCACAO SUPERIOR LATINOAMERICANO,SIGLA IESLA,Avenida Miguel Perrela,680,-,Castelo,31330290.0,42,0,0,0,0,4,7,16,12,2,1,0,0,0,0,0,0,1,0,1,1,0,1,102,2740,2,2,1,1,0,0,0,0,2,0,0,0,1,1,0,0,1,0,0,1,0,0,1,0,1,0,0,0,2,0,0
2024,Sudeste,3,São Paulo,SP,35,São Paulo,3550308,1,Metropolitana de São Paulo,15,São Paulo,61,3,2,5,0,0,FUNDACAO GETULIO VARGAS,110,21952,FGV / Escola de Relações Internacionais,FGV/RI,Avenida Paulista,548,- até 610 - lado par,Bela Vista,1310000.0,10,0,0,0,0,0,0,3,0,1,0,5,1,0,0,1,0,1,1,1,1,1,1,253,18209,18,18,6,12,0,0,0,2,16,11,11,0,2,5,0,3,9,3,1,1,0,1,13,1,0,0,0,4,16,2,0
2024,Sudeste,3,São Paulo,SP,35,Presidente Venceslau,3541505,0,Presidente Prudente,8,Presidente Prudente,36,3,2,4,0,0,FACULDADE SAO PAULO LTDA - ME,16789,22021,FACULDADE SÃO PAULO DE PRESIDENTE VENCESLAU,FASPREV,Rua Almirante Barroso,98,Faculdade São Paulo,Centro,19400007.0,8,0,0,0,0,0,0,3,0,1,2,1,0,1,0,0,0,1,1,1,1,1,1,2000,80000,16,16,8,8,0,0,7,7,2,10,7,3,1,5,2,3,2,2,3,3,1,0,14,0,1,0,0,1,16,0,0
2024,Sudeste,3,São Paulo,SP,35,São Paulo,3550308,1,Metropolitana de São Paulo,15,São Paulo,61,3,2,4,0,0,ACADEMY CENTRO DE TREINAMENTO EM ANATOMIA E ATENDIMENTO ODONTOLOGICO LTDA.,18029,22028,Faculdade CTA,CTA,Rua Antônio Marcondes,285,SEDE,Vila Dom Pedro I,4267020.0,26,1,0,1,0,11,2,6,5,0,0,0,0,0,0,0,0,0,1,1,1,0,1,10000,10000,25,25,10,15,0,0,8,6,11,4,1,3,12,9,1,2,3,6,8,3,1,1,18,2,4,1,0,0,25,0,0
2024,Sudeste,3,São Paulo,SP,35,Guarulhos,3518800,0,Metropolitana de São Paulo,15,Guarulhos,59,3,2,4,0,0,INSTITUTO FACUMINAS EAD LTDA,18100,22084,Faculdade FACUMINAS de Pós-Graduação EAD,FACUMINAS EAD,Avenida Bom Clima,106,Polo GUARULHOS 2,Jardim Bom Clima,7196220.0,85,0,0,3,1,46,7,11,4,9,2,1,1,0,0,0,0,0,0,0,1,1,0,30,4000,13,13,10,3,0,0,0,8,5,0,0,0,0,13,0,2,1,5,2,2,1,0,3,1,6,0,0,3,13,0,0
2024,Sudeste,3,São Paulo,SP,35,Araras,3503307,0,Piracicaba,6,Limeira,27,3,2,4,0,0,SOCIEDADE REGIONAL DE ENSINO E SAUDE LTDA,1547,22096,FACULDADE SÃO LEOPOLDO MANDIC DE ARARAS,SLMANDIC-ARARAS,Avenida Dona Renata,71,-,Centro,13600001.0,61,0,2,1,0,12,12,19,3,7,2,1,1,1,0,1,0,1,1,1,1,1,1,38653,15535,82,82,40,42,0,0,12,19,51,34,0,34,33,15,0,3,10,22,9,18,10,10,76,0,0,1,0,5,82,0,0
2024,Sudeste,3,Minas Gerais,MG,31,Patos de Minas,3148004,0,Triângulo Mineiro/Alto Paranaíba,5,Patos de Minas,20,3,2,4,0,0,UNIEP - UNIAO INTEGRADA EDUCACIONAL DE PATOS DE MINAS LTDA,18579,22101,Faculdade de Educação de Patos de Minas,FAEP,Rua Tenente Bino,86,predio,Centro,38700108.0,5,0,0,1,0,1,0,1,0,0,0,1,0,0,1,0,0,1,1,1,1,1,0,320,3500,19,19,11,8,0,0,10,7,2,2,0,2,15,2,4,2,8,3,1,1,0,0,18,0,1,0,0,0,19,0,0
2024,Sudeste,3,Minas Gerais,MG,31,Belo Horizonte,3106200,1,Metropolitana de Belo Horizonte,7,Belo Horizonte,30,3,2,5,0,0,SANTA CASA DE MISERICORDIA DE BELO HORIZONTE,16327,22103,Faculdade de Saúde Santa Casa BH,,Avenida dos Andradas,2688,Faculdade Santa Casa BH,Santa Efigênia,30260070.0,72,1,1,0,0,16,14,18,3,13,3,2,1,0,0,0,0,1,1,0,1,0,1,0,16896,19,19,11,8,0,0,5,9,5,6,0,6,1,12,0,1,1,4,3,3,1,6,15,0,4,0,0,0,19,0,0
2024,Sudeste,3,Rio de Janeiro,RJ,33,Miguel Pereira,3302908,0,Metropolitana do Rio de Janeiro,6,Vassouras,14,3,2,5,0,0,FUNDACAO EDUCACIONAL SEVERINO SOMBRA,100,22116,Faculdade de Miguel Pereira,FAMIPE,Rua Alvarenga Peixoto,101,CAMPUS UNIVERSITARIO DE MIGUEL PEREIRA,Boa Vista,26900000.0,59,1,6,3,3,11,23,7,3,0,0,1,1,0,0,1,0,1,1,1,1,0,1,6,1452,24,24,8,16,0,0,2,21,1,11,0,11,13,0,2,4,5,4,5,1,2,1,17,1,4,0,0,2,24,0,0
2024,Sudeste,3,Espírito Santo,ES,32,Vitória,3205309,1,Central Espírito-santense,3,Vitória,9,3,2,4,0,0,FUCAPE PESQUISA E ENSINO S/A,17008,22119,ESCOLA DE DIREITO FUCAPE,FUCAPE DIREITO,Avenida Fernando Ferrari,1358,-,Boa Vista,29075505.0,93,2,2,7,3,26,12,22,10,3,2,3,1,0,0,1,0,1,1,1,1,0,1,2196,8069,17,17,6,11,0,0,0,4,13,7,7,0,5,5,3,1,3,3,4,1,1,1,13,1,3,0,0,0,17,0,0
2024,Sudeste,3,Rio de Janeiro,RJ,33,Três Rios,3306008,0,Centro Fluminense,3,Três Rios,5,3,2,4,0,0,SUPREMA-SOCIEDADE UNIVERSITARIA PARA O ENSINO MEDICO ASSISTENCIAL LTDA,1852,22121,Faculdade de Ciências Médicas de Três Rios,FCM/TR,Rua Isaltino Silveira,1470,-,Cantagalo,25804250.0,40,0,3,4,6,9,10,5,1,2,0,0,0,0,0,0,0,1,0,0,1,0,1,3716,2738,49,49,21,28,0,0,7,24,18,4,0,4,44,1,1,7,14,7,5,0,6,9,40,0,5,0,0,4,49,0,0
2024,Sudeste,3,Minas Gerais,MG,31,Bertópolis,3106606,0,Vale do Mucuri,4,Nanuque,16,3,2,4,0,0,INSTITUTO DE EDUCACAO TECNOLOGICA LTDA - ME,16609,22171,FACULDADE REGIONAL DE MINAS GERAIS,FACMINAS,Rua Aparício Gomes,100,-,centro,39875000.0,14,0,0,0,0,1,1,2,2,2,2,1,1,2,0,1,0,1,1,1,1,1,1,210,25605,16,16,9,7,0,0,2,11,3,5,1,4,9,2,2,0,2,4,7,1,0,0,6,0,10,0,0,0,16,0,0
2024,Sudeste,3,São Paulo,SP,35,Ribeirão Pires,3543303,0,Metropolitana de São Paulo,15,São Paulo,61,3,2,4,0,0,ENAU EDUCACIONAL LTDA,16827,22176,Faculdade ENAU,FacEnau,Rua Doutor Jorge Tibiriçá,137,-,Centro Alto,9424130.0,42,0,0,0,0,4,2,2,1,6,5,8,7,2,5,1,0,1,1,1,1,1,1,53,3000,24,24,13,11,0,0,6,13,5,0,0,0,0,24,0,1,5,6,5,4,1,2,18,1,5,0,0,0,24,0,0
2024,Sudeste,3,São Paulo,SP,35,São Paulo,3550308,1,Metropolitana de São Paulo,15,São Paulo,61,3,2,4,0,0,FAUP - FACULDADE UNIAO PAULISTANA LTDA - ME,16828,22177,Faculdade União Paulistana,FAUP,Rua Barão do Rio Branco,864,Faculdade União Paulistana,Santo Amaro,4753001.0,15,0,0,0,0,2,1,2,1,1,1,3,2,1,1,1,0,1,0,1,1,1,0,1654,2500,11,11,7,4,0,0,3,5,3,4,1,3,5,2,0,0,1,1,2,1,2,4,4,4,3,0,0,0,11,0,1
2024,Sudeste,3,Minas Gerais,MG,31,Sete Lagoas,3167202,0,Metropolitana de Belo Horizonte,7,Sete Lagoas,27,3,2,4,0,0,CENTRO EDUCACIONAL HYARTE-ML LTDA,1675,22194,FACULDADE ATENAS SETE LAGOAS,,Avenida Prefeito Alberto Moura,6000,- de 04201/4202 a 6399/06400,Nova Cidade,35702272.0,53,0,0,0,0,6,11,14,7,10,0,4,1,0,0,0,0,1,1,0,1,0,0,10356,2733,40,40,24,16,0,0,17,12,11,5,1,4,23,12,6,8,15,7,2,0,1,1,15,4,13,0,0,8,40,0,0
2024,Sudeste,3,Minas Gerais,MG,31,Passos,3147907,0,Sul/Sudoeste de Minas,10,Passos,47,3,2,4,0,0,CENTRO EDUCACIONAL HYARTE-ML LTDA,1675,22197,FACULDADE ATENAS PASSOS,,Oscar Cândido Monteiro,1000,-,Jardim Colégio de Passos,37900380.0,73,3,0,6,2,13,10,17,3,9,2,7,0,1,0,1,0,1,1,1,1,1,0,10356,2733,43,43,28,15,0,0,13,13,17,9,1,8,23,11,4,6,7,11,8,1,3,3,23,0,7,0,0,13,43,0,0
2024,Sudeste,3,Minas Gerais,MG,31,Sete Lagoas,3167202,0,Metropolitana de Belo Horizonte,7,Sete Lagoas,27,3,2,4,0,0,ORME SERVICOS EDUCACIONAIS LTDA,3167,22236,FACULDADE UNOPAR DE CIÊNCIAS JURÍDICAS DE SETE LAGOAS,,Rua Monsenhor Messias,94,-,Centro,35700041.0,23,0,0,0,0,0,0,5,18,0,0,0,0,0,0,0,0,1,1,0,1,1,1,33730,270513,27,27,14,13,0,0,3,9,15,4,0,4,8,15,1,4,5,10,5,2,0,0,16,1,8,0,0,2,27,0,1
2024,Sudeste,3,São Paulo,SP,35,Assis,3504008,0,Assis,10,Assis,39,3,2,4,0,0,ANHANGUERA EDUCACIONAL PARTICIPACOES S/A,16452,22237,Faculdade de Ciências Jurídicas de Assis,,Rua Josino de Andrade,"267, 277",- até 340/341,Centro,19800290.0,7,0,0,0,0,0,0,2,4,0,0,1,0,0,0,0,0,1,1,0,1,1,1,33730,270513,17,17,10,7,0,0,2,5,10,4,0,4,9,4,0,2,2,7,5,1,0,0,14,0,1,0,0,2,17,0,1
2024,Sudeste,3,São Paulo,SP,35,São José dos Campos,3549904,0,Vale do Paraíba Paulista,13,São José dos Campos,50,3,2,4,0,0,FACULDADE VANGUARDA LTDA,16837,22263,FACULDADE VANGUARDA,,Avenida Engenheiro Francisco José Longo,520,Vanguarda - Os números prediais são 520 e 526,Jardim São Dimas,12245001.0,7,0,0,0,0,4,1,1,0,0,0,0,1,0,0,1,0,1,1,0,1,1,0,15,16000,45,45,22,23,0,0,11,30,4,2,1,1,7,36,2,6,5,8,11,6,3,4,35,1,6,0,1,2,45,0,0
2024,Sudeste,3,Rio de Janeiro,RJ,33,Rio de Janeiro,3304557,1,Metropolitana do Rio de Janeiro,6,Rio de Janeiro,18,3,2,5,0,0,FUNDACAO GETULIO VARGAS,110,22266,Instituto de Desenvolvimento Tecnológico da FGV,FGV/IDT,Rua Jornalista Orlando Dantas,30,-,Botafogo,22231010.0,38,0,0,0,0,1,2,12,5,10,1,5,2,0,0,1,0,1,1,1,1,1,1,273,18139,35,35,9,26,0,0,0,0,35,30,0,30,5,0,0,2,5,5,4,5,4,10,28,1,6,0,0,0,32,3,0
2024,Sudeste,3,São Paulo,SP,35,Osasco,3534401,0,Metropolitana de São Paulo,15,Osasco,57,3,2,5,0,0,ASSOCIACAO EDUCACIONAL NOVE DE JULHO,222,22312,FACULDADE NOVE DE JULHO DE OSASCO,NOVE-OSASCO,Rua Dante Battiston,107,-,Centro,6013030.0,26,0,0,0,0,6,4,7,2,2,2,1,0,0,2,1,0,1,1,1,1,1,1,50102,84902,71,71,42,29,0,0,14,35,22,1,0,1,3,67,5,21,16,15,5,8,1,0,63,3,3,0,0,2,71,0,2
2024,Sudeste,3,São Paulo,SP,35,Bauru,3506003,0,Bauru,4,Bauru,20,3,2,5,0,0,ASSOCIACAO EDUCACIONAL NOVE DE JULHO,222,22313,FACULDADE NOVE DE JULHO DE BAURU,NOVE-BAURU,Rua Nicolau Assis,Quadra 7,"nºs 1, 15, 21, 27, 35, 41, 46, 51",Jardim Panorama,17011102.0,33,0,0,0,0,8,5,6,4,2,1,2,1,2,2,1,0,1,1,1,1,1,1,50102,84902,27,27,14,13,0,0,5,14,8,1,0,1,2,24,3,6,8,3,4,1,0,2,27,0,0,0,0,0,27,0,0
2024,Sudeste,3,São Paulo,SP,35,Guarulhos,3518800,0,Metropolitana de São Paulo,15,Guarulhos,59,3,2,5,0,0,ASSOCIACAO EDUCACIONAL NOVE DE JULHO,222,22314,FACULDADE NOVE DE JULHO GUARULHOS,NOVE-GUARULHOS,Rua Harry Simonsen,21,-,Vila das Palmeiras,7013110.0,25,0,0,0,0,7,4,8,1,2,1,0,2,0,0,1,0,1,1,1,1,1,1,50102,84902,46,46,23,23,0,0,8,18,20,2,0,2,3,41,1,7,16,9,7,5,1,0,39,3,4,0,0,0,46,0,3
2024,Sudeste,3,São Paulo,SP,35,Mauá,3529401,0,Metropolitana de São Paulo,15,São Paulo,61,3,2,5,0,0,ASSOCIACAO EDUCACIONAL NOVE DE JULHO,222,22316,FACULDADE NOVE DE JULHO MAUÁ,NOVE_MAUÁ,Rua Álvares Machado,48,-,Vila Bocaina,9310020.0,25,0,0,0,0,4,3,6,4,1,0,2,1,2,2,1,0,1,1,1,1,1,1,50102,84902,63,63,39,24,0,0,17,27,19,2,0,2,3,58,5,10,17,10,12,8,1,0,53,5,5,0,0,0,63,0,7
2024,Sudeste,3,São Paulo,SP,35,Itatiba,3523404,0,Macro Metropolitana Paulista,12,Bragança Paulista,48,3,1,2,0,0,CENTRO ESTADUAL DE EDUCACAO TECNOLOGICA PAULA SOUZA,33,22319,Faculdade de Tecnologia de Itatiba,Fatec Itatiba,Rua Daniel Peçanha de Moraes,220,-,Jardim Salessi,13251140.0,2,0,0,0,0,1,0,0,0,0,1,0,0,0,0,0,0,0,1,1,1,0,1,0,0,36,36,10,26,0,0,3,18,15,0,0,0,0,36,0,0,3,3,3,8,4,15,31,0,1,1,0,3,36,0,0
2024,Sudeste,3,Minas Gerais,MG,31,Nova Lima,3144805,0,Metropolitana de Belo Horizonte,7,Belo Horizonte,30,3,2,4,0,0,ACADEMY CENTRO DE TREINAMENTO EM ANATOMIA E ATENDIMENTO ODONTOLOGICO LTDA.,18029,22327,Faculdade CTA de Nova Lima,CTA Nova Lima,Rua da Paisagem,240,-,Vale do Sereno,34000000.0,13,1,0,2,0,6,0,1,1,0,0,1,1,0,0,0,0,0,1,1,1,0,1,10000,10000,14,14,6,8,0,0,2,5,7,1,0,1,0,13,0,1,1,2,5,4,0,1,13,0,1,0,0,0,14,0,0
2024,Sudeste,3,Minas Gerais,MG,31,Juiz de Fora,3136702,0,Zona da Mata,12,Juiz de Fora,65,3,2,4,0,0,ENSIN.E EDUCACAO LTDA,17395,22441,FACULDADE Ensin.E,ENSIN.E,Avenida Barão do Rio Branco,3480,FACULDADE ENSIN.E,Passos,36025020.0,30,0,0,0,0,3,2,3,3,5,7,1,3,1,2,1,0,1,1,1,1,1,1,9,18146,21,21,6,15,0,0,6,7,8,4,0,4,4,13,0,0,9,3,6,1,1,1,18,0,1,0,0,2,21,0,0
2024,Sudeste,3,Rio de Janeiro,RJ,33,Rio de Janeiro,3304557,1,Metropolitana do Rio de Janeiro,6,Rio de Janeiro,18,3,2,5,0,0,INSTITUTO SUPERIOR DE CIENCIAS DA SAUDE CARLOS CHAGAS,16869,22449,INSTITUTO SUPERIOR DE CIÊNCIAS DA SAÚDE CARLOS CHAGAS,IPGMCC,Avenida Beira-Mar,406,GRUPOS 503 A 506,Centro,20021060.0,8,0,0,0,0,2,1,3,0,0,0,0,0,1,1,0,0,1,0,0,1,1,0,1000,1500,11,11,5,6,0,0,3,6,2,2,0,2,1,8,0,0,2,1,1,4,1,2,8,0,3,0,0,0,11,0,0
2024,Sudeste,3,São Paulo,SP,35,Fernandópolis,3515509,0,São José do Rio Preto,1,Fernandópolis,2,3,2,4,0,0,COENP - COOPERATIVA DE ENSINO E PESQUISA,18574,22452,FACULDADE ATITUDE DE EDUCAÇÃO CONTINUADA,FAEC,RUA : MARIA MININEL,14,-,T.PAINEIRAS,15600000.0,5,0,0,0,0,0,0,2,0,2,0,0,1,0,0,0,0,1,1,1,1,1,1,1000,1000,6,6,3,3,0,0,1,3,2,2,2,0,4,0,0,0,1,2,2,0,0,1,4,0,0,0,0,2,6,0,0
2024,Sudeste,3,Minas Gerais,MG,31,Araxá,3104007,0,Triângulo Mineiro/Alto Paranaíba,5,Araxá,23,3,2,4,0,0,LIBANO EDUCACIONAL LTDA,18643,22455,Faculdade Líbano,LÍBANO,Avenida João Moreira Sales,690,-,Arasol,38182264.0,76,0,0,0,1,33,15,9,0,12,0,1,3,0,2,0,0,0,0,0,1,0,1,0,16940,4,4,2,2,0,0,2,1,1,0,0,0,2,2,0,1,1,1,1,0,0,0,4,0,0,0,0,0,4,0,0
2024,Sudeste,3,São Paulo,SP,35,Santo André,3547809,0,Metropolitana de São Paulo,15,São Paulo,61,3,2,4,0,0,PROFESSOR DR. CLEBER LEITE EDUCACAO E PESQUISA LTDA - ME,16882,22527,Faculdade Cleber Leite,FCL,Rua Catequese,833,Faculdade Cleber Leite,Vila Guiomar,9090401.0,48,2,0,1,0,17,3,16,2,3,1,1,0,1,1,1,0,1,1,1,1,1,1,161,11797,36,36,20,16,0,0,13,11,12,19,1,18,14,3,2,1,3,5,10,7,3,5,34,2,0,0,0,0,36,0,1
2024,Sudeste,3,São Paulo,SP,35,São Paulo,3550308,1,Metropolitana de São Paulo,15,São Paulo,61,3,2,4,0,0,UNI-B EDUCACAO LTDA,18399,22603,FACULDADE ANCLIVEPA DE GESTÃO E HUMANOLOGIA,FAGH,Rua Tijuco Preto,"193,201,205,209",Nova sede - Rua Tijuco Preto,Tatuapé,3316000.0,12,1,2,0,0,0,3,2,1,0,0,2,0,0,1,0,0,1,1,1,1,1,1,88,14000,17,17,9,8,0,0,4,12,1,0,0,0,0,17,2,2,5,2,1,3,2,0,9,0,0,0,0,8,17,0,0
2024,Sudeste,3,São Paulo,SP,35,São Paulo,3550308,1,Metropolitana de São Paulo,15,São Paulo,61,3,2,4,0,0,UNI-A EDUCACAO LTDA,16879,22605,Faculdade Anclivepa São Paulo,Anclivepa SP,Rua Tijuco Preto,"193,201,205,209",Sede - Rua Tijuco Preto,Tatuapé,3316000.0,6,0,0,0,0,2,0,4,0,0,0,0,0,0,0,0,0,0,1,1,1,1,0,0,15000,19,19,16,3,0,0,2,3,14,0,0,0,2,17,1,2,3,3,6,2,2,0,16,0,2,0,0,1,19,0,0
2024,Sudeste,3,São Paulo,SP,35,São Bernardo do Campo,3548708,0,Metropolitana de São Paulo,15,São Paulo,61,3,2,4,0,0,CENTRO EDUCACIONAL ABRANGE ABC LTDA - ME,16928,22627,Faculdade Abrange ABC,FABRANGE,Rua José Pelosini,77,-,Centro,9720040.0,21,0,0,0,0,0,1,2,5,4,4,2,1,0,2,0,0,0,0,1,1,1,0,2000,2000,6,6,4,2,0,0,2,1,3,4,1,3,1,1,0,0,0,1,0,3,0,2,5,0,1,0,0,0,6,0,0
2024,Sudeste,3,Minas Gerais,MG,31,Belo Horizonte,3106200,1,Metropolitana de Belo Horizonte,7,Belo Horizonte,30,3,2,4,0,0,CEDIN EDUCACIONAL LTDA - ME,16400,22629,Centro de Estudos em Direito e Negócios,,Rua Paraíba,1170,Campus Sede,Funcionários,30130141.0,21,0,0,1,0,2,8,1,2,3,0,1,2,1,0,0,0,1,1,1,1,1,0,10,6200,40,40,17,23,0,0,5,21,14,2,1,1,15,23,3,8,10,8,9,2,0,0,31,3,4,0,0,2,40,0,0
2024,Sudeste,3,São Paulo,SP,35,São Paulo,3550308,1,Metropolitana de São Paulo,15,São Paulo,61,3,2,5,0,0,INSTITUTO BRASILEIRO DE TECNOLOGIA E CIENCIA DA COMPUTACAO - IBTCC,17905,22651,Instituto de Tecnologia e Liderança,Inteli,Avenida Professor Almeida Prado,532,Prédios 5 e 6,Butantã,5508901.0,56,0,0,0,0,6,2,13,9,15,7,0,1,2,1,0,0,1,0,1,1,1,0,1167,17228,46,46,13,33,0,0,0,22,24,37,0,37,9,0,2,7,11,7,6,3,6,4,32,4,5,5,0,0,46,0,1
2024,Sudeste,3,São Paulo,SP,35,Ribeirão Preto,3543402,0,Ribeirão Preto,2,Ribeirão Preto,14,3,2,4,0,0,HARVEN AGRIBUSINESS SCHOOL S.A.,18636,22659,Faculdade Harven Agribusiness School,HARVEN,Rua Abrahão Issa Halack,320,- até 669/670,Ribeirânia,14096160.0,24,0,0,0,0,4,3,8,2,3,3,0,0,1,0,0,0,0,1,0,1,1,0,0,3700,26,26,7,19,0,0,0,11,15,6,0,6,4,16,1,3,4,1,5,9,2,1,25,0,1,0,0,0,26,0,0
2024,Sudeste,3,Minas Gerais,MG,31,Itajubá,3132404,0,Sul/Sudoeste de Minas,10,Itajubá,56,3,2,4,0,0,ORME SERVICOS EDUCACIONAIS LTDA,3167,22707,FACULDADE PITÁGORAS UNOPAR DE ITAJUBÁ,,Rua Doutor Xavier Lisboa,348,-,Varginha,37501042.0,5,0,0,0,0,0,0,2,3,0,0,0,0,0,0,0,0,1,1,0,1,1,1,33730,270513,19,19,7,12,0,0,3,4,12,4,0,4,8,7,1,1,3,7,6,0,0,1,16,0,1,0,0,2,19,0,0
2024,Sudeste,3,Minas Gerais,MG,31,Muriaé,3143906,0,Zona da Mata,12,Muriaé,63,3,2,4,0,0,ORME SERVICOS EDUCACIONAIS LTDA,3167,22712,FACULDADE PITÁGORAS UNOPAR DE MURIAÉ,,RUA MARIUS DORNELAS,110,-,Barra,36880000.0,21,0,0,0,0,0,0,8,13,0,0,0,0,0,0,0,0,1,1,0,1,1,1,33730,270513,21,21,13,8,0,0,4,5,12,4,0,4,8,9,1,6,2,7,3,2,0,0,17,0,2,0,0,2,21,0,1
2024,Sudeste,3,São Paulo,SP,35,Penápolis,3537305,0,Araçatuba,3,Birigui,18,3,2,4,0,0,ORME SERVICOS EDUCACIONAIS LTDA,3167,22716,FACULDADE PITÁGORAS DE PENÁPOLIS,,"RUA ANTONIO VERONEZE,",850,-,JARDIM POR DO SOL,16300000.0,5,0,0,0,0,0,0,2,3,0,0,0,0,0,0,0,0,1,1,0,1,1,1,33730,270513,15,15,9,6,0,0,1,2,12,4,0,4,7,4,1,1,1,7,4,1,0,0,11,0,2,0,0,2,15,0,1
2024,Sudeste,3,São Paulo,SP,35,Barretos,3505500,0,Ribeirão Preto,2,Barretos,9,3,2,4,0,0,JC SOCIEDADE EDUCACIONAL S/S LTDA,16163,22747,FACULDADE PROF. LUÍZ MÁRIO D'AVILA,FADAVILA,Avenida 29,763,-,Baroni,14780350.0,4,0,0,0,0,0,0,1,2,0,0,0,0,0,1,1,0,1,1,1,1,1,1,100,100,11,11,4,7,0,0,6,3,2,1,0,1,5,5,0,0,2,3,3,1,0,2,9,0,2,0,0,0,11,0,0
2024,Sudeste,3,Minas Gerais,MG,31,Itabira,3131703,0,Metropolitana de Belo Horizonte,7,Itabira,31,3,2,4,0,0,FACEB EDUCACAO LTDA,1117,22758,Faculdade Una de Itabira,Una,Rua Guarda-Mor Custódio,60,Campus Centro,Centro,35900003.0,26,0,0,0,0,15,3,4,1,1,0,1,1,0,0,1,0,1,1,1,1,1,1,18843,34716,203,203,124,79,0,0,18,127,58,1,0,1,6,196,13,29,45,28,34,25,16,13,175,5,21,2,0,0,203,0,0
2024,Sudeste,3,Minas Gerais,MG,31,Itabira,3131703,0,Metropolitana de Belo Horizonte,7,Itabira,31,3,2,4,0,0,FACEB EDUCACAO LTDA,1117,22759,Instituto Una de Itabira,Una,Rua Guarda-Mor Custódio,60,Campus Centro,Centro,35900003.0,26,0,0,0,0,15,3,4,1,1,0,1,1,0,0,1,0,1,1,1,1,1,1,18843,34716,65,65,39,26,0,0,9,43,13,0,0,0,2,63,4,10,14,13,12,7,4,1,56,3,5,1,0,0,65,0,0
2024,Sudeste,3,Minas Gerais,MG,31,Belo Horizonte,3106200,1,Metropolitana de Belo Horizonte,7,Belo Horizonte,30,3,2,5,0,0,INSTITUTO DE EDUCACAO SUPERIOR LATINOAMERICANO - IESLA,16764,22764,ESCOLA SUPERIOR DE EDUCAÇÃO,ESJUS,Avenida Miguel Perrela,-,-,Castelo,31330290.0,42,0,0,0,0,4,7,16,12,2,1,0,0,0,0,0,0,1,0,1,1,0,1,102,2740,16,16,10,6,0,0,0,9,7,0,0,0,3,13,2,3,3,4,2,2,0,0,8,1,3,0,0,4,16,0,0
2024,Sudeste,3,São Paulo,SP,35,São Paulo,3550308,1,Metropolitana de São Paulo,15,São Paulo,61,3,2,4,0,0,AUDEN EDUCACAO LTDA,16999,22814,Faculdade Auden Educacional,FAED,Avenida Paulista,807,17º andar - Cj. 1071,Cerqueira Cesar,1311000.0,13,0,0,0,0,1,0,1,0,2,6,1,0,1,1,0,0,1,0,0,1,0,0,720,31769,16,16,1,15,0,0,3,8,5,4,0,4,10,2,0,1,2,3,4,2,2,2,13,0,2,1,0,0,16,0,0
2024,Sudeste,3,São Paulo,SP,35,São Paulo,3550308,1,Metropolitana de São Paulo,15,São Paulo,61,3,2,4,0,0,SAO PAULO MASTER EDUCATION LTDA,16996,22862,FranklinCovey Business School,FCBS,Rua Alcides Ricardini Neves,12,"Conjuntos 906,0907,0908 e 909",Cidade Monções,4575050.0,4,0,0,0,0,0,0,0,0,2,2,0,0,0,0,0,0,0,0,0,1,1,0,20,500,15,15,9,6,0,0,0,9,6,8,0,8,7,0,0,1,0,2,3,2,5,2,15,0,0,0,0,0,15,0,0
2024,Sudeste,3,São Paulo,SP,35,São Paulo,3550308,1,Metropolitana de São Paulo,15,São Paulo,61,3,2,5,0,0,ASSOCIACAO EDUCACIONAL E CULTURAL PAULISTANA,16715,22866,Faculdade Associada Brasil - EAD,,Rua Nova dos Portugueses,365,- até 719/720,Chora Menino,2462080.0,9,0,0,2,0,1,1,2,1,1,0,0,1,0,0,0,0,0,1,1,1,0,0,50,12000,6,6,3,3,0,0,1,0,5,5,0,5,1,0,0,0,0,0,2,1,0,3,5,1,0,0,0,0,6,0,0
2024,Sudeste,3,Rio de Janeiro,RJ,33,Maricá,3302700,0,Metropolitana do Rio de Janeiro,6,Rio de Janeiro,18,3,2,5,0,0,FUNDACAO EDUCACIONAL SEVERINO SOMBRA,100,22917,FACULDADE DE CIÊNCIAS MÉDICAS DE MARICÁ,FACMAR,Avenida Roberto da Silveira,2082,FACULDADE DE CIENCIAS MEDICAS DE MARICA (FACMAR),Flamengo,24903815.0,9,0,0,0,0,3,2,1,1,0,0,1,0,0,1,1,0,0,0,1,1,1,1,0,15151,71,71,40,31,0,0,6,24,41,28,0,28,39,4,2,8,17,12,18,8,1,5,54,5,12,0,0,0,71,0,0
2024,Sudeste,3,São Paulo,SP,35,Araraquara,3503208,0,Araraquara,5,Araraquara,24,3,1,2,0,0,CENTRO ESTADUAL DE EDUCACAO TECNOLOGICA PAULA SOUZA,33,22939,Faculdade de Tecnologia de Araraquara,FATEC ARQ,Rua Precide Scarpino Martim,126,-,Jardim Santa Clara (Vila Xavier),14811373.0,9,0,0,0,0,1,1,2,1,1,2,1,0,0,0,0,0,0,1,0,1,1,0,0,0,59,59,15,44,0,0,8,30,21,0,0,0,0,59,1,2,8,9,16,6,12,5,52,2,2,0,0,3,59,0,0
2024,Sudeste,3,Minas Gerais,MG,31,Belo Horizonte,3106200,1,Metropolitana de Belo Horizonte,7,Belo Horizonte,30,3,2,4,0,0,IBE - INSTITUTO BRASILEIRO DE ENSINO LTDA - ME,17039,22966,Faculdade Instituto Brasileiro de Ensino,FACIBE,Rua Silva Jardim,296,loja,Floresta,30150010.0,3,0,0,1,1,0,0,1,0,0,0,0,0,0,0,0,0,1,0,1,1,0,0,48,2281,9,9,5,4,0,0,0,7,2,2,0,2,7,0,0,0,0,0,2,2,1,4,6,0,1,0,0,2,9,0,0
2024,Sudeste,3,São Paulo,SP,35,São Paulo,3550308,1,Metropolitana de São Paulo,15,São Paulo,61,3,2,5,0,0,ASSOCIACAO KEPPE E PACHECO,16308,22985,Faculdade Trilógica Nossa Senhora de Todos os Povos,FATRI EAD,"Avenida Rebouças 3115, 3819 e 3887",3819,Polo Central São Paulo,Pinheiros,5401450.0,36,0,0,0,0,1,2,2,1,15,8,1,2,4,0,0,0,0,1,1,1,1,1,78,2723,20,20,10,10,0,0,5,11,4,4,0,4,16,0,1,1,1,2,3,2,2,8,17,0,3,0,0,0,18,2,0
2024,Sudeste,3,São Paulo,SP,35,São Paulo,3550308,1,Metropolitana de São Paulo,15,São Paulo,61,3,2,4,0,0,CETRUS - DIAGNOSTICO LTDA.,17033,23022,Faculdade Cetrus Sanar,CETRUS,Avenida Jabaquara,474,- até 0620 - lado par,Mirandópolis,4046000.0,203,0,0,3,0,119,0,70,0,8,0,1,0,2,0,0,0,0,0,1,1,1,0,0,13591,7,7,5,2,0,0,2,3,2,4,0,4,1,2,1,1,1,3,0,1,0,0,4,0,0,0,0,3,7,0,0
2024,Sudeste,3,Espírito Santo,ES,32,Vila Velha,3205200,0,Central Espírito-santense,3,Vitória,9,3,2,4,0,0,"INSTITUICAO SUPERIOR DE ENSINO, PESQUISA E EXTENSAO LTDA",17056,23025,Faculdade de Ensino Superior Brasileira - Faculdade FEBRAS,FEBRAS,Rua Doutor Annor da Silva,106,-,Coqueiral de Itaparica,29102300.0,12,0,0,0,0,1,4,0,1,0,2,2,0,1,1,0,0,0,0,1,1,1,0,5000,5000,4,4,1,3,0,0,0,3,1,2,2,0,2,0,0,1,1,0,2,0,0,0,3,0,1,0,0,0,4,0,0
2024,Sudeste,3,Rio de Janeiro,RJ,33,Rio de Janeiro,3304557,1,Metropolitana do Rio de Janeiro,6,Rio de Janeiro,18,3,1,1,0,0,COMANDO DO EXERCITO,409,23026,Escola de Sargentos de Logística,EsSLog,Rua João Vicente,2179,- de 2150/2151 ao fim,Deodoro,21610211.0,608,0,0,0,333,9,86,35,104,11,20,5,5,0,0,0,0,0,1,1,1,0,1,0,0,69,69,9,60,8,41,13,6,1,69,69,0,0,0,5,13,20,18,7,3,3,0,32,10,25,0,1,1,69,0,0
2024,Sudeste,3,Minas Gerais,MG,31,Três Corações,3169307,0,Sul/Sudoeste de Minas,10,Varginha,50,3,1,1,0,0,COMANDO DO EXERCITO,409,23028,Escola de Sargentos das Armas,ESA,avenida sete de setembro,628,-,centro,37410000.0,206,0,0,0,0,10,96,8,57,2,22,3,7,1,0,0,0,1,1,1,1,0,1,49,200,157,157,9,148,56,58,36,7,0,157,157,0,0,0,25,46,48,22,14,2,0,0,99,23,34,1,0,0,157,0,0
2024,Sudeste,3,Espírito Santo,ES,32,Serra,3205002,0,Central Espírito-santense,3,Vitória,9,3,2,4,0,0,SHIFT+ TECNOLOGIA EDUCACIONAL - EIRELI,18207,23038,Faculdade de Educação e Tecnologia do Espírito Santo,FETES,Avenida Central,15,Loja B,Parque Residencial Laranjeiras,29165130.0,18,0,0,1,0,3,3,0,0,6,2,2,1,0,0,0,0,1,1,1,1,0,0,0,1073,11,11,9,2,0,0,2,7,2,0,0,0,11,0,0,1,3,1,3,1,1,1,6,1,4,0,0,0,11,0,0
2024,Sudeste,3,Espírito Santo,ES,32,Serra,3205002,0,Central Espírito-santense,3,Vitória,9,3,2,5,0,0,INSTITUTO DE ENSINO SUPERIOR CAPIXABA  IESCAPI,17031,23090,INSTITUTO DE ENSINO SUPERIOR CAPIXABA,IESCAPI,Rua L,11,Rosario de Fatima,Rosário de Fátima,29161152.0,8,0,0,0,0,1,1,0,1,2,3,0,0,0,0,0,0,0,0,0,1,1,0,4000,11500,5,5,0,5,0,0,2,1,2,4,0,4,0,1,2,0,1,1,0,0,1,0,4,0,1,0,0,0,5,0,0
2024,Sudeste,3,São Paulo,SP,35,São José dos Campos,3549904,0,Vale do Paraíba Paulista,13,São José dos Campos,50,3,2,4,0,0,OLHAR EDUCACIONAL LTDA,17861,23096,FACULDADE SANTO ANTÔNIO - SJC,FSA,Rua Andorra,500,-,Jardim América,12235050.0,29,0,0,0,0,19,0,7,0,1,0,1,0,1,0,0,0,1,1,1,1,1,1,3780,10000,19,19,11,8,0,0,2,11,6,13,2,11,6,0,1,5,4,2,4,2,1,0,15,2,2,0,0,0,18,1,0
2024,Sudeste,3,São Paulo,SP,35,São Paulo,3550308,1,Metropolitana de São Paulo,15,São Paulo,61,3,2,4,0,0,INSTITUTO BRASILEIRO DE PERITOS EM COMERCIO ELETRONICO E TELEMATICA LTDA - EPP,17034,23118,IBPTECH FACULDADE DE CIÊNCIAS FORENSES E TECNOLOGIA,,Alameda Campinas,463,- até 639 - lado ímpar,Jardim Paulista,1404100.0,9,0,0,0,0,1,0,2,1,2,1,1,0,1,0,0,0,1,1,1,1,0,1,43,14710,8,8,5,3,0,0,3,3,2,1,0,1,6,1,0,2,3,2,0,1,0,0,8,0,0,0,0,0,8,0,0
2024,Sudeste,3,São Paulo,SP,35,São Paulo,3550308,1,Metropolitana de São Paulo,15,São Paulo,61,3,2,4,0,0,BRAIN EDUCACAO LTDA,17026,23139,BRAIN BUSINESS SCHOOL,BRAIN,Rua Baumann,73,-,Vila Leopoldina,5318000.0,5,0,0,0,0,0,0,1,2,0,1,0,0,1,0,0,0,0,1,1,1,1,1,69,120000,6,6,3,3,0,0,2,2,2,2,0,2,3,1,0,0,0,0,1,0,3,2,6,0,0,0,0,0,5,1,0
2024,Sudeste,3,São Paulo,SP,35,São Paulo,3550308,1,Metropolitana de São Paulo,15,São Paulo,61,3,2,4,0,0,INSTITUTO PAULISTANO DE ENSINO SUPERIOR DO COMERCIO S.A,17095,23147,Faculdade do Comércio de São Paulo,FAC-SP,Associação Comercial de São Paulo,51,"Rua Boa Vista nº 51 - 1º, 2º, 3º e 7º andar",Centro,1014911.0,20,0,0,0,0,4,1,2,3,4,5,1,0,0,0,0,0,1,0,0,1,1,1,0,3200,32,32,9,23,0,0,11,17,4,8,0,8,3,21,0,2,0,6,5,6,3,10,27,1,3,1,0,0,32,0,0
2024,Sudeste,3,Minas Gerais,MG,31,Divinópolis,3122306,0,Oeste de Minas,9,Divinópolis,43,3,2,4,0,0,BRASIL EDUCACAO S/A,3052,23163,Faculdade de Educação Superior de Divinópolis,,Rua Coronel João Notini,151,- até 1507/1508,Centro,35500017.0,33,2,1,1,0,13,4,4,1,1,1,1,4,0,0,1,0,1,1,1,1,1,1,18843,34716,67,67,52,15,0,0,9,33,25,0,0,0,5,62,4,6,13,16,16,6,3,3,59,3,5,0,0,0,67,0,0
2024,Sudeste,3,Minas Gerais,MG,31,Divinópolis,3122306,0,Oeste de Minas,9,Divinópolis,43,3,2,4,0,0,IEDUC - INSTITUTO DE EDUCACAO E CULTURA S/A,14298,23164,Centro de Ensino Superior de Divinópolis,,Rua Coronel João Notini,151,- até 1507/1508,Centro,35500017.0,33,2,1,1,0,13,4,4,1,1,1,1,4,0,0,1,0,1,1,1,1,1,1,18843,34716,67,67,48,19,0,0,9,24,34,1,0,1,7,59,2,10,16,13,16,3,4,3,55,3,9,0,0,0,67,0,0
2024,Sudeste,3,Minas Gerais,MG,31,Itabira,3131703,0,Metropolitana de Belo Horizonte,7,Itabira,31,3,2,4,0,0,FACEB EDUCACAO LTDA,1117,23169,Escola Superior de Itabira,,Rua Guarda-Mor Custódio,60,Campus Centro,Centro,35900003.0,26,0,0,0,0,15,3,4,1,1,0,1,1,0,0,1,0,1,1,1,1,1,1,18843,34716,27,27,14,13,0,0,0,13,14,1,0,1,6,20,2,3,8,7,4,2,1,0,21,1,4,1,0,0,27,0,0
2024,Sudeste,3,Minas Gerais,MG,31,Pouso Alegre,3152501,0,Sul/Sudoeste de Minas,10,Pouso Alegre,52,3,2,4,0,0,BRASIL EDUCACAO S/A,3052,23172,Faculdade de Educação Superior de Pouso Alegre,,Rua João Basílio,420,-,Centro,37550000.0,33,1,0,1,0,12,8,3,1,1,1,1,3,1,0,1,0,1,1,1,1,1,1,18843,34716,24,24,15,9,0,0,0,11,13,0,0,0,8,16,0,5,7,4,3,2,3,0,23,0,1,0,0,0,24,0,0
2024,Sudeste,3,Minas Gerais,MG,31,Pouso Alegre,3152501,0,Sul/Sudoeste de Minas,10,Pouso Alegre,52,3,2,4,0,0,FACEB EDUCACAO LTDA,1117,23175,Escola Superior de Pouso Alegre,,Rua João Basílio,420,-,Centro,37550000.0,33,1,0,1,0,12,8,3,1,1,1,1,3,1,0,1,0,1,1,1,1,1,1,18843,34716,24,24,15,9,0,0,2,8,14,0,0,0,6,18,0,4,9,1,6,2,2,0,21,1,2,0,0,0,24,0,0
2024,Sudeste,3,Minas Gerais,MG,31,Sete Lagoas,3167202,0,Metropolitana de Belo Horizonte,7,Sete Lagoas,27,3,2,4,0,0,BRASIL EDUCACAO S/A,3052,23176,Faculdade de Educação Superior de Sete Lagoas,,Avenida Secretário Divino Padrão,1411,A,Santo Antônio,35702075.0,30,2,0,0,0,12,4,5,2,1,2,1,1,0,0,1,0,1,1,1,1,1,1,18843,34716,32,32,27,5,0,0,4,20,8,0,0,0,5,27,2,6,10,5,4,4,0,1,29,1,2,0,0,0,32,0,0
2024,Sudeste,3,Minas Gerais,MG,31,Sete Lagoas,3167202,0,Metropolitana de Belo Horizonte,7,Sete Lagoas,27,3,2,4,0,0,IEDUC - INSTITUTO DE EDUCACAO E CULTURA S/A,14298,23178,Centro de Ensino Superior de Sete Lagoas,,Avenida Secretário Divino Padrão,1411,A,Santo Antônio,35702075.0,30,2,0,0,0,12,4,5,2,1,2,1,1,0,0,1,0,1,1,1,1,1,1,18843,34716,53,53,39,14,0,0,6,29,18,0,0,0,4,49,4,5,15,5,10,10,4,0,45,3,5,0,0,0,53,0,0
2024,Sudeste,3,São Paulo,SP,35,Ribeirão Preto,3543402,0,Ribeirão Preto,2,Ribeirão Preto,14,3,2,4,0,0,PSICOLOG - INSTITUTO DE ESTUDOS DO COMPORTAMENTO LTDA,17097,23194,Faculdade PSICOLOG,FAPSI,Rua Júlio Prestes,959,-,Jardim Sumaré,14025060.0,14,0,0,2,0,1,2,2,2,0,0,1,2,0,2,0,0,0,0,1,1,1,0,20,3500,5,5,2,3,0,0,0,3,2,2,2,0,0,3,0,0,0,0,1,3,1,0,5,0,0,0,0,0,5,0,0
2024,Sudeste,3,São Paulo,SP,35,Araçatuba,3502804,0,Araçatuba,3,Araçatuba,17,3,2,4,0,0,"INSTITUTO DE ENSINO SUPERIOR, PESQUISA E TECNOLOGIA DE SAO PAULO - ME",10515,23215,FACULDADE DO ESTADO DE SÃO PAULO,ESP,Estrada Municipal Caram Rezek,KM 1.35,- lado ímpar,Chácaras Sossego,16078035.0,28,0,0,0,0,4,9,9,5,1,0,0,0,0,0,0,0,1,1,1,1,0,0,20000,20000,7,7,4,3,0,0,4,0,3,2,0,2,5,0,2,0,1,0,1,2,1,0,6,0,1,0,0,0,7,0,0
2024,Sudeste,3,São Paulo,SP,35,Guarulhos,3518800,0,Metropolitana de São Paulo,15,Guarulhos,59,3,2,4,0,0,IEDUC - INSTITUTO DE EDUCACAO E CULTURA S/A,14298,23228,Faculdade São Judas de Guarulhos,,Rua do Rosário,476,-,Vila Camargos,7111080.0,14,0,0,0,0,5,5,3,0,0,0,1,0,0,0,1,0,1,1,1,1,1,1,18843,34716,104,104,38,66,0,0,14,60,30,0,0,0,0,104,3,6,17,14,20,17,13,14,88,4,11,1,0,0,103,1,0
2024,Sudeste,3,São Paulo,SP,35,Guarulhos,3518800,0,Metropolitana de São Paulo,15,Guarulhos,59,3,2,4,0,0,AMC - SERVICOS EDUCACIONAIS LTDA,143,23235,Instituto Universitário São Judas de Guarulhos,,Rua do Rosário,476,-,Vila Camargos,7111080.0,14,0,0,0,0,5,5,3,0,0,0,1,0,0,0,1,0,1,1,1,1,1,1,18843,34716,73,73,37,36,0,0,9,41,23,0,0,0,0,73,2,9,12,13,13,7,7,10,65,0,7,1,0,0,73,0,0
2024,Sudeste,3,São Paulo,SP,35,Guarulhos,3518800,0,Metropolitana de São Paulo,15,Guarulhos,59,3,2,4,0,0,AMC - SERVICOS EDUCACIONAIS LTDA,143,23236,Escola Superior São Judas de Guarulhos,,Rua do Rosário,476,-,Vila Camargos,7111080.0,14,0,0,0,0,5,5,3,0,0,0,1,0,0,0,1,0,1,1,1,1,1,1,18843,34716,108,108,61,47,0,0,13,60,35,1,0,1,1,106,2,10,17,21,20,18,8,12,96,2,10,0,0,0,107,1,0
2024,Sudeste,3,São Paulo,SP,35,São Bernardo do Campo,3548708,0,Metropolitana de São Paulo,15,São Paulo,61,3,2,4,0,0,AMC - SERVICOS EDUCACIONAIS LTDA,143,23241,Instituto Universitário São Judas de São Bernardo do Campo,,Avenida Pereira Barreto,1479,-,Centro/Baeta Neves,9751000.0,21,0,0,0,0,9,6,2,0,1,0,1,0,0,2,1,0,1,1,1,1,1,1,18843,34716,342,342,163,179,0,0,41,188,113,1,0,1,7,334,10,30,56,53,67,54,34,38,305,7,28,2,0,0,341,1,0
2024,Sudeste,3,São Paulo,SP,35,São Bernardo do Campo,3548708,0,Metropolitana de São Paulo,15,São Paulo,61,3,2,4,0,0,AMC - SERVICOS EDUCACIONAIS LTDA,143,23242,Escola Superior São Judas de São Bernardo do Campo,,Avenida Pereira Barreto,1479,-,Centro,9751000.0,21,0,0,0,0,9,6,2,0,1,0,1,0,0,2,1,0,1,1,1,1,1,1,18843,34716,150,150,88,62,0,0,17,79,54,1,0,1,1,148,1,16,30,27,23,28,15,10,136,7,7,0,0,0,149,1,0
2024,Sudeste,3,Minas Gerais,MG,31,Conselheiro Lafaiete,3118304,0,Metropolitana de Belo Horizonte,7,Conselheiro Lafaiete,34,3,2,4,0,0,FACEB EDUCACAO LTDA,1117,23244,Instituto Universitário UNA de Conselheiro Lafaiete,,Rua Melvin Jones,90,-,Campo Alegre,36400107.0,20,0,0,0,0,6,5,4,0,1,0,2,1,1,0,1,0,1,1,1,1,1,1,18843,34716,91,91,50,41,0,0,13,51,27,1,0,1,1,89,4,17,20,11,17,6,8,8,77,4,9,1,0,0,91,0,0
2024,Sudeste,3,Minas Gerais,MG,31,Conselheiro Lafaiete,3118304,0,Metropolitana de Belo Horizonte,7,Conselheiro Lafaiete,34,3,2,4,0,0,BRASIL EDUCACAO S/A,3052,23245,Escola Superior UNA de Conselheiro Lafaiete,,Avenida Professor Mário Rodrigues Pereira,157,-,Jardim América,36400000.0,20,0,0,0,0,6,5,4,0,1,0,2,1,1,0,1,0,1,1,1,1,1,1,18843,34716,89,89,52,37,0,0,16,57,16,3,0,3,1,85,8,18,17,13,18,5,5,5,80,4,5,0,0,0,89,0,0
2024,Sudeste,3,São Paulo,SP,35,São Bernardo do Campo,3548708,0,Metropolitana de São Paulo,15,São Paulo,61,3,2,4,0,0,IEDUC - INSTITUTO DE EDUCACAO E CULTURA S/A,14298,23261,Faculdade São Judas de São Bernardo do Campo,,Avenida Pereira Barreto,1479,-,Baeta Neves,9751000.0,21,0,0,0,0,9,6,2,0,1,0,1,0,0,2,1,0,1,1,1,1,1,1,18843,34716,162,162,86,76,0,0,12,97,53,0,0,0,0,162,5,11,26,26,29,25,22,18,144,4,13,1,0,0,161,1,0
2024,Sudeste,3,Minas Gerais,MG,31,Conselheiro Lafaiete,3118304,0,Metropolitana de Belo Horizonte,7,Conselheiro Lafaiete,34,3,2,4,0,0,IEDUC - INSTITUTO DE EDUCACAO E CULTURA S/A,14298,23264,Faculdade UNA de Conselheiro Lafaiete,,Rua Melvin Jones,90,-,Campo Alegre,36400107.0,20,0,0,0,0,6,5,4,0,1,0,2,1,1,0,1,0,1,1,1,1,1,1,18843,34716,100,100,58,42,0,0,19,50,31,1,0,1,5,94,6,9,29,14,20,8,8,6,89,3,7,1,0,0,100,0,0
2024,Sudeste,3,Minas Gerais,MG,31,Conselheiro Lafaiete,3118304,0,Metropolitana de Belo Horizonte,7,Conselheiro Lafaiete,34,3,2,4,0,0,FACEB EDUCACAO LTDA,1117,23275,Faculdade de Agronomia UNA de Conselheiro Lafaiete,,Rua Melvin Jones,90,-,Campo Alegre,36400107.0,20,0,0,0,0,6,5,4,0,1,0,2,1,1,0,1,0,1,1,1,1,1,1,18843,34716,63,63,37,26,0,0,7,32,24,0,0,0,6,57,2,9,15,9,13,7,6,2,51,3,9,0,0,0,63,0,0
2024,Sudeste,3,Minas Gerais,MG,31,Belo Horizonte,3106200,1,Metropolitana de Belo Horizonte,7,Belo Horizonte,30,3,2,5,0,0,INSTITUTO DE EDUCACAO SUPERIOR LATINOAMERICANO - IESLA,16764,23280,FACULDADE DE EDUCAÇÃO SUPERIOR IESLA,IESLA,Avenida Presidente Tancredo Neves,5145,- de 2001 ao fim - lado ímpar,Castelo,31330430.0,42,0,0,0,0,4,7,16,12,2,1,0,0,0,0,0,0,1,0,1,1,0,1,102,2740,4,4,2,2,0,0,0,1,3,2,1,1,1,1,0,0,0,1,1,1,1,0,3,0,1,0,0,0,4,0,0
2024,Sudeste,3,Espírito Santo,ES,32,Cachoeiro de Itapemirim,3201209,0,Sul Espírito-santense,4,Cachoeiro de Itapemirim,12,3,2,4,0,0,EMPRESA BRASILEIRA DE ENSINO PESQUISA E EXTENSAO S/A - MULTIVIX,832,23318,FACULDADE BRASILEIRA DE CACHOEIRO,,Rodovia Engenheiro Fabiano Vivácqua,2531,Faculdade Brasileira de Cachoeiro,Monte Belo,29314803.0,23,0,0,2,0,5,1,6,0,2,2,1,2,0,2,0,0,1,1,1,1,1,0,5000,25000,95,95,42,53,0,0,74,16,5,3,0,3,75,17,3,20,23,16,4,9,12,8,39,0,4,0,0,52,95,0,0
2024,Sudeste,3,Minas Gerais,MG,31,Teófilo Otoni,3168606,0,Vale do Mucuri,4,Teófilo Otoni,15,3,2,4,0,0,INSTITUTO EDUCACIONAL ALFAUNIPAC S.A.,2371,23331,ALFA - Faculdade de Teófilo Otoni,ALFA - TO,Rua Engenheiro Celso Murta,600,-,Doutor Laerte Laender,39803087.0,175,3,0,7,5,52,32,27,6,22,5,7,5,1,3,1,0,1,1,0,1,1,1,100,100,26,26,17,9,0,0,0,17,9,12,0,12,14,0,2,1,5,10,5,0,2,1,18,0,8,0,0,0,26,0,0
2024,Sudeste,3,Minas Gerais,MG,31,Teófilo Otoni,3168606,0,Vale do Mucuri,4,Teófilo Otoni,15,3,2,4,0,0,INSTITUTO EDUCACIONAL ALFAUNIPAC S.A.,2371,23332,Faculdade ALFA de Teófilo Otoni,ALFA,Rua Engenheiro Celso Murta,600,-,Doutor Laerte Laender,39803087.0,175,3,0,7,5,52,32,27,6,22,5,7,5,1,3,1,0,1,1,0,1,1,1,100,100,15,15,9,6,0,0,0,10,5,6,0,6,9,0,0,2,0,9,1,0,2,1,9,0,4,0,0,2,15,0,0
2024,Sudeste,3,São Paulo,SP,35,São Paulo,3550308,1,Metropolitana de São Paulo,15,São Paulo,61,3,2,4,0,0,IBMEC EDUCACIONAL LTDA.,1223,23333,Faculdade Damásio Educacional,FDE,Rua da Glória,195,- lado ímpar,Liberdade,1510001.0,52,0,0,0,1,11,7,12,14,4,3,0,0,0,0,0,0,1,1,0,0,0,1,38000,15000,5,5,4,1,0,0,1,2,2,1,0,1,4,0,0,0,1,0,0,1,1,2,4,0,0,0,0,1,5,0,0
2024,Sudeste,3,São Paulo,SP,35,Embu das Artes,3515004,0,Metropolitana de São Paulo,15,Itapecerica da Serra,60,3,2,4,0,0,ADHARA EDUCACIONAL - CONSULTORIA EM EDUCACAO E PARTICIPACOES LTDA,15791,23335,Faculdade Embu das Artes,FAEM,Rua Dona Aurora Amaral Araújo,228,-,Água Morna,6803200.0,12,0,0,0,0,3,2,3,0,0,3,1,0,0,0,0,0,1,1,1,1,1,1,250,11800,52,52,27,25,0,0,13,24,15,17,1,16,35,0,2,2,8,7,8,8,6,11,25,4,7,2,0,14,52,0,1
2024,Sudeste,3,São Paulo,SP,35,Avaré,3504503,0,Bauru,4,Avaré,22,3,2,4,0,0,E.E.S.X EMPRESAS DE ENSINO SUPERIOR LTDA,17126,23381,"FACULDADE DE GOVERNANÇA, ENGENHARIA E EDUCAÇÃO DE SÃO PAULO",FGE-SP,AVENIDA DOUTOR PLINIO DE ALMEIDA FAGUNDES,624,-,Jardim Paineiras,18705770.0,7,0,0,0,0,2,0,0,0,3,2,0,0,0,0,0,0,1,1,1,1,1,0,120,5000,6,6,3,3,0,0,1,3,2,3,3,0,1,2,0,2,0,0,1,1,1,1,6,0,0,0,0,0,6,0,0
2024,Sudeste,3,São Paulo,SP,35,Avaré,3504503,0,Bauru,4,Avaré,22,3,2,4,0,0,F.R.A- FACULDADES REUNIDAS DE AVARE LTDA,18420,23394,Faculdade de Engenharia e Administração Paulista,FEAP,Avenida Doutor Plínio Fagundes,624,-,Jardim Paineiras,18705770.0,7,0,0,0,0,3,0,0,2,1,1,0,0,0,0,1,0,1,1,1,0,1,0,2000,7500,20,20,7,13,0,0,14,5,1,8,2,6,2,10,7,4,1,2,3,0,1,2,18,0,2,0,0,0,20,0,0
2024,Sudeste,3,São Paulo,SP,35,Araras,3503307,0,Piracicaba,6,Limeira,27,3,1,2,0,0,CENTRO ESTADUAL DE EDUCACAO TECNOLOGICA PAULA SOUZA,33,23438,Faculdade de Tecnologia de Araras,,Rua Jarbas Leme de Godoy,875,- de 812 a 1740 - lado par,Jardim José Ometto II,13606389.0,10,0,0,0,0,4,0,5,0,1,0,0,0,0,0,0,0,0,1,0,0,0,0,0,0,42,42,9,33,0,0,15,22,5,3,0,3,0,39,0,4,9,7,8,5,4,5,37,0,3,1,0,1,42,0,0
2024,Sudeste,3,Minas Gerais,MG,31,Ipatinga,3131307,0,Vale do Rio Doce,8,Ipatinga,39,3,2,4,0,0,INSTITUTO SOUZA LTDA,17170,23455,Faculdade Integrada Instituto Souza,FASOUZA,Avenida Santa Helena,1140,-,Novo Cruzeiro,35164332.0,26,0,0,1,0,11,2,5,2,4,0,0,0,0,1,0,0,0,0,0,1,0,1,0,16939,20,20,8,12,0,0,5,11,4,0,0,0,0,20,0,1,4,4,6,0,2,3,10,1,3,0,0,6,20,0,0
2024,Sudeste,3,São Paulo,SP,35,Adamantina,3500105,0,Presidente Prudente,8,Adamantina,35,3,1,2,0,0,CENTRO ESTADUAL DE EDUCACAO TECNOLOGICA PAULA SOUZA,33,23459,Faculdade de Tecnologia de Adamantina,,Rua Paraná,400,-,Jardim Brasil,17800000.0,7,0,0,0,0,0,0,1,6,0,0,0,0,0,0,0,0,0,1,0,1,1,0,0,0,31,31,10,21,0,0,10,12,9,0,0,0,0,31,4,2,10,7,2,3,2,1,26,0,5,0,0,0,31,0,0
2024,Sudeste,3,São Paulo,SP,35,Ferraz de Vasconcelos,3515707,0,Metropolitana de São Paulo,15,Mogi das Cruzes,62,3,1,2,0,0,CENTRO ESTADUAL DE EDUCACAO TECNOLOGICA PAULA SOUZA,33,23700,Faculdade de Tecnologia de Ferraz de Vasconcelos,,Rua Carlos de Carvalho,200,Fatec Ferraz de Vasconcelos,Jardim São João,8545120.0,11,0,0,0,0,3,2,3,1,2,0,0,0,0,0,0,0,0,0,0,0,0,1,0,0,47,47,14,33,0,0,11,25,11,1,0,1,13,33,0,3,1,4,6,11,11,11,37,5,4,1,0,0,47,0,0
2024,Sudeste,3,São Paulo,SP,35,Franco da Rocha,3516408,0,Metropolitana de São Paulo,15,Franco da Rocha,58,3,1,2,0,0,CENTRO ESTADUAL DE EDUCACAO TECNOLOGICA PAULA SOUZA,33,23705,FACULDADE DE TECNOLOGIA DE FRANCO DA ROCHA,,Rodovia Luiz Salomão Chama,41,km 41,Vila Ramos,7857050.0,6,0,0,0,0,0,0,1,4,1,0,0,0,0,0,0,0,0,1,1,0,1,0,0,0,42,42,9,33,0,0,7,26,9,0,0,0,0,42,0,1,6,7,6,11,6,5,31,2,6,0,0,3,42,0,1
2024,Sudeste,3,Rio de Janeiro,RJ,33,Barra Mansa,3300407,0,Sul Fluminense,5,Vale do Paraíba Fluminense,11,3,1,2,0,0,FUNDACAO DE APOIO A ESCOLA TECNICA DO EST.RIO DE JANEIRO,904,23713,Faculdade de Educação Tecnológica Barra Mansa,FAETERJ B.MANSA,Via Sérgio Braga,s/n,- de 1219 ao fim - lado ímpar,Barbara,27330051.0,2,0,0,0,0,0,1,0,1,0,0,0,0,0,0,1,0,0,0,0,1,1,0,0,0,20,20,6,14,0,0,8,10,2,4,1,3,14,2,0,0,1,2,10,4,3,0,16,1,3,0,0,0,20,0,0
2024,Sudeste,3,São Paulo,SP,35,Ribeirão Preto,3543402,0,Ribeirão Preto,2,Ribeirão Preto,14,3,2,5,0,0,INSTITUTO VOLPE MIELE - IVM,17181,23723,FACULDADE VOLPE MIELE,FVM,Avenida Senador César Vergueiro,505,- lado ímpar,Jardim Irajá,14020500.0,4,0,0,0,0,2,1,1,0,0,0,0,0,0,0,0,0,0,0,0,1,0,0,15,168,12,12,5,7,0,0,4,5,3,5,0,5,4,3,0,1,2,1,2,2,1,3,12,0,0,0,0,0,12,0,1
2024,Sudeste,3,Minas Gerais,MG,31,Belo Horizonte,3106200,1,Metropolitana de Belo Horizonte,7,Belo Horizonte,30,3,2,4,0,0,"CEMEPE - CENTRO DE MEDICINA ESPECIALIZADA, PESQUISA E ENSINO LTDA.",16981,23817,Faculdade de Ciências Médicas Cemepe,CEMEPE,Avenida do Contorno,"4.852, Sala 602",- de 4688 a 5190 - lado par,Funcionários,30110032.0,8,0,0,0,0,2,0,1,0,1,0,1,0,3,0,0,0,0,1,1,1,0,0,50,13000,6,6,3,3,0,0,1,3,2,1,0,1,2,3,0,1,1,2,1,0,0,1,4,1,1,0,0,0,6,0,0
2024,Sudeste,3,Rio de Janeiro,RJ,33,Niterói,3303302,0,Metropolitana do Rio de Janeiro,6,Rio de Janeiro,18,3,2,5,0,0,ASSOCIACAO FLUMINENSE DE AMPARO AOS CEGOS,13460,23818,Instituto Superior da AFAC,ISAFAC,Rua Padre Leandro,18,-,Fonseca,24120135.0,8,0,0,0,0,3,1,0,2,1,0,0,0,1,0,0,0,1,0,1,1,0,1,0,20,24,24,16,8,0,1,12,6,5,1,0,1,0,23,2,1,2,4,0,3,3,9,16,0,6,0,0,2,24,0,1
2024,Sudeste,3,Rio de Janeiro,RJ,33,Rio de Janeiro,3304557,1,Metropolitana do Rio de Janeiro,6,Rio de Janeiro,18,3,2,4,0,0,FACULDADE DUNAMIS LTDA,19697,23820,Faculdade Dunamis,FD,Avenida das Américas,3443,- até 2211 - lado ímpar,Barra da Tijuca,22631000.0,29,0,0,0,0,4,2,5,8,1,2,3,1,1,2,0,0,0,1,0,1,0,1,0,17266,29,29,15,14,0,0,5,13,11,8,1,7,5,16,4,6,5,2,4,2,4,2,18,0,6,5,0,0,29,0,0
2024,Sudeste,3,São Paulo,SP,35,Sumaré,3552403,0,Campinas,7,Campinas,32,3,1,2,0,0,CENTRO ESTADUAL DE EDUCACAO TECNOLOGICA PAULA SOUZA,33,23867,Faculdade de Tecnologia de Sumaré,Fatec de Sumaré,Rua Ipiranga,73,-,Centro,13170026.0,6,0,0,0,0,1,0,3,1,0,0,0,0,1,0,0,0,0,1,0,0,0,0,277,0,40,40,14,26,0,0,11,21,8,0,0,0,0,40,0,2,7,5,9,9,5,3,32,1,5,2,0,0,40,0,0
2024,Sudeste,3,São Paulo,SP,35,São Paulo,3550308,1,Metropolitana de São Paulo,15,São Paulo,61,3,2,4,0,0,BRAVIA EDUCACAO HOLDING S.A.,17290,23868,Link School of Business,LSB,Avenida Brigadeiro Luís Antônio,4980,- de 4100 ao fim - lado par,Jardim Paulista,1402002.0,37,0,0,0,0,7,7,9,5,5,2,2,0,0,0,0,0,1,1,1,1,1,0,1154,3004,77,77,36,41,0,0,30,37,10,18,18,0,0,59,5,9,18,12,13,11,3,6,28,1,3,1,0,44,77,0,0
2024,Sudeste,3,São Paulo,SP,35,Itapetininga,3522307,0,Itapetininga,11,Itapetininga,42,3,2,4,0,0,ANHANGUERA EDUCACIONAL PARTICIPACOES S/A,16452,23893,Faculdade Anhanguera de Itapetininga,,Rua Doutor Coutinho,733,Bloco D,Centro,18200358.0,11,0,0,0,0,3,2,1,3,1,0,0,1,0,0,0,0,1,1,0,1,1,1,33730,270513,45,45,21,24,0,0,13,1,31,4,0,4,31,10,2,5,3,16,5,4,4,6,34,1,8,0,0,2,45,0,1
2024,Sudeste,3,Espírito Santo,ES,32,Cachoeiro de Itapemirim,3201209,0,Sul Espírito-santense,4,Cachoeiro de Itapemirim,12,3,2,4,0,0,EDITORA E DISTRIBUIDORA EDUCACIONAL S/A,14514,23895,FACULDADE ANHANGUERA DE CACHOEIRO DE ITAPEMIRIM,,Avenida Jones dos Santos Neves,256 258,-,Maria Ortiz,29301455.0,12,0,0,0,0,6,2,2,0,1,1,0,0,0,0,0,0,1,1,0,1,1,1,33730,270513,12,12,7,5,0,0,2,0,10,4,0,4,5,3,0,3,1,4,3,1,0,0,9,0,1,0,0,2,12,0,1
2024,Sudeste,3,São Paulo,SP,35,São Paulo,3550308,1,Metropolitana de São Paulo,15,São Paulo,61,3,2,4,0,0,SINPAIN LTDA,18414,23912,FACULDADE SINPAIN,SINPAIN,Avenida Washington Luís,6.675,POLO SEDE CAMPO BELO,Campo Belo,4627004.0,12,0,0,0,0,2,3,3,2,0,2,0,0,0,0,0,0,0,1,1,1,1,1,4589,15651,5,5,4,1,0,0,1,3,1,1,0,1,3,1,1,1,0,0,0,1,1,1,4,1,0,0,0,0,5,0,0
2024,Sudeste,3,Rio de Janeiro,RJ,33,São João de Meriti,3305109,0,Metropolitana do Rio de Janeiro,6,Rio de Janeiro,18,3,2,4,0,0,ANHANGUERA EDUCACIONAL PARTICIPACOES S/A,16452,23924,Faculdade Anhanguera de São João de Meriti,,Rua Maria Soares Sendas,111,Espaço comercial 550,Centro,25575825.0,11,0,0,0,0,4,3,0,2,1,0,0,0,0,1,0,0,1,1,0,1,1,1,33730,270513,18,18,9,9,0,0,2,1,15,6,0,6,9,3,0,2,2,6,3,2,0,3,10,3,3,0,0,2,18,0,1
2024,Sudeste,3,São Paulo,SP,35,Lorena,3527207,0,Vale do Paraíba Paulista,13,Guaratinguetá,51,3,2,4,0,0,SOCIEDADE EDUCACIONAL SANTO ANTONIO LTDA,16817,24024,Centro de Ensino Superior de Lorena,,Estrada Chiquito de Aquino,46,Loja Externa 4,Santa Lucrécia,12612550.0,33,0,0,3,0,4,4,8,3,2,1,5,3,0,0,0,0,1,1,1,1,1,1,0,5385,31,31,15,16,0,0,10,9,12,6,1,5,10,15,3,5,4,8,7,2,1,1,21,2,4,0,0,4,31,0,0
2024,Sudeste,3,São Paulo,SP,35,Lorena,3527207,0,Vale do Paraíba Paulista,13,Guaratinguetá,51,3,2,4,0,0,SOCIEDADE EDUCACIONAL SANTO ANTONIO LTDA,16817,24025,Centro de Ensino Superior de Serra Dourada,,Estrada Chiquito de Aquino,46,Loja Externa 4,Santa Lucrécia,12612550.0,33,0,0,3,0,4,4,8,3,2,1,5,3,0,0,0,0,1,1,1,1,1,1,0,3506,31,31,19,12,0,0,2,8,21,4,0,4,24,3,1,3,5,10,8,2,2,0,23,1,3,0,0,4,31,0,1
2024,Sudeste,3,São Paulo,SP,35,Lorena,3527207,0,Vale do Paraíba Paulista,13,Guaratinguetá,51,3,2,4,0,0,SOCIEDADE EDUCACIONAL SANTO ANTONIO LTDA,16817,24026,Instituto de Serra Dourada,,Estrada Chiquito de Aquino,46,Loja Externa 4,Santa Lucrécia,12612550.0,33,0,0,3,0,4,4,8,3,2,1,5,3,0,0,0,0,1,1,1,1,1,1,0,3665,41,41,26,15,0,0,5,25,11,2,0,2,27,12,7,5,9,10,8,2,0,0,31,2,5,0,0,3,41,0,0
2024,Sudeste,3,São Paulo,SP,35,São Paulo,3550308,1,Metropolitana de São Paulo,15,São Paulo,61,3,2,5,0,0,ASSOCIACAO PAULISTA DE MEDICINA,17295,24046,Faculdade da Associação Médica Paulista,APM,Edifício Associação Paulista Medicina,278,"Av. Brigadeiro Luiz Antonio, 278 - 13º Andar",Bela Vista,1318901.0,9,0,0,0,0,0,0,3,6,0,0,0,0,0,0,1,0,1,1,1,1,1,1,10,11503,14,14,3,11,0,0,1,8,5,0,0,0,13,1,0,1,0,0,2,1,3,7,13,0,0,0,0,1,13,1,1
2024,Sudeste,3,São Paulo,SP,35,São José dos Campos,3549904,0,Vale do Paraíba Paulista,13,São José dos Campos,50,3,2,5,0,0,IGREJA BATISTA DA CIDADE DE SAO JOSE DOS CAMPOS,17282,24066,Faculdade Cristã da Cidade,FCC,Rodovia Presidente Dutra,-,KM 145,Vila Tatetuba,12220611.0,3,0,0,0,0,2,0,1,0,0,0,0,0,0,0,0,0,1,0,0,1,1,0,0,1153,17,17,11,6,0,0,4,8,5,0,0,0,3,14,1,2,4,3,2,4,1,0,12,1,2,0,0,2,17,0,0
2024,Sudeste,3,São Paulo,SP,35,Mogi Mirim,3530805,0,Campinas,7,Mogi Mirim,31,3,2,4,0,0,UNIMOGI - UNIAO MOGIANA PARA O DESENVOLVIMENTO DA EDUCACAO S/S LTDA,3325,24072,FACULDADE MOGIANA,FAMOGI,Rua Conde Álvares Penteado,435,-,Mirante,13802101.0,5,0,0,0,0,0,0,1,1,2,1,0,0,0,0,1,0,1,0,1,1,1,1,25,980,5,5,2,3,0,0,0,3,2,3,0,3,2,0,0,0,1,0,1,1,0,2,5,0,0,0,0,0,5,0,0
2024,Sudeste,3,São Paulo,SP,35,São Paulo,3550308,1,Metropolitana de São Paulo,15,São Paulo,61,3,2,4,0,0,EDUCAWORLD EDUCACIONAL EIRELI,17313,24168,Faculdade Unida de São Paulo,FAUSP,Avenida Mateo Bei,178,- até 942 - lado par,Cidade São Mateus,3949000.0,12,0,0,0,0,2,0,4,3,2,1,0,0,0,0,1,0,1,1,1,1,1,1,134,14295,6,6,2,4,0,0,0,3,3,4,0,4,2,0,0,0,0,0,2,1,1,2,2,0,2,0,0,2,6,0,0
2024,Sudeste,3,São Paulo,SP,35,Santo André,3547809,0,Metropolitana de São Paulo,15,São Paulo,61,3,2,4,0,0,INSTITUTO DE ENSINO PROFESSOR DR. CLEBER LEITE EIRELI,17284,24196,FACULDADE CLEBER LEITE - EAD,FCL - EAD,Rua Catequese,833,- de 671/672 ao fim,Vila Guiomar,9090401.0,27,0,0,1,0,5,1,8,1,5,0,3,1,0,2,1,0,1,1,1,1,1,1,161,19250,7,7,2,5,0,0,2,2,3,4,0,4,2,1,0,0,1,1,1,1,1,2,7,0,0,0,0,0,7,0,0
2024,Sudeste,3,Minas Gerais,MG,31,Almenara,3101706,0,Jequitinhonha,3,Almenara,14,3,2,5,0,0,INSTITUTO ENSINAR BRASIL,218,24208,FACULDADE DOCTUM DE ALMENARA,DOCTUM,Rua Aleixo Paraguassu,93,MG - Almenara,Centro,39900000.0,12,0,0,0,0,1,1,4,1,2,3,0,0,0,0,0,0,1,1,1,1,1,0,72,14900,13,13,4,9,0,0,2,5,6,0,0,0,13,0,1,2,1,1,2,2,1,3,4,2,4,1,0,2,13,0,0
2024,Sudeste,3,Minas Gerais,MG,31,Ipatinga,3131307,0,Vale do Rio Doce,8,Ipatinga,39,3,2,4,0,0,REDE DE ENSINO MONSTER LTDA,17288,24214,Faculdade dos Gênios,FAGENIUS,Avenida Brasil,480,- lado par,Iguaçu,35162036.0,18,0,0,1,0,0,2,10,4,0,0,1,0,0,0,1,0,0,1,0,1,1,0,180,80,9,9,5,4,0,0,2,6,1,0,0,0,0,9,0,1,0,2,2,1,1,2,7,1,1,0,0,0,9,0,1
2024,Sudeste,3,Minas Gerais,MG,31,Juiz de Fora,3136702,0,Zona da Mata,12,Juiz de Fora,65,3,2,4,0,0,SOBERANA FACULDADE DE SAUDE DE PETROLINA LTDA - EPP,16148,24215,Soberana Faculdade de Juiz de Fora,Soberana,Avenida Barão do Rio Branco,499,- de 0011/12 a 679/0680,Manoel Honório,36045120.0,2,0,0,0,0,0,0,2,0,0,0,0,0,0,0,0,0,1,1,0,0,1,0,1725,14710,7,7,4,3,0,0,1,3,3,1,0,1,0,6,2,2,2,0,1,0,0,0,5,0,0,0,0,2,7,0,0
2024,Sudeste,3,São Paulo,SP,35,Jaboticabal,3524303,0,Ribeirão Preto,2,Jaboticabal,13,3,2,4,0,0,IAPA - INSTITUTO DE APERFEICOAMENTO EM PRATICA DA ADVOCACIA LTDA,17291,24217,FACULDADE BRASILEIRA DE NEGÓCIOS INOVADORES,FABRANI,Avenida General Carneiro,370,- até 1469/1470,Centro,14870040.0,10,0,0,0,0,1,2,1,2,1,0,1,1,1,0,0,0,0,0,1,1,1,0,200,15310,12,12,5,7,0,0,0,4,8,4,1,3,6,2,0,0,2,3,2,5,0,0,10,1,0,0,0,1,12,0,0
2024,Sudeste,3,São Paulo,SP,35,São Paulo,3550308,1,Metropolitana de São Paulo,15,São Paulo,61,3,2,4,0,0,UNIAO NACIONAL DE EDUCACAO E TECNOLOGIA UNITEC EIRELI,17243,24245,FACULDADE QUALITTAS - EAD,,Avenida Dom Pedro I,480,- lado par,Vila Monumento,1552000.0,4,0,0,0,0,1,0,2,0,1,0,0,0,0,0,1,0,1,1,1,1,1,1,42,12450,3,3,1,2,0,0,0,1,2,3,0,3,0,0,0,0,0,0,1,1,1,0,3,0,0,0,0,0,3,0,0
2024,Sudeste,3,São Paulo,SP,35,São José do Rio Preto,3549805,0,São José do Rio Preto,1,São José do Rio Preto,4,3,2,4,0,0,INVICTUS ENSINO SUPERIOR LTDA,17349,24253,Faculdade Invictus,FIRP,Avenida Doutor Alberto Andaló,4125,-,Centro,15015000.0,4,0,0,0,0,1,1,0,1,0,0,0,1,0,0,0,0,1,0,0,1,0,0,0,19124,8,8,4,4,0,0,1,2,5,2,1,1,1,5,0,1,3,2,2,0,0,0,7,0,0,0,0,1,8,0,0
2024,Sudeste,3,São Paulo,SP,35,Mauá,3529401,0,Metropolitana de São Paulo,15,São Paulo,61,3,2,4,0,0,UNIAO EDUCACIONAL MAUA LTDA,17030,24275,Faculdade Unificada do Estado de São Paulo,FAUESP - online,Rua Manoel Pedro Júnior,287,-,Vila Bocaina,9310720.0,38,0,0,2,0,23,3,7,3,0,0,0,0,0,0,0,0,1,1,1,1,1,1,128,2132,4,4,2,2,0,0,1,3,0,0,0,0,4,0,0,0,0,0,1,1,1,1,2,1,1,0,0,0,4,0,0
2024,Sudeste,3,São Paulo,SP,35,São Paulo,3550308,1,Metropolitana de São Paulo,15,São Paulo,61,3,2,4,0,0,EDUCAWORLD EDUCACIONAL EIRELI,17313,24300,Faculdade Unida de São Paulo - EAD,FAUSP - EAD,Rua Serra de Botucatu,968,-,Tatuapé,3317000.0,12,0,0,0,0,2,0,4,3,2,1,0,0,0,0,1,0,1,1,1,1,1,1,134,14295,4,4,2,2,0,0,1,1,2,4,0,4,0,0,0,0,0,0,2,0,1,1,2,0,1,0,0,1,4,0,0
2024,Sudeste,3,São Paulo,SP,35,São Paulo,3550308,1,Metropolitana de São Paulo,15,São Paulo,61,3,2,4,0,0,OWP LTDA,17264,24325,Faculdade W Educar,Uni W,Avenida Ireré,1933,- de 1603/1604 a 1971/1972,Planalto Paulista,4064004.0,18,0,0,1,1,3,2,2,0,4,2,1,2,0,0,1,0,1,1,1,1,0,1,0,219401,2,2,1,1,0,0,0,2,0,1,1,0,1,0,0,0,1,0,0,0,0,1,1,0,0,1,0,0,2,0,0
2024,Sudeste,3,São Paulo,SP,35,São Paulo,3550308,1,Metropolitana de São Paulo,15,São Paulo,61,3,2,4,0,0,ESSA ESCOLA TECNICA PROFISSIONALIZANTE LTDA,17265,24326,FACULDADE CONQUER,CONQUER,Rua Cassuarinas,108,R Dos Comerciarios 206 - CEP 04320-030 - S Paulo,Vila Parque Jabaquara,4321100.0,25,0,0,0,0,20,0,2,0,2,0,1,0,0,0,0,0,0,1,0,1,0,0,0,1073,2,2,1,1,0,0,1,0,1,1,0,1,0,1,0,0,1,1,0,0,0,0,1,1,0,0,0,0,2,0,0
2024,Sudeste,3,São Paulo,SP,35,São Paulo,3550308,1,Metropolitana de São Paulo,15,São Paulo,61,3,2,4,0,0,ATENA SA,19768,24356,Faculdade Virtual do Brasil,FVB,Avenida Brigadeiro Luís Antônio,4899,- de 4001 ao fim - lado ímpar,Jardim Paulista,1401002.0,48,0,0,0,0,19,7,11,8,2,1,0,0,0,0,0,0,1,1,1,1,1,1,280,14000,7,7,2,5,0,0,0,6,1,4,0,4,3,0,0,1,2,2,0,0,0,2,6,0,1,0,0,0,7,0,0
2024,Sudeste,3,São Paulo,SP,35,São Paulo,3550308,1,Metropolitana de São Paulo,15,São Paulo,61,3,2,4,0,0,FACULDADE UNIAO BRASILEIRA LTDA.,15940,24365,Faculdade Paschoal Dantas EAD,FPD - EAD,Avenida Afonso de Sampaio e Sousa,495,- até 698/699,Jardim Nossa Senhora do Carmo,8270000.0,1,0,0,0,0,0,0,0,0,0,0,0,0,0,1,0,0,0,0,1,1,1,0,10,300,1,1,0,1,0,0,0,0,1,0,0,0,0,1,0,0,0,0,0,1,0,0,1,0,0,0,0,0,1,0,0
2024,Sudeste,3,Minas Gerais,MG,31,Passos,3147907,0,Sul/Sudoeste de Minas,10,Passos,47,3,2,4,0,0,CENTRO EDUCACIONAL HYARTE-ML LTDA,1675,24403,FACULDADE ATENAS SUL DE MINAS,,Rua Oscar Cândido Monteiro,1000,-,Jardim Colégio de Passos,37900380.0,73,3,0,6,2,13,10,17,3,9,2,7,0,1,0,1,0,1,1,1,1,1,0,10356,2733,6,6,4,2,0,0,1,4,1,2,0,2,3,1,0,0,3,1,1,1,0,0,2,0,4,0,0,0,6,0,0
2024,Sudeste,3,Minas Gerais,MG,31,Sete Lagoas,3167202,0,Metropolitana de Belo Horizonte,7,Sete Lagoas,27,3,2,4,0,0,CENTRO EDUCACIONAL HYARTE-ML LTDA,1675,24404,FACULDADE ATENAS CENTRO DE MINAS,,Avenida Prefeito Alberto Moura,6000,-,Nova Cidade,35702272.0,53,0,0,0,0,6,11,14,7,10,0,4,1,0,0,0,0,1,1,0,1,0,0,10356,2733,13,13,9,4,0,0,4,7,2,4,1,3,4,5,1,3,1,4,2,2,0,0,3,0,5,0,0,5,13,0,0
2024,Sudeste,3,São Paulo,SP,35,Indaiatuba,3520509,0,Campinas,7,Campinas,32,3,1,3,0,0,FIEC FUNDACAO INDAIATUBANA DE EDUCACAO E CULTURA,17401,24462,CENTRO DE EDUCAÇÃO TECNOLÓGICO DA FUNDAÇÃO INDAIATUBANA DE EDUCAÇÃO E CULTURA,FIEC,Avenida Engenheiro Fábio Roberto Barnabé,-,-,Jardim Regina,13349003.0,70,0,0,3,2,20,14,19,7,3,1,0,0,0,1,0,0,0,1,1,1,1,1,1,10000,15,15,4,11,0,0,6,4,5,0,0,0,0,15,0,1,3,2,4,3,0,2,14,0,1,0,0,0,15,0,0
2024,Sudeste,3,Rio de Janeiro,RJ,33,Rio de Janeiro,3304557,1,Metropolitana do Rio de Janeiro,6,Rio de Janeiro,18,3,2,5,0,0,FACULDADE VITORIA EM CRISTO - FVC,17356,24463,Faculdade Vitória em Cristo,FVC,Rua André Rocha,890,-,Taquara,22730522.0,14,0,0,0,0,3,4,0,0,5,2,0,0,0,0,1,0,1,1,1,1,0,0,100,250,7,7,1,6,0,0,0,2,5,2,0,2,5,0,0,0,2,2,0,1,2,0,5,1,1,0,0,0,7,0,0
2024,Sudeste,3,São Paulo,SP,35,São Paulo,3550308,1,Metropolitana de São Paulo,15,São Paulo,61,3,2,5,0,0,FUNDACAO INSTITUTO DE PESQUISAS ECONOMICAS FIPE,17424,24507,Escola de Ensino Superior da Fipe,FipeEES,Edifício Conde Andréa Matarazzo,1.499,4º e 18º andar,Bela Vista,1311928.0,11,0,0,0,0,0,1,3,3,2,2,0,0,0,0,0,0,1,0,1,1,1,1,16,12127,11,11,5,6,0,0,1,5,5,2,0,2,8,1,2,3,2,1,2,0,1,0,9,0,2,0,0,0,11,0,0
2024,Sudeste,3,São Paulo,SP,35,Campinas,3509502,0,Campinas,7,Campinas,32,3,2,5,0,0,CENTRO NACIONAL DE PESQUISA EM ENERGIA E MATERIAIS,17434,24525,ILUM ESCOLA DE CIÊNCIA,,Rua Lauro Vannucci,1020,-,Parque Rural Fazenda Santa Cândida,13087548.0,11,0,0,0,0,1,0,2,4,1,2,0,1,0,0,1,0,0,1,0,1,0,1,0,0,17,17,6,11,0,0,0,0,17,12,11,1,5,0,0,1,6,2,0,2,2,4,16,0,0,0,0,1,15,2,0
2024,Sudeste,3,Minas Gerais,MG,31,Pouso Alegre,3152501,0,Sul/Sudoeste de Minas,10,Pouso Alegre,52,3,2,4,0,0,ESCOLA DE NEGOCIOS E DESENVOLVIMENTO DE EXCELENCIA ENDEX LTDA,16663,24526,Faculdade Endex,Endex,Rua Pedro Caldas Rebello,205,-,Santa Doroteia,37553623.0,1,0,0,0,0,1,0,0,0,0,0,0,0,0,0,0,0,0,0,0,0,0,0,1072,1072,11,11,5,6,0,0,3,5,3,2,2,0,3,6,2,0,4,2,3,0,0,0,10,0,1,0,0,0,11,0,0
2024,Sudeste,3,São Paulo,SP,35,Matão,3529302,0,Araraquara,5,Araraquara,24,3,1,2,0,0,CENTRO ESTADUAL DE EDUCACAO TECNOLOGICA PAULA SOUZA,33,24672,"Faculdade de Tecnologia de Matão ""Luiz Marchesan""",,Avenida Habib Gabriel,1360,-,Residencial das Acácias,15990539.0,7,0,0,0,0,0,0,2,3,1,1,0,0,0,0,0,0,0,1,1,1,0,0,0,0,26,26,5,21,0,0,5,14,7,3,3,0,0,23,0,0,5,7,8,3,3,0,23,0,1,1,0,1,26,0,0
2024,Sudeste,3,Rio de Janeiro,RJ,33,Rio de Janeiro,3304557,1,Metropolitana do Rio de Janeiro,6,Rio de Janeiro,18,3,2,4,0,0,INSTITUTO UNIVERSITARIO DO RIO DE JANEIRO LTDA,17473,24700,Faculdade Instituto Rio de Janeiro,FIURJ,Edifício São Borja,277,402,Centro,20040904.0,11,0,0,0,0,2,2,2,0,2,3,0,0,0,0,0,0,1,1,1,1,1,0,86,4541,23,23,5,18,0,0,3,11,9,15,0,15,8,0,0,1,2,1,1,4,8,6,13,0,6,0,0,4,23,0,0
2024,Sudeste,3,Rio de Janeiro,RJ,33,Itaguaí,3302007,0,Metropolitana do Rio de Janeiro,6,Itaguaí,17,3,2,5,0,0,S. O. S. DAS COMUNIDADES DE ITAGUAI,17500,24703,Faculdade Educabrasil Noel de Mello,,Estrada Ari Parreiras,399,- até 637 - lado ímpar,Centro,23815541.0,8,0,0,0,0,1,3,0,0,3,0,0,0,1,0,0,0,0,1,1,1,1,0,25,164,18,18,14,4,0,0,13,4,1,5,0,5,13,0,2,1,4,4,4,1,1,1,5,0,5,0,1,7,18,0,0
2024,Sudeste,3,São Paulo,SP,35,São Paulo,3550308,1,Metropolitana de São Paulo,15,São Paulo,61,3,2,4,0,0,RACINE EDUCACIONAL EIRELI,17482,24709,Instituto Racine de Educação Superior,Racine,Rua Padre Chico,93,-,Perdizes,5008010.0,12,0,0,0,0,0,0,8,0,0,4,0,0,0,0,0,0,0,0,0,1,1,0,0,2500,7,7,4,3,0,0,0,4,3,4,0,4,3,0,0,0,3,1,1,0,0,2,6,0,1,0,0,0,7,0,0
2024,Sudeste,3,São Paulo,SP,35,São Paulo,3550308,1,Metropolitana de São Paulo,15,São Paulo,61,3,2,5,0,0,INSTITUTO BRASILEIRO DE INCREMENTO E EXPANSAO DO SABER   IBIES,17273,24864,INSTITUTO DE EDUCAÇÃO SUPERIOR E INOVAÇÃO INVENIO,INVENIO,Rua José Vieira Martins,270,-,Jardim Itapura,4466025.0,1,0,0,0,0,0,0,0,0,0,0,1,0,0,0,0,0,0,0,1,1,0,1,36,1400,20,20,6,14,0,1,11,6,2,3,0,3,7,10,2,3,3,0,4,2,3,3,11,0,1,3,0,5,20,0,0
2024,Sudeste,3,São Paulo,SP,35,Marília,3529005,0,Marília,9,Marília,38,3,2,5,0,0,ASSOCIACAO EDUCACIONAL LATINO AMERICANA,15215,25148,Escola Superior de Educação e Negócios,ESN,Rua Pernambuco,1025,- de 462/463 ao fim,Banzato,17515120.0,8,0,0,0,0,0,0,4,2,1,0,0,0,1,0,1,0,1,1,1,1,0,0,1150,16918,7,7,6,1,0,0,0,0,7,3,2,1,4,0,0,2,1,2,1,0,0,1,3,0,2,0,0,2,7,0,0
2024,Sudeste,3,São Paulo,SP,35,Osasco,3534401,0,Metropolitana de São Paulo,15,Osasco,57,3,2,4,0,0,UNIAO ALPHAVILLE INSTITUTO EDUCACIONAL LTDA,17563,25181,FACULDADE ALPHAVILLE,FAVI,Avenida Nossa Senhora dos Remédios,348,-,Remédios,6296190.0,8,0,0,0,0,5,1,0,0,1,1,0,0,0,0,0,0,1,0,0,1,0,0,25568,8000,15,15,11,4,0,0,4,8,3,4,0,4,11,0,0,2,2,2,2,0,3,4,6,1,2,0,0,6,15,0,0
2024,Sudeste,3,Minas Gerais,MG,31,Uberlândia,3170206,0,Triângulo Mineiro/Alto Paranaíba,5,Uberlândia,18,3,2,4,0,0,COLMINAS - COLEGIO TECNICO DO LESTE MINEIRO LTDA,18508,25182,Faculdade Alcance Ensino Superior EaD,FAAL,Rua Duque de Caxias,671,- de 0556/557 a 1180/1181,Lidice,38400144.0,10,0,0,0,0,5,1,0,2,1,1,0,0,0,0,0,0,1,0,0,1,0,0,0,2281,5,5,4,1,0,0,1,3,1,2,0,2,3,0,2,0,0,1,1,1,0,0,2,0,2,0,0,1,5,0,0
2024,Sudeste,3,Rio de Janeiro,RJ,33,Itaboraí,3301900,0,Metropolitana do Rio de Janeiro,6,Rio de Janeiro,18,3,2,5,0,0,"INSTITUTO COOPERAR DE ESTUDOS, PROJETOS E PESQUISAS EM SEGURANCA, SAUDE, DIGNIDADE, CIDADANIA E EMPR",17839,25348,FACULDADE CRISTÃ DE EDUCAÇÃO SUPERIOR,FACES,Avenida Vinte e Dois de Maio,5300,"Lojas 08 e 10, (1o e 2o pisos)",Centro,24800065.0,19,0,0,0,0,3,2,2,4,5,3,0,0,0,0,0,0,1,0,0,1,1,0,52,2580,12,12,4,8,0,0,0,1,11,5,1,4,2,5,0,0,2,2,1,4,2,1,6,1,4,0,0,1,12,0,0
2024,Sudeste,3,São Paulo,SP,35,Franca,3516200,0,Ribeirão Preto,2,Franca,12,3,2,4,0,0,METROPOLITAN EDUCACAO LTDA.,15474,25412,Faculdade Metropolitana de Franca,FAMEF,Avenida Doutor Ismael Alonso Y. Alonso,1826,Campus Principal,Jardim Veneza,14403000.0,12,0,0,0,0,5,0,3,0,1,0,3,0,0,0,0,0,0,1,1,1,1,0,0,17448,17,17,10,7,0,0,0,14,3,3,0,3,9,5,2,2,5,3,2,1,0,2,13,0,1,0,0,3,17,0,0
2024,Sudeste,3,Rio de Janeiro,RJ,33,Rio de Janeiro,3304557,1,Metropolitana do Rio de Janeiro,6,Rio de Janeiro,18,3,2,5,0,0,FUNDACAO GETULIO VARGAS,110,25424,"Escola de Comunicação, Mídia e Informação da Fundação Getulio Vargas",FGV ECMI,Praia de Botafogo,190,"7º andar, Fundação Getúlio Vargas",Botafogo,22250900.0,10,0,0,0,0,1,0,3,1,4,0,0,1,0,0,1,0,1,1,1,1,1,1,273,18139,18,18,12,6,0,0,0,3,15,14,0,14,1,3,0,5,4,4,1,2,1,1,13,1,2,0,0,2,18,0,0
2024,Sudeste,3,São Paulo,SP,35,Campinas,3509502,0,Campinas,7,Campinas,32,3,2,4,0,0,TELOS EDUCACIONAL LTDA,17874,25425,FACULDADE TELOS DE CAMPINAS,FATELOS,Rua Doutor Theodoro Langaard,125,-,Bonfim,13070760.0,5,0,0,0,0,2,1,2,0,0,0,0,0,0,0,1,0,1,1,1,1,1,1,3000,3000,8,8,5,3,0,0,1,4,3,2,1,1,4,2,0,0,2,1,1,4,0,0,3,1,0,0,0,4,8,0,0
2024,Sudeste,3,São Paulo,SP,35,Guarulhos,3518800,0,Metropolitana de São Paulo,15,Guarulhos,59,3,2,4,0,0,CFLY - SOCIEDADE EDUCACIONAL LTDA.,17873,25445,Escola Superior do Ar,EAR,Rua João Romano,313,COLEGIO GUGLIELMO MARCONI EIRELI,Vila Flórida,7196030.0,23,0,0,0,0,5,3,5,1,3,2,2,0,0,2,0,0,0,0,0,1,0,1,118,16939,10,10,4,6,0,0,4,3,3,3,0,3,0,7,0,0,0,2,1,1,2,4,8,1,1,0,0,0,10,0,0
2024,Sudeste,3,São Paulo,SP,35,São José do Rio Preto,3549805,0,São José do Rio Preto,1,São José do Rio Preto,4,3,2,4,0,0,MOVEEDU CURSOS PROFISSIONALIZANTES LTDA,17889,25451,Faculdade Prepara,,Avenida Bady Bassitt,4960,- lado par,Boa Vista,15025000.0,135,0,0,0,0,20,10,75,25,5,0,0,0,0,0,0,0,0,1,1,1,0,1,12000,12000,24,24,12,12,0,0,7,12,5,1,1,0,23,0,0,1,5,7,5,5,1,0,19,0,4,1,0,0,24,0,1
2024,Sudeste,3,São Paulo,SP,35,São Paulo,3550308,1,Metropolitana de São Paulo,15,São Paulo,61,3,2,5,0,0,CENTRO DE EXTENSAO UNIVERSITARIA,15964,25455,Faculdade Belavista,,Rua Martiniano de Carvalho,573,- lado ímpar,Bela Vista,1321001.0,18,0,0,0,0,2,2,5,1,5,1,0,2,0,0,0,0,1,1,0,1,1,1,0,8346,18,18,5,13,0,0,0,5,13,5,0,5,8,5,2,2,3,4,4,2,1,0,18,0,0,0,0,0,18,0,0
2024,Sudeste,3,Espírito Santo,ES,32,Vitória,3205309,1,Central Espírito-santense,3,Vitória,9,3,2,4,0,0,SOCIEDADE DE ENSINO SUPERIOR DE VITORIA LTDA,658,25466,Faculdade de Ensino Jurídico de Vitória,FEJ,Rua das Palmeiras,500,-,Itararé,29047550.0,46,3,0,0,0,10,5,11,5,6,2,4,0,0,0,1,0,1,1,1,1,1,1,35,8385,4,4,3,1,0,0,1,1,2,0,0,0,1,3,0,0,2,1,1,0,0,0,3,0,1,0,0,0,4,0,0
2024,Sudeste,3,São Paulo,SP,35,Catanduva,3511102,0,São José do Rio Preto,1,Catanduva,5,3,2,4,0,0,MOVEEDU CURSOS PROFISSIONALIZANTES LTDA,17889,25474,Faculdade Microlins,FAMIC,Rua Bahia,236,- até 469/470,Centro,15800110.0,230,1,1,3,1,25,15,100,75,5,1,0,1,1,1,1,0,1,1,1,1,1,0,300,12000,33,33,18,15,0,0,9,15,9,2,1,1,31,0,0,2,6,10,7,6,2,0,25,0,5,1,0,2,33,0,1
2024,Sudeste,3,São Paulo,SP,35,Campinas,3509502,0,Campinas,7,Campinas,32,3,2,4,0,0,TERTIUS - INSTITUTO DE CONSULTORIA E CURSOS EM SAUDE CAMPINAS LTDA,17942,25576,Faculdade TERZIUS,TERZIUS,Rua Professor Moacyr Santos de Campos,471,-,Jardim do Lago Continuação,13051094.0,22,0,1,1,0,1,5,10,3,1,0,0,0,0,0,1,0,1,1,0,1,0,1,93,16947,7,7,6,1,0,0,3,4,0,1,0,1,4,2,0,0,0,6,1,0,0,0,5,0,0,0,0,2,7,0,0
2024,Sudeste,3,Minas Gerais,MG,31,Belo Horizonte,3106200,1,Metropolitana de Belo Horizonte,7,Belo Horizonte,30,3,1,2,0,0,POLICIA MILITAR DO ESTADO DE MINAS GERAIS,17963,25613,ACADEMIA DE POLÍCIA MILITAR DE MINAS GERAIS,APM,Rua Diabase,320,-,Prado,30411060.0,256,0,0,0,0,1,26,34,143,16,28,2,3,1,2,1,0,1,1,1,1,1,1,4,21734,129,129,15,114,0,0,105,17,7,48,0,48,72,9,0,4,27,40,37,13,6,2,64,10,50,3,0,2,129,0,0
2024,Sudeste,3,Espírito Santo,ES,32,Vitória,3205309,1,Central Espírito-santense,3,Vitória,9,3,2,4,0,0,CETI CENTRO EDUCACIONAL DE TECNOLOGIA INTEGRADA EIRELI,17867,25640,Faculdade de Ciências Educacionais e Tecnologias Integradas,FACETI,Rua Mário Aguirre,45,-,Jucutuquara,29040810.0,6,0,0,0,0,1,0,1,0,1,0,1,1,0,1,1,0,1,1,1,0,0,0,24,12000,5,5,4,1,0,0,1,3,1,0,0,0,0,5,0,0,0,0,1,0,1,3,0,0,3,0,0,2,5,0,0
2024,Sudeste,3,São Paulo,SP,35,São Paulo,3550308,1,Metropolitana de São Paulo,15,São Paulo,61,3,2,4,0,0,PLENITUDE EDUCACAO LTDA,17987,25656,INSTITUTO PLENITUDE EDUCAÇÃO,IPLENI,Rua Peixoto Gomide,282,- até 1248 - lado par,Jardim Paulista,1409000.0,68,1,0,1,0,12,7,20,11,6,2,3,3,0,2,1,0,0,1,1,1,1,1,23,335,5,5,2,3,0,0,0,4,1,1,0,1,4,0,0,0,0,0,2,0,1,2,3,0,1,1,0,0,5,0,0
2024,Sudeste,3,São Paulo,SP,35,São Paulo,3550308,1,Metropolitana de São Paulo,15,São Paulo,61,3,2,4,0,0,IPD INSTITUTO DE PROFISSIONALIZACAO DIGITAL LTDA.,18007,25716,Faculdade Exame,Exame,Avenida Rebouças,3931,- de 3699 ao fim - lado ímpar,Pinheiros,5401450.0,14,0,0,0,0,0,0,5,1,5,2,0,1,0,0,0,0,1,0,0,0,0,0,0,16000,5,5,4,1,0,0,2,2,1,2,0,2,0,3,0,0,0,2,2,0,1,0,4,0,1,0,0,0,5,0,0
2024,Sudeste,3,Minas Gerais,MG,31,Barbacena,3105608,0,Campo das Vertentes,11,Barbacena,59,3,2,4,0,0,ENSINO PROFISSIONALIZANTE LTDA,16076,26118,FACULDADE APRENDIZ,FAP,Rua Norma Stefani,108,-,Ibiapaba,36200022.0,10,0,0,0,0,0,0,6,2,1,1,0,0,0,0,0,0,1,0,1,1,0,0,0,2602,15,15,8,7,0,3,4,7,1,1,1,0,0,14,1,2,1,4,3,1,2,1,9,1,5,0,0,0,15,0,0
2024,Sudeste,3,Minas Gerais,MG,31,Nova Lima,3144805,0,Metropolitana de Belo Horizonte,7,Belo Horizonte,30,3,2,5,0,0,FUNDACAO DOM CABRAL,15806,26135,Fundação Dom Cabral - Ensino Superior,FDC,Avenida Princesa Diana,760,-,Alphaville Lagoa dos Ingleses,34018006.0,430,0,0,1,1,42,33,77,29,135,62,40,7,2,1,1,0,1,1,0,1,0,1,30000,9000,14,14,5,9,0,0,0,6,8,3,0,3,2,9,0,1,3,6,2,2,0,0,6,2,6,0,0,0,14,0,0
2024,Sudeste,3,Minas Gerais,MG,31,Teófilo Otoni,3168606,0,Vale do Mucuri,4,Teófilo Otoni,15,3,2,4,0,0,INSTITUTO EDUCACIONAL ALFAUNIPAC S.A.,2371,26138,Faculdade ALFAUNIPAC de Teófilo Otoni,ALFAUNIPAC,Rua Engenheiro Celso Murta,600,-,Doutor Laerte Laender,39803087.0,175,3,0,7,5,52,32,27,6,22,5,7,5,1,3,1,0,1,1,0,1,1,1,100,100,11,11,7,4,0,0,0,7,4,4,0,4,7,0,0,2,0,4,2,2,1,0,8,0,3,0,0,0,11,0,0
2024,Sudeste,3,São Paulo,SP,35,São Paulo,3550308,1,Metropolitana de São Paulo,15,São Paulo,61,3,2,4,0,0,"ITA - CURSOS, TREINAMENTOS E DESENVOLVIMENTO HUMANO LTDA",18069,26265,Faculdade ITA Educacional,ITA,Avenida Fagundes Filho,141,- até 721 - lado ímpar,Vila Monte Alegre,4304010.0,29,1,0,0,0,12,2,8,2,2,0,2,0,0,0,1,0,0,1,1,1,1,1,5000,14727,3,3,1,2,0,0,0,1,2,1,0,1,1,1,0,0,1,1,0,0,0,1,2,0,0,0,0,1,3,0,0
2024,Sudeste,3,São Paulo,SP,35,São Paulo,3550308,1,Metropolitana de São Paulo,15,São Paulo,61,3,2,5,0,0,INSTITUTO J&F,18186,26339,Faculdade J&F,FAC J&F,Rua Irineu José Bordon,335,-,Parque Anhangüera,5120060.0,33,0,0,0,0,7,2,3,9,6,3,2,0,0,1,0,0,0,0,1,1,1,1,0,13000,4,4,1,3,0,0,1,0,3,4,0,4,0,0,0,0,0,0,0,2,1,1,4,0,0,0,0,0,4,0,0
2024,Sudeste,3,São Paulo,SP,35,São Paulo,3550308,1,Metropolitana de São Paulo,15,São Paulo,61,3,2,4,0,0,FACULDADE SANTA JOANA LTDA,19685,26376,Faculdade Santa Joana,FSJ,Rua Doutor Eduardo Amaro,225,-,Paraíso,4104080.0,3,0,0,0,0,0,1,0,1,1,0,0,0,0,0,0,0,1,0,1,1,0,0,30,3100,5,5,4,1,0,0,1,4,0,0,0,0,2,3,0,1,0,1,2,0,1,0,4,0,0,1,0,0,5,0,0
2024,Sudeste,3,Minas Gerais,MG,31,Espinosa,3124302,0,Norte de Minas,2,Janaúba,4,3,2,4,0,0,SOCIEDADE EDUCACIONAL MATO VERDE LTDA,17467,26377,Faculdade Favenorte de Espinosa,FAFE,Avenida: José Gomes Junior,138,-,Santos Dumont,39510000.0,11,0,1,0,0,2,1,4,2,0,0,0,0,0,1,0,0,1,1,1,1,1,1,210,210,5,5,2,3,0,0,0,3,2,1,0,1,4,0,0,1,2,2,0,0,0,0,2,0,3,0,0,0,5,0,0
2024,Sudeste,3,Rio de Janeiro,RJ,33,Rio de Janeiro,3304557,1,Metropolitana do Rio de Janeiro,6,Rio de Janeiro,18,3,2,4,0,0,LEGACY SCHOOL RECREIO LTDA,18242,26395,LEGACY FACULDADE INTERNACIONAL,,Avenida das Américas,6700,Bloco 01 - Condomínio América Mall,Barra da Tijuca,22793080.0,13,1,0,0,0,1,1,2,2,2,3,0,1,0,0,0,0,0,0,1,1,1,0,100,500,4,4,1,3,0,0,2,2,0,0,0,0,0,4,0,0,1,1,0,0,2,0,1,1,1,1,0,0,4,0,0
2024,Sudeste,3,São Paulo,SP,35,São Paulo,3550308,1,Metropolitana de São Paulo,15,São Paulo,61,3,2,5,0,1,SEMINARIO BATISTA REGULAR DE SAO PAULO,18262,26400,Faculdade Batista Logos,FBL,Avenida Engenheiro Armando de Arruda Pereira,2747,- de 1653 a 3209 - lado ímpar,Jabaquara,4309011.0,10,0,0,0,0,0,0,2,3,1,0,0,3,0,1,0,0,1,1,1,1,1,0,4526,14895,8,8,1,7,0,0,1,5,2,3,0,3,1,4,0,0,1,0,1,2,3,1,4,0,2,2,0,0,8,0,0
2024,Sudeste,3,Rio de Janeiro,RJ,33,Rio de Janeiro,3304557,1,Metropolitana do Rio de Janeiro,6,Rio de Janeiro,18,3,2,5,0,0,ASSOCIACAO INSTITUTO NACIONAL DE MATEMATICA PURA E APLICADA,18277,26541,Instituto de Matemática Pura e Aplicada,IMPA,Avenida Professor Pereira Reis,76,IMPA TECH,Santo Cristo,20220800.0,18,0,0,0,0,0,0,10,4,0,3,0,1,0,0,0,0,1,0,1,1,1,1,0,0,13,13,2,11,0,0,0,0,13,8,0,8,5,0,1,1,2,0,4,2,0,3,9,0,1,0,0,3,12,1,0
2024,Sudeste,3,São Paulo,SP,35,São Paulo,3550308,1,Metropolitana de São Paulo,15,São Paulo,61,3,2,5,0,0,SOCIEDADE BENEFICENTE DE SENHORAS - HOSPITAL SIRIO LIBANES,16600,26543,Faculdade de Ciências da Saúde Sírio-Libanês,SÍRIO-LIBANÊS,Rua Martiniano de Carvalho,851,Nova Sede - (Martiniano),Bela Vista,1232030.0,35,0,0,0,0,1,2,13,5,6,2,2,2,1,1,1,0,1,0,0,1,0,1,932,12000,15,15,11,4,0,0,0,3,12,5,0,5,5,5,0,1,3,4,3,3,1,0,11,2,1,1,0,0,15,0,0
2024,Sudeste,3,São Paulo,SP,35,São Paulo,3550308,1,Metropolitana de São Paulo,15,São Paulo,61,3,2,4,0,0,FACULDADE HUB LTDA,18622,26719,Faculdade HUB Educação,HUB,Alameda Vicente Pinzon,54,8º Andar,Vila Olímpia,4547130.0,3,0,0,0,0,1,0,2,0,0,0,0,0,0,0,0,0,1,0,1,1,0,0,30,17000,4,4,0,4,0,0,1,3,0,1,0,1,0,3,0,0,0,1,2,1,0,0,2,0,2,0,0,0,4,0,0
2024,Sudeste,3,São Paulo,SP,35,Limeira,3526902,0,Piracicaba,6,Limeira,27,3,2,4,0,0,SOCIEDADE REGIONAL DE ENSINO E SAUDE LTDA,1547,27029,Faculdade São Leopoldo Mandic de Limeira,SLM Limeira,Rodovia Deputado Laércio Corte,3000,(SP-147),Graminha,13482890.0,24,0,0,2,0,7,7,5,2,1,0,0,0,0,0,1,0,1,1,1,1,1,1,38653,15535,41,41,25,16,0,0,2,9,30,22,0,22,17,2,0,2,5,8,5,8,4,9,38,0,0,1,0,2,41,0,1
2024,Sudeste,3,São Paulo,SP,35,Registro,3542602,0,Litoral Sul Paulista,14,Registro,55,3,1,2,0,0,CENTRO ESTADUAL DE EDUCACAO TECNOLOGICA PAULA SOUZA,33,28985,Faculdade de Tecnologia de Registro,FATEC-REG,AV. CLARA GIANOTTI DE SOUZA,257,-,CENTRO,11900000.0,2,0,0,0,0,0,1,0,1,0,0,0,0,0,0,0,0,0,1,1,0,0,1,10,10,15,15,7,8,0,0,11,4,0,0,0,0,0,15,1,2,0,6,2,3,1,0,9,2,3,1,0,0,15,0,0
2024,Sudeste,3,São Paulo,SP,35,Barretos,3505500,0,Ribeirão Preto,2,Barretos,9,3,1,2,0,0,CENTRO ESTADUAL DE EDUCACAO TECNOLOGICA PAULA SOUZA,33,28986,Faculdade de Tecnologia de Barretos,FATEC-BAT,Rua 18,535,-,Centro,14780060.0,6,0,0,0,0,0,0,3,0,1,0,2,0,0,0,1,0,0,1,1,1,0,1,50,10,15,15,7,8,0,0,2,8,5,0,0,0,0,15,0,2,2,8,1,1,0,1,10,1,2,0,0,2,15,0,0
2024,Sudeste,3,São Paulo,SP,35,Votorantim,3557006,0,Macro Metropolitana Paulista,12,Sorocaba,46,3,1,2,0,0,CENTRO ESTADUAL DE EDUCACAO TECNOLOGICA PAULA SOUZA,33,28988,Faculdade de Tecnologia de Votorantim,FATEC-VOT,Avenida Juscelino Kubitschek de Oliveira,279,-,Centro,18110008.0,9,0,0,0,0,0,1,2,2,3,0,0,0,0,1,0,0,0,1,0,0,0,0,0,0,43,43,14,29,0,0,10,16,17,5,2,3,14,24,0,3,5,4,6,8,8,9,30,0,5,3,0,5,43,0,0
